id,y,big__big_f_bp_0_500__meanch,big__big_f_bp_0_500__stdch,big__big_f_bp_10000_20000__meanch,big__big_f_bp_10000_20000__stdch,big__big_f_bp_2000_5000__meanch,big__big_f_bp_2000_5000__stdch,big__big_f_bp_5000_10000__meanch,big__big_f_bp_5000_10000__stdch,big__big_f_bp_500_2000__meanch,big__big_f_bp_500_2000__stdch,big__big_f_f_dom__meanch,big__big_f_f_dom__stdch,big__big_f_rolloff_85__meanch,big__big_f_rolloff_85__stdch,big__big_f_spec_bw__meanch,big__big_f_spec_bw__stdch,big__big_f_spec_centroid__meanch,big__big_f_spec_centroid__stdch,big__big_f_spec_entropy__meanch,big__big_f_spec_entropy__stdch,big__big_t_crest__meanch,big__big_t_crest__stdch,big__big_t_energy__meanch,big__big_t_energy__stdch,big__big_t_kurt__meanch,big__big_t_kurt__stdch,big__big_t_maxabs__meanch,big__big_t_maxabs__stdch,big__big_t_mean__meanch,big__big_t_mean__stdch,big__big_t_ptp__meanch,big__big_t_ptp__stdch,big__big_t_rms__meanch,big__big_t_rms__stdch,big__big_t_skew__meanch,big__big_t_skew__stdch,big__big_t_std__meanch,big__big_t_std__stdch,big__big_t_zcr__meanch,big__big_t_zcr__stdch,big__big_tf_stft_0_500_mean__meanch,big__big_tf_stft_0_500_mean__stdch,big__big_tf_stft_0_500_std__meanch,big__big_tf_stft_0_500_std__stdch,big__big_tf_stft_10000_20000_mean__meanch,big__big_tf_stft_10000_20000_mean__stdch,big__big_tf_stft_10000_20000_std__meanch,big__big_tf_stft_10000_20000_std__stdch,big__big_tf_stft_2000_5000_mean__meanch,big__big_tf_stft_2000_5000_mean__stdch,big__big_tf_stft_2000_5000_std__meanch,big__big_tf_stft_2000_5000_std__stdch,big__big_tf_stft_5000_10000_mean__meanch,big__big_tf_stft_5000_10000_mean__stdch,big__big_tf_stft_5000_10000_std__meanch,big__big_tf_stft_5000_10000_std__stdch,big__big_tf_stft_500_2000_mean__meanch,big__big_tf_stft_500_2000_mean__stdch,big__big_tf_stft_500_2000_std__meanch,big__big_tf_stft_500_2000_std__stdch,big__big_tf_stft_mag_mean__meanch,big__big_tf_stft_mag_mean__stdch,big__big_tf_stft_mag_std__meanch,big__big_tf_stft_mag_std__stdch,big__big_w_wav_E_L0__meanch,big__big_w_wav_E_L0__stdch,big__big_w_wav_E_L1__meanch,big__big_w_wav_E_L1__stdch,big__big_w_wav_E_L2__meanch,big__big_w_wav_E_L2__stdch,big__big_w_wav_E_L3__meanch,big__big_w_wav_E_L3__stdch,big__big_w_wav_E_L4__meanch,big__big_w_wav_E_L4__stdch
good/蛋1.xlsx,0,1.012160219888042e-06,3.531451031506917e-07,8.170729145499089e-07,2.3211358351143924e-08,3.237963799598142e-07,2.2990943599658698e-08,1.257749851493789e-06,4.1406013049684876e-08,6.860650477392184e-07,9.328523383950238e-08,3445.3125,3023.4375,18609.375,796.875,7679.571866782955,26.470675670612763,7759.1850720837465,550.8237166610229,5.126794563020036,0.17204365337732952,8.539378587663052,0.41600794190082624,0.02088331614583349,0.0008862836458333277,6.031251413924646,0.36664383786211285,0.01778927083333348,0.0004894791666666398,1.2163881013549372e-16,2.8611372530444137e-17,0.029000000000000026,0.0010000000000000009,0.002085361104014396,4.427109191301043e-05,0.3362830270874835,0.09977531826195771,0.002085361104014396,4.427109191301043e-05,0.3692435924150865,0.0016670139612419144,0.00019813658397183976,1.558465904546659e-05,0.00027598541290032994,5.34700750998394e-05,6.316444049637125e-05,5.219837721466149e-07,3.8741421876606166e-05,1.2370441100431075e-07,7.235756539578549e-05,2.7726523626851187e-06,4.389480096260402e-05,1.6305575491298978e-06,9.378671944865579e-05,1.1204750082176583e-07,9.244943706920031e-05,2.52552682723843e-07,0.00010106479149153996,5.163088016315906e-06,0.0001342923892915997,1.4418005178717803e-05,7.82539046197817e-05,3.0949884724367096e-07,8.29212152203571e-05,3.1530166072292176e-06,0.00683097665579185,0.0009400401704008003,0.0006479521853358053,2.072188939875925e-05,0.0025430441445777737,0.00019578946668917258,0.004977989623260153,4.7192614759903294e-05,0.0060269339679543295,1.2249338524887576e-05
good/蛋10.xlsx,0,6.298059280664468e-08,8.40399331010857e-09,8.162378890895047e-07,4.734075925247733e-12,2.8538380031852494e-07,8.45782854939893e-09,1.2742304873470154e-06,6.263183305775939e-08,1.0406495883032576e-07,1.905147484103073e-09,6445.3125,23.4375,22078.125,46.875,6952.645896226463,21.581742458834015,11480.130293849055,113.59804842287394,5.403076725429951,0.03778413364989186,4.906515736809521,0.05551658477128241,0.014649803645833428,0.0004172555208333149,2.0386832514562885,0.02943475659446282,0.008569479166666727,2.5104166666678474e-05,9.390636416621116e-17,1.1426045295100568e-17,0.016999999999999904,0.0,0.0017468323698693225,2.4881675828300367e-05,-0.19884633300572746,0.018259942997061254,0.0017468323698693223,2.4881675828300476e-05,0.41508647634923945,0.007084809335278192,7.666905112088074e-05,1.8615507642256773e-06,5.291769308195959e-05,3.8047165790706945e-06,6.36084834348753e-05,1.4156200106247901e-06,3.9034538111724185e-05,6.817544125645731e-07,7.02650407396385e-05,7.875245855228525e-07,4.554110573381584e-05,1.1878607018709681e-06,9.344503076769476e-05,2.1897934608729083e-06,9.405743432623684e-05,1.8099681053231976e-06,5.980886884660604e-05,1.7847176893972086e-06,3.2825774898687295e-05,3.4340328876314487e-06,7.268171963083924e-05,1.500186983779679e-06,6.201782955850296e-05,2.3496627503732454e-07,0.0006427950078388366,5.792485218604655e-05,0.0006044500005123845,5.261023224832108e-07,0.00246688261179287,9.234211578425027e-06,0.004932836757868817,0.00014254346297192227,0.006047275043956713,0.0002298675888295367
good/蛋11.xlsx,0,8.314753615570948e-08,1.6434481971810983e-09,8.733874320081234e-07,1.014805314189363e-07,3.263907248056574e-07,1.6473550622374744e-08,1.2507519245185026e-06,1.7941757293995853e-08,1.2112653591595822e-07,1.179752097881711e-08,6468.75,46.875,21984.375,93.75,7004.348368757215,2.897286823521881,11323.682882894727,125.63735117180659,5.563260843055005,0.03992966505275897,15.07717681836892,10.282041664555472,0.016503274479166788,0.0009384846875000073,44.40586750259202,42.480409519046034,0.028487604166666625,0.019852812499999928,7.387609043026562e-17,1.1981156807413147e-17,0.03649999999999998,0.020499999999999963,0.0018534832957668548,5.274329789637386e-05,-1.8364509937686617,1.6968339529512821,0.0018534832957668548,5.274329789637386e-05,0.42206709731194,0.0032298395499062438,8.64683374301321e-05,3.7298296761991873e-06,6.409098215849875e-05,1.6108933004901855e-06,6.663941606007193e-05,2.702937911477137e-06,4.498744556131322e-05,2.8084196644130576e-06,7.686862180010024e-05,3.276221046376123e-06,4.685850928659527e-05,2.996605553038997e-06,9.841852680561807e-05,5.204192126327624e-07,9.54898286319276e-05,7.927618193875844e-07,6.330633438472375e-05,1.9190533580891193e-06,4.112248571745229e-05,2.2620796503836496e-06,7.711765622394275e-05,2.0019197913632286e-06,6.591081852673804e-05,1.1132206101505777e-06,0.0008093271057841719,5.564675259245663e-05,0.0006703478481189235,0.00011769495306555822,0.002726591791670414,0.00010310592799661232,0.005451039316863688,0.0001759799526368129,0.006918628222079032,0.0005089825030204658
good/蛋12.xlsx,0,1.1621465967001973e-07,9.023458266089803e-09,8.366209107579501e-07,5.149486869329877e-09,2.5864514446213706e-07,5.890668415423785e-09,1.243390790884679e-06,2.4331065955986113e-08,1.0266843270907493e-07,6.392531445515523e-09,6468.75,46.875,22054.6875,70.3125,7051.860078154114,21.78291766762186,11441.948756974398,69.71984458481074,5.454665351488769,0.04401579466345451,8.869731077357198,3.620642414563595,0.015531289895833427,0.0002905432291666673,4.36734563791202,2.388781554888084,0.016015104166666627,0.0066617708333333026,3.700743415417191e-18,5.301314942585123e-17,0.024499999999999966,0.00649999999999995,0.0017987224043369055,1.6825786809509516e-05,0.016165863350775425,0.25886137280864224,0.0017987224043369055,1.6825786809509516e-05,0.42185872056678475,0.008439258178787268,9.094189247549098e-05,4.097138842952033e-06,8.004296850630124e-05,5.046914255644937e-06,6.650551462640249e-05,1.420493765654723e-06,4.143543646599938e-05,1.270843882042573e-06,6.96786721571996e-05,2.128627801448093e-06,4.138395533910601e-05,1.0020778127869602e-06,9.498558070034668e-05,7.677751888010296e-07,9.35708399329668e-05,9.304148895367882e-07,5.941831760813904e-05,6.864485188090477e-08,3.589978860527989e-05,4.428331487285723e-06,7.479640167083339e-05,1.2931817574016126e-06,6.300681621983532e-05,1.5646467750555715e-06,0.0009590535368106538,4.439455936490423e-05,0.0005141808346996982,3.706777617987965e-05,0.00237359047783947,2.7014773030805284e-05,0.005213136749784226,0.00016581548194792226,0.00665638175551874,1.9511154649687855e-05
good/蛋13.xlsx,0,1.184301444651657e-07,9.119711352167794e-09,8.594627594329954e-07,6.357935143117351e-08,2.901824269911303e-07,2.3020602127198875e-08,1.3471541659276248e-06,8.513609359895785e-08,9.496000449395731e-08,1.3651964929239835e-08,6492.1875,23.4375,22171.875,0.0,7128.351569334465,11.392164115759442,11616.390590092304,64.7199621971995,5.371953503095808,0.009120432050215399,5.850201161575674,0.09827109309068849,0.01497349322916676,0.0004132934374999958,2.3627784225230384,0.16514308952845358,0.010329270833333348,3.093750000005002e-05,-7.489379486950535e-17,4.949744318120489e-17,0.018999999999999906,0.0,0.0017660360974734988,2.4377417766925777e-05,-0.20867920259487877,0.003283222853498566,0.0017660360974734988,2.4377417766925885e-05,0.42540112523442386,0.004271723275682454,8.565387687259817e-05,5.095826130653542e-08,8.243442453244101e-05,6.762822166686437e-06,6.353995399980732e-05,1.3678592269329866e-06,4.000838260005751e-05,1.8310965462576726e-06,7.025114457417429e-05,2.1675361751979106e-06,4.11202388200164e-05,1.8990599126166633e-06,9.364097633480507e-05,3.2866224740612507e-07,9.400709814499895e-05,4.017838456230951e-06,5.566300829888082e-05,3.6842930983460568e-06,3.554721729473829e-05,2.528827876473145e-06,7.25645750542559e-05,8.932867326227523e-07,6.330880802946433e-05,2.486157279004612e-06,0.00090827968424465,2.1630511902372346e-05,0.0004754847174993578,5.74760193832347e-07,0.002625257360201472,3.94336641748763e-05,0.004915854403604079,2.4365195906165572e-05,0.006147971334563437,0.00025094950098172777
good/蛋14.xlsx,0,1.3428843991602529e-07,1.1851637777015403e-08,7.965997711850369e-07,8.349562927261623e-09,2.6317924948457355e-07,2.0701461461502857e-09,1.292201702953389e-06,2.301734220728426e-09,1.2157047355122428e-07,1.6061692191079657e-08,6445.3125,23.4375,22101.5625,23.4375,7144.143444641884,60.392172015571305,11232.863957113073,104.35254889183852,5.445554786785334,0.029247615839685714,7.455754561320235,1.7731179752988084,0.015648924479166756,7.85346874999926e-05,2.620863568660408,0.7455756989716043,0.013470104166666608,0.003235312500000087,6.973588373426765e-17,1.5288696234942262e-17,0.02299999999999991,0.0040000000000000036,0.0018055946588694267,4.53074923233588e-06,-0.15921431882405124,0.01958398594927116,0.0018055946588694267,4.53074923233588e-06,0.4215461554490519,0.005001041883725799,8.767149029415972e-05,1.774802030031974e-08,8.950588055368401e-05,5.993366550359349e-06,6.499250610877909e-05,8.403152089684902e-09,3.9184588316786505e-05,4.039479475514786e-07,7.008236043976981e-05,1.376664585660228e-06,4.077023715950375e-05,1.8983771043426573e-06,9.669068635760966e-05,1.987068091397551e-06,9.35364680743535e-05,9.491505511296147e-07,6.166102408273874e-05,3.0456324322145475e-06,3.944678865174211e-05,3.3747027069772443e-06,7.49534257986607e-05,2.7025233933489543e-07,6.29909547113101e-05,7.463398979017311e-07,0.001086372464802738,9.86465325843091e-06,0.0005003407857500763,5.843469760106261e-05,0.0026099849120479433,5.956999317173039e-05,0.00509368061926829,0.00018872742823710948,0.006507089292670595,8.478823500920538e-05
good/蛋15.xlsx,0,6.287357527314572e-08,4.932325006703943e-09,8.0942312460465e-07,4.3248338492776213e-08,2.6200954345544314e-07,2.2718343114150983e-08,1.3081715517611614e-06,1.1051218472383982e-08,1.240848251083474e-07,1.3573628904625695e-09,6398.4375,23.4375,22101.5625,23.4375,7023.274035754586,27.16272077090889,11560.303485507771,111.77789662223222,5.431173594991096,0.007059954719677464,7.226184966090251,1.0935646306135745,0.014994446458333423,0.00018524333333333996,2.368837507573398,0.19193788600991768,0.01278354166666662,0.002011666666666745,-1.7231586528036284e-17,7.574959178432058e-17,0.02199999999999991,0.0010000000000000009,0.0017674059561537507,1.0917797627857254e-05,-0.1679486115937097,0.10827876163953623,0.0017674059561537507,1.0917797627857254e-05,0.4227964159199833,0.0016670139612419421,7.407659170524066e-05,7.886906968536541e-07,5.445025326993712e-05,3.845305497899094e-06,6.35101854872665e-05,7.36647204263802e-07,3.882464793723932e-05,9.108538335626329e-07,6.792581350460977e-05,3.3610753840798146e-06,4.079331058998471e-05,2.6254438067975317e-06,9.498747727656784e-05,1.1751069386456978e-08,9.126860554520408e-05,1.6800461658120832e-07,6.431748373160942e-05,1.1716738272991468e-06,4.125435380340614e-05,2.7130432126522736e-07,7.297953695624803e-05,4.041033865691878e-07,6.053624755324113e-05,2.8899291537838395e-07,0.0007618426455292529,3.17531356648997e-05,0.0004890569102978994,1.6084542995072114e-05,0.002749213486685888,1.0564925269041306e-05,0.004945858747886242,0.0001931949101268986,0.0061749739950063,3.61386827331606e-06
good/蛋16.xlsx,0,1.1002946015921785e-07,1.9419103429855615e-08,7.666174868832817e-07,1.2046662732080644e-08,2.6086535808852757e-07,1.197394810147089e-08,1.205442096562286e-06,2.2604265388505866e-08,1.2776626608539635e-07,5.456377550505331e-09,6492.1875,23.4375,22007.8125,23.4375,7100.120877483776,42.23156407578881,11175.32842569833,75.391151282196,5.444674938696775,0.062988757308438,6.08973007865931,0.032825553484486125,0.014984155833333412,0.0001348433333333383,2.001496557317858,0.04865455930359186,0.010759166666666653,9.583333333340605e-06,1.7879216625734292e-17,6.175615574477433e-18,0.018999999999999906,0.0,0.0017668151939143452,7.94999986639068e-06,-0.1605249498663815,0.024289790899971728,0.0017668151939143452,7.94999986639068e-06,0.4231089810377162,0.00010418837257761271,8.505976184987682e-05,6.650736456437194e-06,7.74020179484268e-05,7.996749641267535e-06,6.403880519904149e-05,3.848346900849959e-07,3.875964480570721e-05,4.1234422134764907e-07,6.854765308249868e-05,2.279607854585808e-07,4.13490422073121e-05,6.544237458518544e-07,9.576868583924448e-05,3.466656143900481e-07,9.118725954970202e-05,2.8429660593068008e-06,6.424042092630604e-05,1.632940798726501e-06,4.132529818086856e-05,2.6945831979342015e-06,7.37817861730524e-05,4.856254040139154e-07,6.15918091854434e-05,1.4974443155316286e-06,0.0009395798163410979,5.825261253501187e-05,0.0005017522275151335,5.998181832111819e-06,0.0024174581987223085,3.7431804662813256e-05,0.00500968573802511,7.088387932186087e-05,0.0061906427092160085,6.51589103732096e-05
good/蛋17.xlsx,0,9.964553853327009e-08,1.5150105568575647e-08,8.163720659590237e-07,8.906397956817362e-09,2.772322316385354e-07,7.47302859727578e-09,1.3313903872520074e-06,2.0197712542944302e-08,1.2086023062925884e-07,1.0181656959306927e-09,6445.3125,23.4375,22031.25,140.625,7028.445988755828,14.939891037515281,11279.416019947264,228.9486498372571,5.387154054309326,0.015089924645429686,6.744128138939466,2.0379228879380915,0.015061790625000097,0.0004517325000000065,2.038384333234984,0.7373825302857342,0.011999375000000034,0.0037887500000000074,-6.661338147750939e-17,2.3592239273284576e-17,0.020000000000000018,0.0040000000000000036,0.0017712050263708654,2.656692367592004e-05,-0.10156651982431611,0.11284882746152447,0.0017712050263708652,2.656692367592015e-05,0.42644300896020004,0.008022504688476761,8.498443384314454e-05,7.0097994330534335e-06,7.099261352802831e-05,6.45928526385819e-06,6.418798127173057e-05,9.006970487610659e-07,3.835714096727395e-05,1.219329670662476e-07,6.934886580177648e-05,1.563533634294588e-06,4.0285574450487475e-05,2.096091390223519e-06,9.527499225876191e-05,5.043533726899495e-07,9.502607646735822e-05,1.5015524359228514e-06,5.9718983253979674e-05,1.098527894161183e-06,3.979510448938536e-05,2.2933153165164307e-06,7.37205755322501e-05,1.4112644732711885e-06,6.206324090065797e-05,8.001588580631844e-07,0.0008961838663579703,0.00012418063197606143,0.000507314379929127,1.189483175255689e-05,0.002604184435477753,0.00021676429269703668,0.00506495175302603,4.6035735644361225e-05,0.006101811980593127,0.00020729487526323625
good/蛋18.xlsx,0,1.3353212863191034e-07,1.7339918427996215e-08,7.8032823061593e-07,6.462041068009939e-08,2.7207495081096764e-07,3.404821890163432e-08,1.2810999474693207e-06,5.153008410344276e-08,1.411433390591248e-07,1.2739097756804563e-08,6492.1875,23.4375,22031.25,46.875,7162.269728002246,60.197376941998755,11129.745664451959,4.987407953455659,5.414421160554508,0.027765083895132214,7.012744923714701,1.4730408896998983,0.015786010729166744,0.0007827859375000128,2.575853477065246,0.670405630204121,0.012779895833333388,0.002985937500000091,-2.777870526197527e-17,8.782326717711915e-17,0.022500000000000075,0.0045000000000000595,0.0018129338959175006,4.497693049180466e-05,-0.12678569045367533,0.036539449272283836,0.0018129338959175006,4.497693049180466e-05,0.4231089810377162,0.001771202333819527,9.094755399002288e-05,5.244985186766503e-06,8.936104010547435e-05,4.5803631922102e-06,6.391907736967678e-05,2.7618531479758118e-06,3.98081677288262e-05,3.4189475662944112e-06,7.106694174337325e-05,3.766884962815279e-06,4.113310573628645e-05,3.1570995443919457e-06,9.663960697263945e-05,3.559804719887539e-07,9.440189654120956e-05,1.2619127247212152e-06,6.194589155520633e-05,1.00532232944478e-06,4.5547090492213376e-05,4.738942919625434e-06,7.469247082881933e-05,2.0375764736710596e-06,6.388942955750857e-05,2.763219988292313e-06,0.001079531221789261,6.502434619888933e-05,0.0005599809390664804,3.39435080153489e-05,0.0025594429902720426,0.00020716609190711706,0.005207868927422048,0.0001368339322678322,0.006484591887257773,0.0005683266029729598
good/蛋19.xlsx,0,7.563530348728703e-08,3.261453726739142e-09,8.179343840012299e-07,7.089028506994284e-09,2.6535035277849785e-07,2.2748626922917683e-09,1.2653295039469949e-06,6.210528404418813e-08,1.0549753451710647e-07,6.748459534163196e-09,6445.3125,23.4375,21867.1875,304.6875,6989.3953619673675,93.6138233400552,11514.448774762699,246.12030944685011,5.425079390192526,0.0328021094048383,7.562143823529589,2.49906538521848,0.014673353229166746,0.0002826865625000178,2.7399155383812164,0.8896080872129999,0.013263229166666779,0.00449656250000019,8.571846935960063e-17,1.3068250185691948e-16,0.021499999999999964,0.0045000000000000595,0.0017483320379961835,1.6842634171958964e-05,-0.07621106702439627,0.044563918524096996,0.0017483320379961835,1.6842634171958964e-05,0.42696395082308813,0.0012502604709314358,8.117590842093371e-05,3.7274516091284437e-06,5.9325031052870574e-05,2.310649615053105e-06,6.391843927057686e-05,2.4568760525268656e-06,3.998248199013755e-05,6.615790016571486e-07,6.929499246171289e-05,5.025645209924822e-07,4.0718503105044664e-05,1.7327725828089288e-06,9.361202536906096e-05,1.2390808349796464e-06,9.438463459913245e-05,9.612343094303648e-07,5.931053229889074e-05,6.316170107220978e-07,3.6899569081952284e-05,6.923692466226573e-07,7.298715543598125e-05,1.645842491894203e-06,6.2447939375967e-05,1.896791537474017e-07,0.0007642220230109777,1.642919205132416e-05,0.0005395277782937524,6.344698124067269e-06,0.002518769949453439,2.9085549422990485e-05,0.00483512280610888,0.00019195601741273756,0.006106353118217282,0.00010639233513974914
good/蛋2.xlsx,0,5.750531296509795e-08,9.208887123559912e-09,8.202981764966224e-07,6.939028280338707e-08,2.701523208607679e-07,1.1130001327420425e-08,1.3053651299463546e-06,9.439148565235653e-08,8.548042595659677e-08,1.636979927580824e-09,6445.3125,23.4375,22078.125,0.0,6886.88826171897,84.00986119434538,11526.589453375684,43.85874485122167,5.376858187289672,0.03923263311804304,5.932167859617988,0.08047045869874836,0.014991211979166814,3.6412812499997393e-05,2.34458352926193,0.0893787170770417,0.010483437500000026,0.00012947916666661285,4.077756650862814e-17,7.17712926127471e-17,0.019999999999999907,0.0010000000000000009,0.001767247734706707,2.146275945128038e-06,-0.13767779450197976,0.07648183390974833,0.001767247734706707,2.146275945128038e-06,0.4090435507397374,0.007293186080433417,7.65610689195726e-05,2.8982893013381397e-06,4.579786327608604e-05,1.281875113976005e-06,6.400866716884701e-05,8.885948676859082e-07,4.0359769111701584e-05,5.057079400783578e-07,6.99131330282167e-05,7.56690061862616e-07,3.933530048796914e-05,8.698962654771195e-07,9.543536579176916e-05,7.79027276064227e-07,9.61023457092606e-05,1.4685267932027353e-07,5.6076037359782677e-05,7.194466263535234e-07,3.085305464041872e-05,8.567664065548137e-07,7.315327052565721e-05,1.347633058091936e-07,6.212474573595601e-05,9.704448847091087e-07,0.0006558218694888052,7.702479573054843e-05,0.0005088589944213139,1.1967499928622794e-05,0.0025565452078853417,6.277053941777149e-05,0.005147300747895622,4.85367989900105e-05,0.006243852735231795,7.804593631577069e-05
good/蛋20.xlsx,0,7.142945174939356e-08,5.2378402247532564e-09,8.613930448103853e-07,4.994916203566641e-08,2.7286366318069296e-07,3.2166696647174817e-09,1.3582390639486345e-06,1.6616620871633028e-08,1.066811643454603e-07,7.274865417911237e-09,6445.3125,23.4375,22125.0,46.875,7030.493104966385,19.090947386753214,11698.15467705278,211.9212351755068,5.416855751439293,0.022578672556595958,5.423877891694761,0.2538526550061402,0.01534655958333342,0.0002006270833333438,2.107759174931269,0.012605455693320167,0.009701041666666632,0.0005172916666665861,2.838007606698056e-17,2.5280703456568667e-17,0.01849999999999996,0.0004999999999999449,0.001788033361622205,1.1688067439037902e-05,-0.217561198133432,0.04947019564423412,0.001788033361622205,1.1688067439037902e-05,0.436340904355074,0.005209418628880996,7.92100775486471e-05,8.260938582518271e-07,5.533156086133554e-05,4.429345522968338e-07,6.490975228725742e-05,5.343831879091023e-07,3.951005331427328e-05,6.682582299399855e-07,6.89279636923416e-05,3.6444835322439154e-07,4.22376591452307e-05,1.9736033623565807e-06,9.393240283823867e-05,7.505698903838778e-07,9.580938457499588e-05,5.09181138051991e-07,5.799171950209546e-05,1.6224333060509645e-06,3.769763847455761e-05,4.570365810038875e-07,7.371340731300272e-05,1.1446525609168845e-07,6.26722143315982e-05,3.6891981887402246e-07,0.0007531335354373765,1.2399073752871446e-05,0.0005092296149399422,1.1770394918164445e-05,0.002584241782889074,3.4801518527299976e-05,0.005137639022234872,0.0001698280902564771,0.006455876702175631,7.4502052332804485e-06
good/蛋21.xlsx,0,8.531702474843509e-08,1.8735979310461815e-08,8.932760556439471e-07,2.9059219234581377e-08,3.1247555449217624e-07,4.086745106478768e-09,1.4289865515698154e-06,6.872448284656004e-09,1.2939825077269912e-07,2.3490242029967528e-08,6468.75,0.0,22101.5625,70.3125,7068.739806764985,137.73999756675175,11511.553558007485,120.89290450274348,5.3908541905628,0.029351948970411712,8.391171758631145,2.4044959055567077,0.0161533723958334,0.00016837239583334697,3.2734671435528035,1.3782991989083113,0.015416145833333283,0.00449114583333321,-7.908026085819606e-17,1.8371878092911705e-16,0.025000000000000022,0.0050000000000000044,0.0018344466486543108,9.560807475925462e-06,-0.08831727422590685,0.16388524346478694,0.0018344466486543108,9.560807475925462e-06,0.4243592415086476,0.007188997707855804,8.382167722091586e-05,8.987108637705664e-06,6.414558766692823e-05,6.433630022333214e-06,6.558850520350251e-05,6.628603916173558e-07,4.053584876958865e-05,7.742793953114755e-07,7.37776874851269e-05,8.249023781722504e-07,4.367423149072675e-05,2.6732941964304884e-07,9.767328029514836e-05,3.098089498838587e-07,9.712646761327837e-05,5.329890260409909e-07,5.9908018175703045e-05,1.276171185503455e-06,4.111100840469368e-05,6.003245385737727e-06,7.579657056783673e-05,9.356296789607101e-07,6.397415727424359e-05,2.001103270535444e-06,0.000855495795778893,0.0001531399270034183,0.0005680890392759331,5.757458847561949e-07,0.002806077281041039,5.739905186595627e-05,0.005337862277100907,5.7417171678569075e-05,0.006657890612420461,0.00012125123197016937
good/蛋22.xlsx,0,1.9047415584226838e-06,5.246302533681129e-07,8.469053466774385e-07,1.7741289341535559e-09,4.2039080934415805e-07,9.318604209922625e-08,1.2843676042545022e-06,3.598780200713833e-08,2.3776029518263053e-06,1.3669510306842917e-06,398.4375,210.9375,13804.6875,4054.6875,7020.860963776775,594.7505531620504,5576.0278074736725,1457.0435756508118,4.762442614505502,0.28932534254501974,9.433648078242811,2.1836859230914576,0.03122231791666677,0.007666081250000005,19.28248011323103,13.79538969232832,0.024563958333333358,0.008503124999999945,-1.8434328138046867e-17,1.184469189396964e-16,0.04800000000000004,0.016000000000000014,0.0025308281054239436,0.00031552918528797804,-0.26336978029496927,0.38358285961946254,0.0025308281054239436,0.0003155291852879778,0.3963325692852678,0.0054177953740362494,0.0002108149027153308,4.180800032806473e-06,0.00038540812280995216,5.855404999147984e-05,6.549910593102977e-05,2.2418514528398825e-07,3.887569914620478e-05,4.4343358848763617e-07,7.959113653910755e-05,2.3094809952624738e-06,4.880902849168444e-05,8.619922748834644e-06,9.542673465857484e-05,8.155888243337449e-07,9.086482479538592e-05,1.962053723258683e-06,0.00012130361554716401,1.0698383320469473e-05,0.00024334327380790103,6.931884585032366e-05,8.227446497926102e-05,4.4429505423217023e-07,0.0001059887852717758,1.5344728696929418e-05,0.016098412118854273,0.007921944951635252,0.0011707948533221072,1.1055356486075084e-05,0.002808007161360328,6.946394024998212e-05,0.004996164027246189,0.00011779792785373546,0.006232679086221598,0.00010361587400802875
good/蛋23.xlsx,0,4.396287316216557e-07,1.403337058438272e-07,8.797548687763088e-07,3.8406540804418223e-08,2.7571166084799085e-07,9.431420364639705e-09,1.2793007758147391e-06,6.058839756947205e-08,4.1494437620819437e-07,5.0923654338762677e-08,6468.75,46.875,20929.6875,117.1875,7598.79321280727,157.66632993815938,9619.885114199704,437.6745960699018,5.373851381091294,0.06467703683535708,6.372567035291652,0.15424327764471135,0.0182036914583334,0.000607066666666661,3.609840057260847,0.29319331569966245,0.012413333333333276,0.0005072916666665206,-8.252657816380331e-17,9.177843670234629e-17,0.02300000000000002,1.1102230246251565e-16,0.0019471468899236004,3.247629207552569e-05,-0.1012145641196878,0.009263293110361885,0.0019471468899236004,3.247629207552569e-05,0.4252969368618462,0.00041675349031050635,0.00012151514941865872,1.1566206669915323e-05,0.00017613060962134953,3.115803852229167e-05,6.629231320446767e-05,1.3431152571683898e-06,4.0372564995724426e-05,2.796632969003883e-07,7.013052760413896e-05,1.0852542398516384e-06,4.014703360643992e-05,2.4836708063957514e-07,9.5367429905362e-05,1.7676009535280346e-06,9.234432373940389e-05,9.028232231794974e-07,7.776073934955794e-05,2.7432200615489977e-06,8.990249665327452e-05,9.38829594248538e-06,7.677591675013018e-05,2.9605617670500994e-07,6.92629238897138e-05,2.496530594925687e-06,0.0034438830404954724,0.0007691735357968534,0.0006660621575684551,5.4850112982943536e-05,0.0025432200925688472,0.00012850634416523084,0.005130235264684523,5.403694055927059e-06,0.006493335659187945,6.043755768552969e-05
good/蛋24.xlsx,0,1.8280253140679328e-07,3.084950026501747e-08,8.321898899898386e-07,4.4922106708663416e-08,3.1110590651632387e-07,5.60487231205942e-09,1.2240324069557014e-06,1.2998464426934527e-08,1.421989600268917e-07,1.9890631186704578e-08,6421.875,0.0,21796.875,140.625,7227.812875948518,40.85013042646824,10854.808259479518,170.1208335894935,5.465253017344428,0.0019221765304715532,7.508984216557176,1.553373179975189,0.016404498958333406,0.000334134166666656,2.365304823521371,0.3214003017068112,0.01391020833333334,0.0030129166666665874,3.4995154922038786e-17,8.148574407821721e-17,0.022499999999999964,0.0035000000000000586,0.0018485803862532946,1.8828308803846023e-05,-0.036733186266338445,0.03898842840222317,0.0018485803862532946,1.8828308803846023e-05,0.4359241508647635,0.005626172119191475,9.748058687009456e-05,3.98062758710264e-06,0.00011262737130338782,7.151323748287144e-06,6.648106120785586e-05,1.9137522021699024e-06,4.2996453156151905e-05,6.321164198929555e-07,7.577656161945297e-05,1.7871861104885265e-06,4.5887416441493434e-05,2.006175434606845e-06,9.553263971972377e-05,1.0200592886396855e-06,9.56051946372178e-05,2.666279281550839e-07,6.413869374714221e-05,2.974871683915657e-06,4.531809820517587e-05,3.7069926390338207e-06,7.664979522221526e-05,7.047929572518883e-07,6.697578728925201e-05,5.19360295288104e-07,0.0013165363266329972,1.1687694460349603e-05,0.0005931214525912506,6.464737894562047e-05,0.002633859706634081,0.00017410608501677445,0.005255621178622433,0.00011899045009119286,0.0066992936202212566,0.00030363307944548555
good/蛋25.xlsx,0,2.777477364470444e-07,1.3736511117802125e-10,9.196061991096285e-07,6.936418395164142e-08,3.155814234378623e-07,3.2396076529423867e-09,1.3085577131262726e-06,9.70247224193392e-08,3.3083166515725136e-07,5.710463126181817e-08,6468.75,0.0,21515.625,468.75,7449.791948110218,60.22936950186977,10276.634796910746,170.80266053173364,5.416894047255645,0.005919363570789926,11.004853909542561,5.097488732125352,0.017104086458333417,0.0007876366666666641,9.090849737304946,6.968102402174412,0.0209897916666667,0.010098333333333431,-4.993690646178569e-17,1.5982585625332982e-17,0.03149999999999997,0.010500000000000065,0.0018871834201393753,4.3475099047368356e-05,-0.676075504073625,0.4903902436472316,0.0018871834201393755,4.3475099047368465e-05,0.42144196707647424,0.004896853511148158,0.00010927676190412637,2.6919032135809995e-06,0.0001427917842469459,1.4630555846838244e-06,6.68278711053815e-05,4.0500593463857736e-07,4.0723251011117134e-05,1.5932719529558347e-06,7.316550861501529e-05,6.376257518328786e-07,4.532521450373259e-05,5.8069104003462746e-08,9.294351925908406e-05,1.4373351810821557e-06,9.297999046426538e-05,2.61648302996471e-06,7.383476424005598e-05,4.613970784490648e-06,8.332631743424959e-05,1.1010304168441083e-05,7.628480709423968e-05,8.380694202651714e-07,6.762696055981121e-05,2.4679269250664555e-06,0.0021849028621533408,0.00013010647984031684,0.0007153464720408029,6.112297138042715e-05,0.002867593255692266,2.4232304754249513e-05,0.004832748306369385,0.00017733531476960256,0.006545488666691296,0.0003842927546262053
good/蛋26.xlsx,0,7.210015195907335e-08,6.381273849850186e-09,8.828476717814228e-07,2.0551056881952596e-08,3.481552409858726e-07,4.146396153085108e-08,1.3648249295495289e-06,9.618030744022574e-09,1.1484265698060812e-07,1.8792132661362415e-09,6445.3125,23.4375,22078.125,46.875,7034.622221185205,65.72982614548528,11485.874792538096,96.0585200591131,5.436569926939031,0.02800016112311754,8.052077600872149,1.3009890842305092,0.015538722916666746,0.00021697625000001615,2.710576742173724,0.6363195394158341,0.014503541666666564,0.002441875000000149,1.320240213450082e-16,5.958196898821673e-17,0.023499999999999965,0.0025000000000000577,0.001799187631396833,1.256216545396534e-05,-0.1477275581478049,0.1467892384558678,0.0017991876313968329,1.2562165453965232e-05,0.43165242758908107,0.005730360491769115,8.146133676560952e-05,5.502896491520799e-06,5.169364952640264e-05,8.067343124935646e-07,6.511144438162749e-05,3.7379600241464235e-07,3.9557801424922954e-05,7.497322528074133e-07,7.565061851700397e-05,4.4277043143063025e-06,4.513520900862446e-05,1.9555672183354833e-06,9.43915195614617e-05,8.274653385957381e-07,9.554037160784161e-05,4.2453599575327587e-07,6.198365362633233e-05,3.0766596179741557e-07,3.833972368238778e-05,2.191078856799952e-06,7.483342413547858e-05,5.890675098349388e-07,6.219834028105116e-05,7.936995172759968e-07,0.0008195046100682411,7.096541385124899e-05,0.000587552663499665,0.00011024649169723923,0.0028110286788463747,5.90974382535781e-05,0.005140539424690395,3.603774026154872e-05,0.006323534362525407,0.00012694698748634634
good/蛋27.xlsx,0,1.5884703753796497e-07,5.753208810524948e-08,8.603663344074463e-07,4.3516484488710495e-08,3.015755178094338e-07,1.0689756435753228e-08,1.2770468860266214e-06,2.1167438386269835e-08,1.3710471616379297e-07,1.8848934563354385e-08,6468.75,0.0,21539.0625,23.4375,7082.705227332535,126.81017219938713,10877.241480687582,105.05335156608999,5.4808973563153565,0.027684630095553775,6.644290462470153,0.4197983003275687,0.015370134479166726,0.0006497353124999983,1.9053737029604325,0.04802773065638499,0.011902812499999915,0.0010023958333332805,-5.488665077990618e-17,5.3545131291817446e-17,0.019999999999999907,0.0010000000000000009,0.0017890444907301525,3.783067557538923e-05,-0.11068535551881581,0.0035683635332852057,0.0017890444907301525,3.783067557538923e-05,0.42290060429256093,0.004896853511148158,9.396965373939729e-05,2.3227140371938153e-06,0.00010319354686271019,3.086328258148848e-05,6.621947923538576e-05,1.2444906060372717e-06,3.809769017318669e-05,7.952224561514255e-07,7.170572315959588e-05,6.200347869380439e-07,4.108905332969236e-05,1.6796980424695795e-06,9.433723376103063e-05,1.8354723143278718e-06,9.249320626356712e-05,5.36846740417402e-07,6.159491338965226e-05,7.732846369435969e-07,4.753056622562109e-05,9.908747225931454e-06,7.48028964640979e-05,1.069223204554482e-06,6.131022172730433e-05,1.932809283788127e-06,0.0012264661972009022,0.00036612114460367405,0.0005211876488418208,3.2059542804657476e-05,0.002757471283354476,3.69503771058227e-05,0.004957500258924977,0.00010211068886597412,0.006054015865009348,0.00024369009113884904
good/蛋28.xlsx,0,1.1290664677054482e-07,3.067679307576528e-09,8.376552676679334e-07,3.4164885767925174e-08,3.1562276996230365e-07,1.147707102555952e-08,1.3131951392117225e-06,6.879202070464199e-08,1.3798137636393486e-07,7.996102110133858e-09,6468.75,0.0,22031.25,93.75,7117.836801931971,60.206011644255796,11193.786111206215,200.13132643189056,5.42738901655444,0.01256798129621206,5.46531081440499,0.016195647793283197,0.015785007812500078,3.880468750001691e-05,1.9301279313855995,0.1089292279586429,0.009910937500000161,1.7187499999904432e-05,8.083811398051921e-17,9.63349770325787e-17,0.018500000000000072,0.000500000000000056,0.0018134327464223799,2.2290073651162973e-06,-0.11488154848612109,0.06970346684340072,0.0018134327464223803,2.229007365116189e-06,0.4185246926443009,0.00489685351114813,8.37732719596479e-05,2.3360567564199435e-06,7.974439347871896e-05,1.7600989347701766e-06,6.486556121106617e-05,3.949896399473867e-07,4.0697571250334356e-05,1.6374220945047491e-06,7.470511101998481e-05,5.19255347783221e-07,4.259259586886941e-05,1.0572909092292859e-06,9.628192193931078e-05,7.039444927832693e-07,9.629116602390589e-05,1.2804847594119817e-06,6.186536294920149e-05,3.4383912367384577e-07,4.574456901233432e-05,2.5481087662344088e-06,7.503388734669491e-05,1.7362099707467205e-08,6.44326810182865e-05,9.7473557970991e-07,0.0009436321820146597,1.4591499587886519e-05,0.0005710438757221489,6.570141534591292e-05,0.002798742342897222,0.0002755358365898915,0.0052348165240062375,0.0002272924635420815,0.006334328723674528,1.8250775006637028e-05
good/蛋29.xlsx,0,1.44586801594189e-07,2.816782147841694e-09,8.097373808179441e-07,3.9790610250396125e-10,3.093428705681121e-07,6.3850384046466635e-09,1.2552557746360694e-06,3.238403695098528e-08,1.6785226063632766e-07,2.1702521867574636e-09,6421.875,0.0,22054.6875,23.4375,7246.049234194019,18.676745296926583,10994.848184092052,17.607186354865917,5.483795333141545,0.0009619190336835892,5.271611145682549,0.24490668981069863,0.01579447958333341,0.0002000004166666739,1.8921518589830248,0.06771470016907388,0.009565208333333408,0.0005047916666666152,-8.164765160264171e-17,4.7184478546569195e-18,0.01849999999999996,0.0004999999999999449,0.0018139417497256235,1.1485140986066994e-05,-0.27368746901419694,0.033774621969500096,0.0018139417497256235,1.1485140986066994e-05,0.42592206709731195,0.0025005209418628993,9.226452589364411e-05,5.0864238522685076e-06,0.00010163242741258999,1.1915828822758076e-06,6.449452950044033e-05,6.190037096648202e-08,3.870434147755957e-05,3.5439250153689115e-07,7.324143434792057e-05,2.148372083457917e-06,4.471577412560988e-05,1.1611721357684158e-06,9.511815017517844e-05,7.628292460179937e-07,9.111197230664975e-05,4.3568313063349374e-07,6.498922754536819e-05,1.4742325521931258e-06,5.260916631025227e-05,2.0876095877925114e-06,7.505965850658207e-05,7.257195055772805e-07,6.285145312193355e-05,7.431651035559654e-08,0.0012029291026247589,5.187843996037672e-05,0.0005196643389935856,3.3269275498985437e-06,0.002692260235883706,3.073859419380092e-05,0.005099684960392637,2.761809943647997e-05,0.00638752050324139,8.490702079523007e-05
good/蛋3.xlsx,0,5.509876601368349e-08,1.4804398662140133e-08,7.426963899580911e-07,3.1258030859424646e-08,2.572346697366736e-07,8.531031310095975e-09,1.209300698835043e-06,2.1811846465224516e-09,8.548310963792658e-08,2.96702106034622e-09,6468.75,0.0,22125.0,46.875,6961.892399398183,5.330338064022726,11538.758841349987,58.956474448416884,5.362923666311113,0.01874453151383726,5.344291652548621,0.5131055472322332,0.014779677395833472,0.0003184692708333445,2.006447871706781,0.26154457774388185,0.009386979166666642,0.0010013541666665793,1.020017403874363e-17,8.870219373828074e-17,0.01749999999999996,0.0014999999999999458,0.0017546344360495397,1.8906435264751066e-05,-0.2243880457559415,0.028430046794034672,0.00175463443604954,1.8906435264750957e-05,0.41508647634923945,0.00458428839341532,6.824011821645989e-05,7.826045276737101e-06,4.83920617697533e-05,1.0887195354954736e-05,6.332181174941814e-05,7.979575910561115e-07,3.9456762615782355e-05,5.506263038327669e-07,6.871361195462812e-05,1.3968943713395934e-06,4.1289571280710696e-05,2.5668493909496946e-07,9.467809932641662e-05,7.899401291966548e-08,9.65618892184058e-05,1.5853951081818484e-06,5.679143215266303e-05,2.406160257480968e-07,3.251219262724124e-05,3.624675772744056e-07,7.269542332277322e-05,7.584602470334526e-07,6.352627278722605e-05,8.540080916565857e-07,0.0005875415593700451,7.381010284752862e-05,0.0005050276717509815,5.041328623725462e-06,0.0024292382550306323,6.844560656446412e-05,0.005007245554735668,6.211304984163812e-05,0.006289440324372305,0.00010993953271955627
good/蛋30.xlsx,0,2.2358071338219263e-07,8.260122289013358e-08,8.260309579588586e-07,4.0279972552752835e-08,2.9202512935702715e-07,2.3619179594054575e-08,1.2321581885342222e-06,7.581046604189026e-09,1.8691423801904066e-07,3.847682394026175e-08,6421.875,0.0,21070.3125,398.4375,7236.653717128106,120.60184203577501,10441.72387497529,370.3135264977691,5.446780651671275,0.003697037241269463,6.495235045903874,0.6977355256168436,0.016372991458333402,0.0007640166666666847,2.1879973649216664,0.005369193654659377,0.011962708333333238,0.0010083333333333888,-6.543376951384516e-17,5.3822687047973736e-17,0.020499999999999963,0.0015000000000000568,0.001846397039384506,4.310290135158359e-05,-0.13432814342052374,0.015163533533063663,0.0018463970393845057,4.31029013515837e-05,0.42477599499895813,0.0019795790789747802,0.0001029799600108566,7.1178304855708225e-06,0.00012902841321515935,2.8942743164489686e-05,6.645128508841574e-05,1.2058430654153166e-06,4.279863239336774e-05,1.3086189087558e-06,7.463626411637772e-05,4.582043944470795e-06,4.337345755018591e-05,4.3951549112776814e-06,9.568762854671658e-05,1.1419403406824445e-07,9.635326932045659e-05,1.286870185431051e-07,6.595825712319225e-05,1.1486199838902253e-06,6.158969587321457e-05,1.0565368705547804e-05,7.618588495745198e-05,1.3105331991769556e-06,6.823727021935025e-05,2.729874401403504e-06,0.001521619480386792,0.0004212033913313138,0.0006056353076394511,9.60584906823423e-05,0.002694793748557447,9.955033180648063e-05,0.005146771168423945,4.5281510481793436e-06,0.006471683747342441,0.00018604813147570908
good/蛋4.xlsx,0,5.2121998838187397e-08,6.367713463512756e-09,7.670129037338032e-07,4.518353816743698e-08,2.6835714253311365e-07,2.447203433832955e-09,1.2426870300138203e-06,1.8017790025699538e-08,9.350776539801272e-08,1.0326520183331913e-08,6421.875,46.875,22031.25,46.875,6884.426013606984,10.638327542891147,11438.165296730931,261.48672665985214,5.402163513793745,0.024837765138503,5.997576534533118,1.116019181145508,0.014734548958333454,7.329916666666547e-05,2.6814196121289524,0.39811499250766014,0.010512916666666539,0.001981458333333186,-1.6308713638816623e-16,8.180955912706624e-17,0.018999999999999906,0.0020000000000000018,0.0017520498588805365,4.357940969778955e-06,-0.2041661332609262,0.06235599537072707,0.0017520498588805365,4.357940969778955e-06,0.40862679724942697,0.0010418837257761826,6.966476847711437e-05,3.8092763731754407e-06,4.2228961713692016e-05,5.34209503022446e-06,6.271642969651409e-05,1.004283266741856e-06,4.049102108598179e-05,2.82619792742589e-07,7.003268989680557e-05,5.393784288896611e-07,4.27290634411583e-05,1.0238518267992493e-06,9.485582366686925e-05,1.5747125266979986e-07,9.473874926371092e-05,3.287733228817517e-06,5.944470527254189e-05,2.642766266576659e-06,3.339431640101943e-05,1.0497569402313092e-06,7.240241840133181e-05,2.3693269839729152e-07,6.211516119988634e-05,1.952674311662559e-06,0.0005775678356934654,9.681038201732786e-05,0.0005403222391175888,1.1000075884453882e-05,0.002564941268412652,7.006972413349652e-05,0.004954324233072467,5.795782338615697e-05,0.006204251533825537,0.0002250459853413351
good/蛋5.xlsx,0,6.368577139423308e-08,1.5548540313588235e-09,7.931912698914965e-07,4.7452972150372964e-08,2.6684880872952364e-07,3.557933356824573e-09,1.23980757082358e-06,3.3235791761333095e-08,1.142437306712068e-07,5.020660941408822e-09,6421.875,0.0,22148.4375,23.4375,7022.527063534397,3.209043265283526,11587.406201502024,181.2146281744108,5.403466139296728,0.025999214545028515,5.1344076171840936,0.23097244593088506,0.014818438958333468,0.0003416108333333242,2.0896958507320256,0.045303864471766264,0.009025416666666786,0.000509791666666759,-5.088522196198634e-17,1.1042093165751037e-16,0.018000000000000016,0.001000000000000112,0.0017569190540672412,2.0253899417379032e-05,-0.14586589433978364,0.019694923857694127,0.0017569190540672412,2.0253899417379032e-05,0.4151906647218171,0.009064388414252972,7.513387375470754e-05,3.140059114134554e-06,5.3498348281543384e-05,2.9216244715545292e-06,6.343089603629408e-05,4.826264037204655e-08,3.95528454987682e-05,4.0842122682955347e-07,6.938610704663046e-05,4.192202930501223e-07,3.9886275870662845e-05,2.3695823232628018e-07,9.267189462972892e-05,1.0447466040001868e-06,9.455238294082469e-05,4.502581155149393e-06,5.843806695568572e-05,1.1295431607754026e-06,4.050971616946495e-05,4.889848589660807e-07,7.259946764097018e-05,3.7565388963850993e-07,6.281747284404539e-05,2.9483606558350403e-06,0.0006815434091861478,2.784320698458279e-05,0.00048766587676880293,1.4222188485820417e-05,0.0024764652235780915,0.00022878524401941385,0.004863418700988458,4.606810843775337e-05,0.0063676387970781545,0.00014808061533953896
good/蛋6.xlsx,0,6.257044140067072e-08,9.666798373067554e-09,8.932412349085977e-07,6.773026339826143e-09,2.81028049572506e-07,1.4027293588139499e-08,1.3476525038992288e-06,5.83066422051573e-08,1.101605004566323e-07,1.118206161906701e-08,6398.4375,23.4375,21726.5625,398.4375,6871.347249420549,67.92266101990936,11455.70040492179,120.18551590343486,5.445948008291321,0.03442522775191792,15.458871810374806,5.529966353838364,0.015114696458333462,0.00017963166666668234,22.53617299169926,18.930486713252176,0.027489791666666763,0.009975833333333295,3.265906064105669e-17,1.6930901125533637e-17,0.03650000000000009,0.010500000000000065,0.0017744813049763906,1.0544845917492005e-05,-1.048561259265671,1.0318037201180639,0.0017744813049763906,1.0544845917492005e-05,0.41539904146697226,0.0003125651177328659,7.595718442135485e-05,4.5162889885808975e-06,5.0865657272997e-05,2.3515085968207746e-06,6.498288289098814e-05,5.306733309754993e-07,4.0222458273060276e-05,1.325018055090834e-07,6.884811101246394e-05,1.7675502662791283e-06,4.066564391118493e-05,6.721945837494764e-07,9.539030514490405e-05,1.3887987118538925e-07,9.643747377894473e-05,2.0433637677944654e-06,5.905338812141548e-05,2.9841807085299953e-06,3.6262519182403e-05,5.08175516101029e-06,7.336543487420537e-05,1.2349380936592125e-07,6.200017085951511e-05,1.0057250925653135e-06,0.0006932289279310629,4.02922408512615e-05,0.0005362155691543268,3.104493496048358e-05,0.0025028192046233646,9.039283465356361e-05,0.005365746720817521,0.00015472522125037315,0.006134668033655915,6.182648141627584e-08
good/蛋7.xlsx,0,5.7039947796846516e-08,1.4639992836778311e-09,7.832604772185424e-07,3.4466636551419286e-08,2.8326559516334234e-07,7.302570370428179e-09,1.226992290395261e-06,2.0585669788080156e-08,1.0287611040934159e-07,5.455741568173349e-09,6468.75,0.0,21914.0625,210.9375,6917.020662760382,16.88671752904429,11355.815404103902,131.10066456215918,5.422986033929341,0.02015571215209233,8.301389615776632,0.5063829294859086,0.014719669791666775,0.00021079500000001795,2.8906396298656007,0.1560580141027641,0.01454312499999999,0.0009908333333333852,-9.207912210484893e-17,5.118590736448899e-17,0.02300000000000002,0.0010000000000000009,0.0017511255352791718,1.2539256642443513e-05,-0.10286128098549137,0.017086609801676866,0.0017511255352791718,1.2539256642443404e-05,0.41862888101687856,0.0012502604709314358,7.522859127664995e-05,3.5716840897693933e-07,4.862991141068875e-05,2.087455695623772e-06,6.34692190757568e-05,3.093801229289559e-07,4.041740484239047e-05,1.0528041584601002e-06,7.238726331902518e-05,6.863031602258183e-08,4.1661688000529275e-05,8.135857756776932e-08,9.295689199998579e-05,1.0619392781177633e-06,9.450535100689134e-05,2.7880476597205316e-06,6.036964433628372e-05,8.179348075952058e-07,3.4866846540858274e-05,4.0707861912806835e-07,7.268916862366991e-05,1.2263470454824715e-07,6.19321034845618e-05,1.1987242472607536e-06,0.0007434906570195875,0.00010587884983389591,0.0005281543099922325,2.62649635144604e-06,0.0025790694299895013,1.6741362551755783e-05,0.004857252199262262,0.0002013543082959395,0.006163282352237872,3.770878554954166e-05
good/蛋8.xlsx,0,6.364321263365542e-08,1.4494486068105065e-08,7.897016262030432e-07,3.9185763961008435e-08,2.8257926295172135e-07,1.6473184759594898e-08,1.2564580402892033e-06,7.242924827101946e-08,1.010278601491469e-07,8.366715058978067e-09,6445.3125,23.4375,22148.4375,23.4375,7013.342909992209,43.601835535605005,11481.97254933459,81.53664176107759,5.399116960345557,0.010677131273787221,4.868155362306334,0.01769788675937889,0.014662069895833454,0.00027640322916667494,1.7454161503927228,0.016258313313693762,0.008507604166666516,4.9270833333281416e-05,-6.60120106725041e-17,1.0241807402167069e-16,0.01649999999999996,0.0004999999999999449,0.0017476631493026347,1.6474572373791855e-05,-0.20730973841511446,0.031054691379991145,0.0017476631493026347,1.6474572373791855e-05,0.41883725776203373,0.0008335069806209849,7.438513100190518e-05,2.369196205169147e-06,5.649198525297206e-05,7.290367898521671e-06,6.308322521846838e-05,3.333500407789062e-07,3.794888431456615e-05,1.3230846020362606e-07,7.0319047606361e-05,1.0999996398322867e-06,4.245215230038874e-05,1.8501971747062101e-06,9.297430969152599e-05,3.9181840056762816e-08,9.28005810187083e-05,2.3931097449996435e-07,5.936060295686143e-05,1.8646265353076247e-07,3.6388127351993024e-05,2.6378528245236355e-07,7.262369309410014e-05,7.210353326200309e-08,6.0770403605219954e-05,5.594856946099843e-07,0.0007129328324813229,0.00016259389455571395,0.0005090662319324468,1.806323278520243e-05,0.0025446465933547414,2.3896030705733776e-05,0.004964577251794002,0.00011732462595742113,0.006059575392103812,8.021034810830547e-05
good/蛋9.xlsx,0,7.687943307723988e-08,2.657593285638332e-09,7.851814964950192e-07,4.059271609716286e-09,2.744714943060364e-07,4.4744320952415456e-09,1.2430036829579818e-06,3.6174226431243495e-08,9.478018142264455e-08,5.485085177654298e-09,6468.75,0.0,21984.375,140.625,6933.9291947426755,25.72084461613713,11339.153590558828,114.35342611690612,5.391415811046635,0.008588304876587127,8.831244734604908,1.0598378844383038,0.01489270114583346,0.00025650197916668276,3.140949989095863,0.4623800077126612,0.015571145833333522,0.002000729166666715,1.0489294618073094e-16,4.706883031483736e-17,0.024500000000000077,0.0014999999999999458,0.0017613676391421557,1.5169437412969116e-05,-0.17048338607343524,0.04779405744839066,0.0017613676391421557,1.5169437412969116e-05,0.425088560116691,0.009168576786830585,8.393788396985513e-05,1.5201382143762698e-06,6.175024460581897e-05,1.0666451471004721e-06,6.39070586741433e-05,7.118786130059251e-07,3.9513692482272566e-05,1.8162948790758599e-06,7.033144016194639e-05,2.691321985677736e-07,4.241222554340237e-05,4.469842943066091e-07,9.42990026847917e-05,1.3220450089595164e-06,9.543547787872116e-05,3.4559277784755937e-06,5.878099235176946e-05,4.990290420234856e-07,3.344003252248941e-05,6.119544792534788e-07,7.351920922553926e-05,4.269178362249364e-07,6.264459344069694e-05,2.310526110009924e-06,0.0006990115863408465,2.4041210918297946e-05,0.0004999627195612874,1.4053503432859266e-05,0.00241652873441426,9.147508120958955e-05,0.005219020709131433,0.00018088578107418925,0.006129907268889298,3.5533473655114615e-05
bad/裂纹蛋1.xlsx,1,6.94415035113893e-08,2.97193292590931e-09,1.0189379455297185e-06,1.4611533443821811e-08,3.005842256975478e-07,4.809982904331724e-09,1.453067338145348e-06,1.2598674893051666e-08,1.045161785157812e-07,1.0301853563650238e-08,6445.3125,23.4375,22054.6875,23.4375,6922.065723349213,11.543208883594616,11788.56090333183,0.6001906378205604,5.337441201736066,0.000894553413347321,6.973135409603811,1.1576465569166765,0.016722424479166872,0.0005714453125000036,2.364761063244436,0.3042615364073944,0.01297656250000001,0.001938020833333276,-1.0970391262077327e-16,1.1333526709715124e-18,0.02200000000000002,0.0030000000000001137,0.0018662317837484384,3.189612024818078e-05,0.11935377525685069,0.07007490515794247,0.0018662317837484384,3.189612024818078e-05,0.41644092519274845,0.009064388414252972,8.111698594366479e-05,5.999906145754685e-07,5.5892989146988756e-05,2.6435672669806033e-06,6.896527632775158e-05,1.6319726918718027e-06,4.410758352004678e-05,5.881708336492509e-08,7.265018233451598e-05,3.7119262576158063e-07,4.039998080354764e-05,1.2521121715114466e-06,9.502207687893536e-05,4.7504438176281633e-07,0.00010071357355340256,6.883563344206741e-07,5.947309904539666e-05,3.5704837048266484e-06,3.5322202983113064e-05,4.1828613579068704e-06,7.636864107360406e-05,1.1102470903246088e-06,6.588450699880512e-05,1.8798197407636995e-08,0.0007380107749141837,5.894270182303982e-05,0.0005357914779046353,2.5361264640780105e-05,0.0027929264162942654,8.421416755804165e-05,0.005578797198359766,0.00020951852667914356,0.00719624160627394,0.0004098359441982941
bad/裂纹蛋10.xlsx,1,5.8167228327616555e-08,2.6372187155532596e-09,1.0338348323032904e-06,1.2089063927947456e-07,3.347812344959578e-07,8.940531929223988e-09,1.385329876725903e-06,4.820065739344169e-08,1.0141239731540606e-07,9.450345533805513e-09,6445.3125,23.4375,21984.375,0.0,6853.743068035717,5.415770229609279,11589.01515062252,172.8172391733351,5.450045441711529,0.0890790902202494,14.770603867982212,7.828809549772894,0.017924049479166877,0.001115509687499995,28.774604423480177,26.573843293969993,0.02899989583333329,0.01600968749999998,-1.7971735211119724e-17,7.121618110043452e-17,0.03849999999999998,0.01649999999999996,0.001931465150018281,6.016102634839133e-05,-1.1199787272194086,1.1654958981637902,0.001931465150018281,6.016102634839133e-05,0.4178995624088352,0.0007293186080433445,7.845426834420636e-05,2.0449753109602926e-06,5.220252247258127e-05,6.088281367626003e-07,7.167871400235701e-05,2.6396215871713757e-06,4.707628245875335e-05,1.4709210640278173e-06,7.702665511367895e-05,8.384892073192747e-07,4.5842678878336236e-05,7.3354986037029726e-09,9.822416032851419e-05,2.7652103573019287e-06,0.00010354643481406983,7.268656218027182e-08,6.274445771835727e-05,4.472682790147576e-07,3.2890450833575175e-05,2.1321459272301208e-06,7.943188665715066e-05,2.16761370059812e-06,6.905173530910396e-05,5.425784610481481e-07,0.00066180050992227,3.1572014275046316e-05,0.0006527798939275212,9.334146476004841e-05,0.002999965033646585,4.547430398733486e-05,0.0059864815167836845,0.0003494447512704191,0.0077015117205080945,0.0006147925966433045
bad/裂纹蛋11.xlsx,1,6.391033066303659e-08,1.717933961055567e-08,9.737218103809448e-07,4.3731952816753546e-08,3.419724415350801e-07,3.5509494388680466e-08,1.456297340999136e-06,4.058212114020558e-08,1.0774716600133478e-07,4.403141744221787e-09,6492.1875,23.4375,22031.25,0.0,6896.391496334571,58.43297459993255,11531.22660544423,38.741190533185545,5.34968586392972,0.011262536261312572,6.5198396935832355,0.9491900196992926,0.016072205833333547,0.000700893333333349,1.8983926983130606,0.3730827865503765,0.011965416666666617,0.0019966666666667576,-1.2490009027032991e-18,8.900287914078338e-17,0.020000000000000018,0.0020000000000000018,0.0018294216342999879,3.990863607019734e-05,0.18603146903291945,0.02862673534468274,0.0018294216342999879,3.990863607019734e-05,0.4027922483850802,0.001458637216086689,7.772067028395449e-05,7.0317280587744565e-06,5.030457299543137e-05,3.4896271195828597e-06,6.822715112348377e-05,2.1515818861007592e-06,4.2180951551110685e-05,1.2031835102771122e-06,7.780229010353562e-05,4.500710937443418e-06,4.544196948129025e-05,2.366612789984907e-06,9.424665708686352e-05,1.870097964591931e-06,0.00010030378487693991,6.714268985208948e-07,5.989630638890654e-05,9.752272752426287e-07,3.4307807286581356e-05,2.178783241000437e-07,7.59090282785654e-05,1.9563736948338117e-06,6.452468487579085e-05,4.3168680430817814e-07,0.0006445757369865609,6.622659924478206e-05,0.0006748402859696098,1.9214409686968523e-05,0.002919381427002445,0.00017031652056574112,0.005366184562019429,0.00030561633562806645,0.006541677375180516,0.00028507420035735675
bad/裂纹蛋12.xlsx,1,6.322187653915596e-08,1.7224254210582122e-09,1.115343445987856e-06,1.7531477279162487e-07,3.652333302767204e-07,4.6074432730604005e-08,1.519185412517773e-06,1.2318911675434028e-07,1.0738881613334147e-07,3.994656053063815e-09,6398.4375,23.4375,22078.125,0.0,6939.5472837492125,3.9108945536368083,11800.985504206696,171.78700602673325,5.430609555254639,0.07576466192075282,17.502914079231232,11.96908854260217,0.01743351114583353,0.001825678645833351,79.68024480571792,77.7793419441419,0.03450677083333331,0.024528020833333386,-2.6136500371383893e-17,3.0068540250264657e-18,0.044499999999999984,0.025500000000000078,0.0019031542910639037,9.99261383241094e-05,-2.5808117593685687,2.680434512973113,0.0019031542910639037,9.99261383241094e-05,0.4121692019170661,0.002083767451552393,7.498839423270183e-05,3.613535612728019e-06,5.178962664520511e-05,4.212364119956286e-06,6.97717025031169e-05,3.4344539291008587e-06,4.461721515035589e-05,4.308062894175714e-06,7.567892950006232e-05,4.038396818038929e-06,4.6089594265698606e-05,2.387409726376653e-06,9.570041349227058e-05,2.5781946703083307e-06,0.00010077674253208008,3.621148126729e-06,6.170149556270255e-05,1.631118498267075e-06,3.3396744671003304e-05,8.705111217444399e-07,7.736159035009514e-05,3.182242002617047e-06,6.63668625537339e-05,3.058366060240236e-06,0.0007184826911869892,2.518427525605106e-05,0.0005915719665520427,3.918622741025629e-06,0.0031712583618883597,0.0004895055846782467,0.005535212983433624,0.0003521406979170041,0.007487086855749488,0.0009257686178995974
bad/裂纹蛋13.xlsx,1,5.075480505061006e-08,2.80990155537641e-09,9.72864209411447e-07,1.1109610781431148e-07,3.5044622351976634e-07,5.1876513169286035e-08,1.3475078268734727e-06,6.107447661716079e-08,1.0588062443477417e-07,2.1299581698811884e-08,6468.75,0.0,21867.1875,117.1875,6870.656199470054,8.137332018023699,11544.567174809774,7.581889374702769,5.475483729550007,0.157472999148069,17.972635210142563,9.811790667911588,0.017503566458333543,0.0012966583333333202,63.465039718334964,60.99182593966852,0.0349914583333335,0.019995833333333435,-1.3604857980927438e-16,1.389166559562227e-16,0.04300000000000004,0.019999999999999907,0.0019082889051236236,7.077994114320827e-05,-2.0880037290503934,2.2784668600598112,0.0019082889051236236,7.077994114320827e-05,0.4171702438007918,0.0018753907063971675,7.540751212186674e-05,4.5316038498187004e-07,4.549849767561598e-05,2.0907260787015323e-06,7.009909527813709e-05,3.395184072311847e-06,4.6470905815063704e-05,1.4065691111943683e-06,7.837982323443956e-05,3.90743268973898e-06,4.7860104014026456e-05,4.69768738085417e-06,9.761321317167686e-05,5.178775545083066e-06,0.00010124970058750856,1.8582856499770487e-06,6.18729032646758e-05,3.813282260813178e-06,3.6623039184457536e-05,4.823812209836874e-06,7.842426872061928e-05,3.5769947903745882e-06,6.740420988265528e-05,4.0988392426370826e-07,0.0006365313111083188,2.8988142179676318e-05,0.0006435497634848363,3.860416354582838e-05,0.00295498448332796,0.0002601994104693278,0.005914816600410234,0.00030669400299001334,0.007441981109152132,0.0006288068526726
bad/裂纹蛋14.xlsx,1,4.0011604006455987e-08,2.286897482813415e-10,9.591329187889172e-07,2.667013707231616e-09,3.301709777956115e-07,2.473808838044966e-09,1.2625587817955192e-06,4.970838355075951e-08,7.86861542305968e-08,5.625442276040455e-09,6492.1875,70.3125,22054.6875,23.4375,6877.39818748569,28.645318069358837,11892.136394037749,51.33952734860941,5.378536768572786,0.02128884200203629,4.960699581782752,0.03788047274537565,0.01571735166666688,0.0001276849999999963,1.756360172725302,0.11180377855614188,0.00897625000000013,3.2083333333376984e-05,-8.303543038342308e-18,1.22240180940499e-16,0.017000000000000015,1.1102230246251565e-16,0.00180952873352478,7.35026782770396e-06,0.08673995346321542,0.04320624559785804,0.00180952873352478,7.350267827703851e-06,0.4248801833715357,0.004584288393415292,6.848547914451789e-05,1.7610206341112127e-06,3.8796729107211196e-05,7.802773692432445e-07,6.819714758337598e-05,1.229013881434059e-06,4.293649318065437e-05,3.2274861884589736e-07,7.587890006240892e-05,8.972951059916403e-07,4.5279717250276355e-05,1.547668929423972e-06,9.182259672490761e-05,7.87110965666395e-07,9.385166136145924e-05,8.20369646097452e-07,5.53026560611396e-05,1.8836884638630864e-06,2.9438093255971208e-05,1.5899312463937084e-06,7.517312972862874e-05,1.9980016830978785e-07,6.213756689758213e-05,3.417490161103002e-07,0.0005136735984366292,3.269179354990824e-05,0.0005533127940944462,1.5471647163971367e-05,0.002517401138328464,6.621301852469856e-05,0.005269377270209459,0.0002268466211127855,0.006952170742842398,3.492350246084991e-05
bad/裂纹蛋15.xlsx,1,4.899985239490548e-08,3.6703374697666503e-09,8.982617771025199e-07,4.628026548503306e-08,3.3514013236453976e-07,1.1070122131199234e-09,1.3254369599411203e-06,4.7106983359252684e-08,9.608724755158722e-08,1.211205339382115e-08,6421.875,0.0,22054.6875,70.3125,6957.721727235576,112.83027744690571,11690.146792877205,271.938732662622,5.33484571905843,0.006641494589187058,4.957315970405407,0.005259675588013213,0.01580235822916686,3.755843749998593e-05,1.4555779594583607,0.016893996691214497,0.008994687499999987,1.1458333333269621e-06,-3.055426282353816e-17,6.962023550253585e-18,0.01649999999999996,0.0004999999999999449,0.0018144291981383094,2.1562358253471086e-06,0.10147523340887238,0.0039280825201147285,0.0018144291981383094,2.1562358253471086e-06,0.4143571577411961,0.004688476765992933,7.549145108839546e-05,2.2715416816568445e-06,4.0368948645269927e-05,1.0646941936179086e-06,6.574106254234429e-05,1.0084440977457479e-07,4.2421062948925714e-05,7.51674365638889e-07,7.563410231657138e-05,2.6892587528407964e-08,4.662096001498347e-05,1.3199334891429272e-06,9.339061844441359e-05,5.809623004780697e-07,9.701965061931376e-05,1.2287172155901635e-06,5.9170205525456135e-05,6.695783724716909e-08,3.277558631864518e-05,2.407191568931729e-06,7.491809579933421e-05,2.6051940763047296e-07,6.456861674678088e-05,4.185811583511944e-07,0.0006359445091231103,7.727629360339245e-05,0.0005744836690708835,1.2091143757148428e-05,0.0028586314587081057,7.598838908501868e-05,0.00507235100310846,2.5958874539479433e-05,0.0067372337579053275,3.032821398357916e-05
bad/裂纹蛋16.xlsx,1,6.881109679151888e-08,2.8737540435512807e-08,9.613922569303053e-07,2.0280131261779733e-08,3.543027637653109e-07,4.228496601355146e-09,1.4875783903095811e-06,2.7524522544518905e-08,1.1780150327234376e-07,3.952063683196305e-08,6445.3125,23.4375,22054.6875,23.4375,6982.4488986951565,129.53616203143702,11518.938276064519,92.96432753008594,5.397380344686432,0.03690371807292392,7.908843774193606,2.5609307114337,0.01631275729166688,0.0004920425000000152,3.060323786352996,1.0383941831826973,0.014507083333333282,0.004500625000000036,-6.020646943956838e-17,2.44480361880998e-17,0.023500000000000076,0.0035000000000000586,0.0018432899749169537,2.7805949026356628e-05,0.19547400495095063,0.19545509876050077,0.0018432899749169537,2.7805949026356628e-05,0.4175869972911023,0.0020837674515524207,7.667700581486084e-05,8.15222517015402e-06,5.36602887059194e-05,1.8267402194855717e-05,6.76792523232135e-05,1.4635891727320956e-07,4.2806626552604704e-05,1.1244293380886082e-06,7.743436321473728e-05,1.2717365147734674e-06,4.430020704154616e-05,8.76691858211878e-07,9.531070899442489e-05,1.2461943094760965e-07,0.00010132697302417967,1.833957271914258e-06,6.012163932262398e-05,1.8102212645079988e-06,3.9499740392569434e-05,7.396279874344408e-06,7.610217990423643e-05,2.1611002988177082e-07,6.604046128289235e-05,2.19432083704187e-06,0.0007699107030489805,0.00023691170956487758,0.0006646721276008722,3.7151239927050094e-05,0.002862075510756801,0.0001266513501305775,0.005470677801138291,0.00026602351101867074,0.006596257196113729,0.0001356986127592722
bad/裂纹蛋17.xlsx,1,5.0425553609123955e-08,1.5246256624237496e-08,1.1074176219174138e-06,3.1736898590908723e-07,3.089741659714611e-07,9.553527118206632e-08,1.4097959399751304e-06,1.4650053669631437e-07,1.5701440444318399e-07,3.091961923798122e-08,6421.875,0.0,22218.75,234.375,7001.186228055927,9.009911227528846,11887.881458876564,103.72164526387314,5.4968329690766735,0.1715026921933136,19.23909151394419,14.275345428825375,0.01834744572916656,0.003117779062499983,133.00988058454567,130.49003078810654,0.0398571875,0.031015520833333143,-1.7324105113421716e-17,1.0697461435190311e-16,0.049000000000000044,0.03199999999999992,0.0019479703407991704,0.00016672155912317906,-3.9719748027970816,3.8627223361344294,0.0019479703407991704,0.00016672155912317906,0.4070639716607627,0.003854969785371948,6.78055243277019e-05,8.251735891601114e-06,4.109985296637035e-05,6.019696994677815e-06,7.062229482361157e-05,5.932325380617703e-06,4.563902541547128e-05,6.213444788568227e-06,7.151961715564231e-05,6.576563785755832e-06,4.105580221787799e-05,7.997294219859401e-06,9.756662177675229e-05,4.1450853661618e-06,0.00010088144110327729,2.057343074988568e-06,7.217807427082652e-05,6.253364168791601e-06,4.5350676054138436e-05,2.335451601130044e-06,7.843442799993451e-05,5.532228325480397e-06,6.757520265668934e-05,3.7930257054928515e-06,0.0009131057369873801,0.00037886245135960474,0.0006733743372330552,9.286870487945924e-05,0.002681829531400383,0.00047119103115902754,0.00624107609181076,0.0008462960612650944,0.008130462536199734,0.001566634024439047
bad/裂纹蛋18.xlsx,1,4.753137062684945e-08,3.907929118492496e-09,8.080140380946096e-07,2.8314793952231464e-08,2.2802235726977303e-07,1.682697391584604e-09,1.2756703827587698e-06,4.961848061423985e-08,1.153585405562379e-07,5.918215622515952e-09,6445.3125,23.4375,22382.8125,23.4375,7050.811171014676,27.269629123465165,11925.071940611924,30.137888451753497,5.307112567847449,0.013713747837581725,6.0030948750863224,0.7008829803255194,0.01467206322916657,0.00016062656249999068,2.6497579877001924,0.15565704061093522,0.01050197916666673,0.0012828124999999524,-4.5750440473094995e-17,1.1102230246251544e-18,0.019500000000000073,0.0015000000000000568,0.0017483101120445484,9.570346518319984e-06,0.0031743851594751606,0.04059159266056919,0.0017483101120445484,9.570346518319984e-06,0.4217545321942071,0.006668055844967713,7.611427722421929e-05,2.06421430960351e-06,4.78404243552494e-05,3.820858859335363e-06,6.272436921829014e-05,1.7572616136936976e-06,4.002042785326609e-05,6.615363663881388e-08,6.366588290003362e-05,2.150057399760107e-06,3.605714178659085e-05,1.5699306249660404e-06,9.100446458615501e-05,9.823448186710784e-08,9.359011351363805e-05,1.1839672426985519e-06,6.171812057272947e-05,3.435267767601044e-07,4.001848585084317e-05,8.344056961698982e-07,7.159913370324202e-05,9.26657249770746e-07,6.12402879061822e-05,6.761960535576605e-07,0.0006988600011842589,7.714732558642583e-05,0.0005090198737230752,1.0651955291924426e-05,0.0023005811925603825,4.17754225994116e-05,0.004927365908853329,0.00012324852774957653,0.006363342152306064,1.5193447642604559e-05
bad/裂纹蛋19.xlsx,1,5.0538357416320754e-08,1.1435400156754526e-08,8.2335500356674e-07,3.7738304327198936e-08,2.2084871171608743e-07,6.279719424331386e-09,1.2972846765898383e-06,1.0768253403177263e-07,1.1091280094767451e-07,1.941854573916469e-09,6375.0,46.875,22289.0625,70.3125,6974.638790393332,50.9430042326635,11690.541885633866,81.96241067284336,5.34901238354639,0.019268416410752387,5.286898119394882,0.547740941853089,0.0145948628124999,0.0001411703125000054,2.2324099808998765,0.12974624245601962,0.009223437499999987,0.0009996875000000127,-3.094746681142624e-17,1.1703601051256858e-17,0.017000000000000015,0.0010000000000000009,0.0017437102106225653,8.433305486103067e-06,-0.0568815089626545,0.0645466328616677,0.0017437102106225653,8.433305486103175e-06,0.4144613461137737,0.0010418837257762104,7.28295362420319e-05,7.027642110850946e-06,4.510172571580382e-05,4.758430587487863e-06,6.390800556835078e-05,8.794905868811397e-07,4.13987129368383e-05,2.2076564568849322e-07,6.442235816244058e-05,4.4923015801509857e-07,3.6523737835386405e-05,5.707624009439374e-07,9.260567572284421e-05,1.355444546249824e-06,9.622442771330152e-05,2.1857030391361307e-06,6.16237366482985e-05,1.109038392138097e-06,3.9381193346128314e-05,1.949094525252349e-06,7.193555652918059e-05,7.125535444989301e-07,6.277361489397107e-05,6.206569850956164e-07,0.0005961548063476163,9.290172171710361e-05,0.0005959365423733224,3.633764466988681e-05,0.0022197772234573408,6.0228220378954946e-05,0.004999658298270348,9.78443296174858e-06,0.0062413426291902125,0.00018850749626034497
bad/裂纹蛋2.xlsx,1,7.29611127945107e-08,1.5059095881172438e-08,8.930950866588788e-07,8.749072503487227e-09,3.190831836040601e-07,1.674512148825848e-08,1.2781836334634652e-06,2.7832026675127606e-08,9.485161465127896e-08,1.0750174046127677e-08,6421.875,0.0,22031.25,0.0,6951.22554692392,81.00852796118033,11539.86431624639,52.99400793604036,5.406163005034841,0.050531509372700345,9.0276169378646,0.7599215170247673,0.01595330729166686,0.0001503174999999933,3.104630108379489,0.4930312983908398,0.016464374999999865,0.001462916666666536,-1.4499975294531473e-16,7.662851834548216e-17,0.026499999999999968,0.0004999999999999449,0.001823055653641993,8.588916572779934e-06,0.2503306741541433,0.040732552850737666,0.001823055653641993,8.588916572779934e-06,0.4217545321942071,0.0006251302354657318,8.148339614430533e-05,3.950324764562649e-06,5.306038765311895e-05,8.366290878301932e-06,6.744409219382855e-05,3.3083472723469224e-07,4.147370355578507e-05,1.1761333285830715e-06,7.626921427972338e-05,2.3370444639598864e-06,4.405274204350149e-05,1.2344251863334871e-06,9.360872742824764e-05,2.0159989145290355e-06,9.398302025187414e-05,4.4260362106241543e-07,5.9667688146169255e-05,2.6802931647635983e-06,3.367169809080496e-05,8.161769011997777e-07,7.609826147913461e-05,1.3686549568876386e-06,6.236192532689744e-05,3.9047790468194814e-07,0.0007129197079637363,7.893661240060504e-05,0.0005121746355988667,6.157599384629673e-06,0.002730835497490294,9.036481595293662e-05,0.005341138197503337,0.00015107814140649656,0.006723973538127231,1.0198046053502049e-05
bad/裂纹蛋21.xlsx,1,1.5508416762849653e-07,3.098657800447423e-08,7.852043624062959e-07,4.9304124162535275e-09,2.1427749875973107e-07,1.886630088246384e-09,1.1495263855019008e-06,9.566862677747005e-09,1.9776106334065183e-07,2.1936459659570252e-08,6375.0,0.0,22218.75,46.875,7411.05050743497,3.6290334489758607,11147.337809639861,13.6169416478715,5.427637056461287,0.005898538041063439,6.056480529957051,0.2712690291370605,0.015707803124999906,4.810500000000488e-05,2.4626490589288643,0.1097788119983587,0.010956874999999977,0.0005075000000001051,5.095461090102541e-17,3.4255006238955344e-17,0.020000000000000018,0.001000000000000112,0.0018089917941722126,2.7700167110451205e-06,-0.03868161707155685,0.10510829892766133,0.0018089917941722126,2.770016711045012e-06,0.4081058553865389,0.0030214628047509906,0.00012818845483046523,5.063084028916382e-06,8.356916192386566e-05,1.5151894987175805e-05,6.411665694877416e-05,6.726708723482776e-07,4.13950513163964e-05,6.722795322186643e-07,6.371286924367704e-05,2.491883184936494e-07,3.413223005194873e-05,9.58404785005709e-07,9.136395466948605e-05,3.6169194378464427e-07,9.671358588086077e-05,6.989191368737748e-07,8.336509424507454e-05,3.973296789530232e-06,5.252432367163401e-05,1.2490172045349915e-06,7.47294142018451e-05,4.607455993685199e-07,6.588915340708993e-05,9.129517482320314e-07,0.0016095366399211442,4.8103042016109745e-05,0.0005977350996429682,1.961650165780099e-05,0.0022349479125369095,6.81828695278208e-05,0.004753892889239695,4.710096890731116e-05,0.006620338947793264,9.325959255989443e-05
bad/裂纹蛋22.xlsx,1,1.0105195186368997e-07,2.3234445458199873e-08,8.790578855658452e-07,2.3108092472754883e-08,2.0142737735222675e-07,1.544108901280112e-09,1.3144190216918886e-06,2.384061955763742e-08,2.236585200948018e-07,1.1231699034078634e-08,6421.875,0.0,22476.5625,23.4375,7358.821352549193,7.573601634113402,11698.992945711745,192.78949857062798,5.351219842690912,0.002690930812318193,6.144483418974971,0.27757480505172394,0.015390829166666556,6.8700000000025685e-06,2.6089073237869678,0.028148076148883927,0.011002499999999915,0.0004945833333332983,-9.443834603217737e-17,9.041378756791118e-17,0.020000000000000018,0.0,0.001790648648769172,3.996456817434175e-07,-0.028509414915038334,0.026798355464322764,0.001790648648769172,3.996456817434175e-07,0.42165034382162947,0.005105230256303411,0.00010556965464396042,1.030071488304704e-05,6.529393598974711e-05,4.15425690209728e-07,6.44437094620468e-05,8.13202848689181e-07,4.062116820534676e-05,1.5022011837915535e-06,6.016460742802318e-05,6.119929224076564e-08,3.357695076923089e-05,1.3907418975767879e-06,8.97397620710588e-05,3.959054362836126e-07,9.628273614315113e-05,2.034575705218694e-06,8.464825075381717e-05,1.1850663205713183e-06,5.2443846298192765e-05,3.249215135205473e-06,7.343426040474656e-05,5.78865015947272e-07,6.399835561026783e-05,1.6042413356390545e-06,0.0012843146887452823,7.979412670231943e-05,0.0005924926080742043,2.2665594292753735e-06,0.0022194472556675096,8.473974517494119e-05,0.0048050187098710485,2.5196088901190128e-05,0.006554468623412079,3.3568712162088295e-05
bad/裂纹蛋23.xlsx,1,1.2467025730340905e-07,7.87037214473296e-09,8.716565072978687e-07,7.176520092045966e-08,2.220025618779115e-07,1.894900904551795e-08,1.2797775447270777e-06,1.7046278036974638e-08,1.610718645749967e-07,1.6868490945334714e-09,6398.4375,23.4375,22406.25,0.0,7276.356757491318,28.993817670811495,11542.525318568161,191.48226199836517,5.340627554399896,0.062110031257441634,9.112469423754671,3.3154255391372605,0.01569926864583323,9.956145833336927e-06,4.381008625407525,2.510016774421831,0.016478020833333384,0.005990729166666653,2.0955459589799827e-17,9.131584377541913e-17,0.02499999999999991,0.006000000000000005,0.0018085023193318993,5.734571159902654e-07,-0.17379729226082785,0.21713812691353895,0.0018085023193318993,5.734571159904823e-07,0.43071473223588247,0.001458637216086689,0.00011572142388603433,4.967458558405083e-06,7.054194669209459e-05,2.3708651388384567e-06,6.574426179797876e-05,9.618519167038748e-07,4.157480219647428e-05,1.6161942550386729e-06,6.267827415699155e-05,3.4684068609955115e-07,3.5572554983737444e-05,6.913517928491009e-07,9.171647992090975e-05,7.958197934474631e-07,9.696376227886176e-05,5.126943193463522e-07,7.688807546358429e-05,2.427767412401091e-07,4.488545387595509e-05,3.3029137111231133e-06,7.447797957077653e-05,1.2209215934606897e-07,6.413381699111281e-05,7.192789609473775e-09,0.00131859668820775,2.7372929073997648e-05,0.0005129267831016462,1.943068732816603e-05,0.0022630389154970412,6.999318940125268e-05,0.005064938416157717,1.6059423213428837e-05,0.006601427192110003,0.00010932757054976259
bad/裂纹蛋24.xlsx,1,2.2078720118541034e-07,6.812738539468275e-08,8.61901432805179e-07,3.5510231252773606e-08,2.3319931215245565e-07,1.2713603249851538e-08,1.2473919002570071e-06,1.0366626763030886e-08,2.7782086168494063e-07,4.990526235665641e-08,6398.4375,23.4375,22101.5625,398.4375,7562.075112835333,38.08655011968949,10903.035872827177,702.7340346593337,5.398287402518752,0.035403084901783455,7.303253865648489,2.488672896103586,0.01608464322916656,0.0010891034374999947,3.323272464051913,0.8589165253239206,0.013515729166666768,0.005005937500000002,1.4682699500667695e-16,2.3129646346357346e-18,0.022499999999999964,0.00550000000000006,0.0018295141684208126,6.201005529107677e-05,0.1799508678824562,0.1440686849020584,0.0018295141684208129,6.201005529107688e-05,0.41633673682017086,0.00750156282558867,0.00013693402842733185,2.0459380919956705e-05,0.000122216999733642,3.0093147058251594e-05,6.515182537900096e-05,1.5442696855570866e-06,4.071729661657678e-05,4.929365622577244e-07,6.603914598787576e-05,4.042148319244954e-06,3.557349078169116e-05,1.8105874106068008e-06,8.767075996205873e-05,2.0746441336444543e-06,9.503020778980553e-05,5.626111334328194e-07,8.585586970467367e-05,4.850068883625599e-06,7.154640263338935e-05,1.4151776653793077e-05,7.492137371144097e-05,3.1719162343372075e-06,6.748084350593288e-05,1.7852044132411326e-06,0.002184020588131775,0.0006277090611837495,0.0005504845228595721,4.894152644540641e-06,0.0022322637295346544,6.787088359858041e-05,0.004735730099481642,0.00026740230327753495,0.006426958270346041,0.00013623204847595894
bad/裂纹蛋25.xlsx,1,1.3517806983296877e-07,1.4322797956760977e-09,8.881702394420008e-07,3.829169606685887e-08,2.3543245659615465e-07,8.439589302912011e-10,1.385616385958671e-06,1.4897726701576814e-08,1.7760335136812098e-07,1.2223519369372506e-08,6351.5625,23.4375,22453.125,0.0,7299.062636480182,14.870852100016236,11527.543897361365,172.36850494511418,5.361691243394615,0.03981084320610506,8.407375647743127,0.8887566967569738,0.015311780729166578,0.000183834062499999,3.488870183170203,0.09747015511931956,0.015006145833333373,0.0014971874999999413,-3.0993726104118945e-18,2.696916763985276e-17,0.02300000000000002,0.0019999999999998908,0.0017860121388673874,1.0721865262662946e-05,-0.08714607613918182,0.16369821204464782,0.0017860121388673872,1.0721865262662837e-05,0.41925401125234424,0.004375911648260067,0.00011578300244098979,2.5661626317108755e-07,7.705153660557149e-05,1.5475743063175603e-06,6.390228484905126e-05,1.641420501105663e-07,4.1626165086155965e-05,1.3584861654990459e-06,6.471174770847415e-05,2.09679814787482e-07,3.520256107205588e-05,9.220663663260113e-08,9.111692546879445e-05,1.0144143691066414e-06,9.784206492937691e-05,1.5571740325971022e-06,7.700062386072255e-05,3.1493335507728917e-06,4.6228752307905606e-05,4.514046485525005e-06,7.372109188901496e-05,2.6941704264044596e-07,6.508952794458837e-05,1.160684166805941e-06,0.001364153884384782,0.00011725345236074966,0.0005611631964965131,1.5788002857847834e-05,0.002245838139333925,1.1988880934710264e-05,0.004980778053957552,0.00013906692426311805,0.006260035827770533,0.00014682438400484684
bad/裂纹蛋26.xlsx,1,2.2015966153439936e-07,6.321420307510148e-08,9.413607790589907e-07,5.458413504522946e-08,2.3000967122714552e-07,1.625679358337912e-08,1.3297721063937075e-06,2.3552949559660476e-09,2.3181450876961695e-07,7.627992663442567e-08,6328.125,0.0,22382.8125,70.3125,7468.430988639628,228.70961680474056,11212.93210863789,356.8652860914208,5.3960647405274145,0.05190585803181724,13.766969697704383,5.857731311819876,0.016350949791666586,0.00022702500000000916,18.176732102691034,14.098714737861847,0.025483541666666665,0.010987500000000039,-2.838007606698056e-17,3.1710745140856036e-17,0.03400000000000003,0.010000000000000009,0.0018456120100968426,1.2813330955058146e-05,-0.6197069063419733,0.9738819787084021,0.0018456120100968426,1.2813330955058146e-05,0.41477391123150653,0.001979579078974808,0.0001386974723365281,1.1223536270152495e-05,0.00010533166751437265,1.1508930458465225e-05,6.573365260992766e-05,2.5326806954466323e-06,4.227080250600913e-05,1.7230352313609977e-07,6.363971632468776e-05,1.6208555410168775e-06,3.453612139109078e-05,1.3899965942592213e-06,9.135816988232491e-05,3.1256280476874324e-06,9.602485621430182e-05,1.5086585499363373e-06,7.87546727708489e-05,5.726116704874747e-06,5.445922864441769e-05,1.3454934215568342e-05,7.526642936421797e-05,1.6651392757732452e-06,6.62583003901773e-05,2.541497725000207e-06,0.0018231833349011879,0.0004403012938434944,0.0005727827986192038,1.508967467238082e-05,0.0023986712142380316,6.712491702506873e-05,0.004943521011719935,0.00013850953380884108,0.006738110154561901,0.0004407212595560414
bad/裂纹蛋27.xlsx,1,1.6416001434495142e-07,2.3538408603583707e-08,5.534662485515555e-07,3.359272331794536e-08,1.41013526984618e-07,7.069556731026783e-09,8.727513978502663e-07,1.3518726000286948e-08,8.89882733975985e-08,3.295196191219455e-09,6421.875,0.0,20226.5625,117.1875,7081.397794358497,25.648257260427272,10447.068084199636,1.9042306759165513,5.291945114534213,0.03180766042458494,5.205259438766852,1.0751760057174393,0.009958814895833485,0.00019691510416667245,1.3659767426640088,0.21431909511753355,0.007481979166666597,0.0014744791666666535,-1.4109084271278033e-18,1.9822106918828314e-17,0.014499999999999957,0.0024999999999999467,0.001440329924789156,1.424117465334497e-05,0.0594042110455765,0.020027909278398436,0.0014403299247891558,1.4241174653345078e-05,0.34923942488018334,0.0004167534903104786,0.00011748315489316908,4.690550072215117e-06,8.990481710116616e-05,9.124245499935738e-06,5.308979583127658e-05,1.5172924785106108e-06,3.086794697709714e-05,8.393006279784353e-07,5.137595263706514e-05,4.835493718044926e-07,2.7556815692927433e-05,1.8948265259867896e-06,7.40886571869026e-05,4.957492298800968e-07,7.99008774204065e-05,8.54970886938332e-07,5.7518578970660525e-05,2.0384664716086508e-07,3.2861595440943746e-05,1.2667333047280407e-07,5.974075538753334e-05,6.735665193963479e-07,5.039399754148208e-05,7.374007601276556e-07,0.0010886443780036342,7.563160160558137e-05,0.00033726438460910687,1.096212602515233e-05,0.0016360573709006492,2.719423539108783e-05,0.0032598821532711132,1.3638135588633915e-05,0.0036880873763686203,8.527062487517344e-05
bad/裂纹蛋28.xlsx,1,1.8017207133547875e-07,9.729777850380137e-09,5.745528449149845e-07,2.179728993679219e-08,1.636992097244737e-07,3.743296876169224e-09,9.01729252322497e-07,1.2918212355449341e-08,8.973797171144151e-08,1.3849280375325352e-08,6421.875,0.0,19570.3125,210.9375,6979.466704814699,0.4892488489376774,10145.084509323868,77.3784204852218,5.299541725001927,0.03600120606743662,5.794986516154234,0.9591172122755522,0.010310975833333538,0.00012981666666666506,1.1368405422183248,0.08447934134358803,0.008502083333333244,0.001459166666666678,1.431725108839525e-17,4.2304123167487736e-17,0.015000000000000013,0.0010000000000000009,0.0014656175614253721,9.226533442525703e-06,-0.207445143188067,0.054524336004364723,0.0014656175614253721,9.226533442525703e-06,0.3975828297561992,0.0010418837257762104,0.00012537502748328862,4.766309220840158e-06,9.234667589298999e-05,1.5473959913546198e-06,5.409690010830707e-05,8.653926384296693e-08,3.1128320335274166e-05,9.654812360422996e-07,5.473293641377216e-05,8.848105663463873e-07,2.9716206381586623e-05,4.427351144084919e-07,7.407641642815139e-05,5.274668107921191e-07,8.346051170232441e-05,2.3347428678361016e-07,5.813543286856831e-05,1.6669278711705027e-06,3.240177439537372e-05,1.5169919153220932e-07,6.0796655466521804e-05,3.3869982488213233e-07,5.187775862682589e-05,5.947855319229982e-08,0.0011720254131965015,2.3491830309802192e-05,0.00035100237659580944,3.2383117757159524e-05,0.0017864606753856132,4.3019420216404035e-05,0.0034070968219268175,5.734980632656319e-06,0.0036223765927906196,0.00010262841789602096
bad/裂纹蛋29.xlsx,1,1.9602767439662113e-07,3.2014518728211666e-08,5.542558284331924e-07,1.850975268692278e-08,1.7097092726222867e-07,2.625482469562614e-09,9.739433934183084e-07,2.6448627980204285e-09,1.0244101884021568e-07,1.7245173683666138e-09,6445.3125,23.4375,19664.0625,492.1875,7027.775063203465,158.26606305706537,9962.194956704177,15.011757943752855,5.242333723510248,0.057065192454848646,5.58825089046336,0.6933839717705754,0.011093755833333534,0.00011222333333334167,0.4356949536533241,0.3556937502623194,0.008500833333333402,0.0010970833333332486,-8.754571142096287e-17,5.1116518425449894e-18,0.015000000000000124,0.0020000000000000018,0.0015202434026638405,7.689512439306009e-06,-0.26832402665697297,0.038650507490520056,0.0015202434026638405,7.689512439306009e-06,0.4081058553865389,0.0059387372369243685,0.00012458501109256315,9.857733006519967e-06,9.782313976290958e-05,9.304192926191703e-06,5.4310957302308035e-05,1.2238187524261053e-06,3.1058086353088e-05,1.0195277205750463e-06,5.633590799490673e-05,5.492660709995979e-07,3.026851509520834e-05,8.589533443793317e-07,7.825796585510482e-05,1.6995272721528041e-07,8.703755188775556e-05,1.6625050085941251e-06,6.0725257918978e-05,3.8668595402220043e-07,3.4839390845623494e-05,1.3963834733439891e-06,6.24917066852064e-05,5.382723584565485e-07,5.3862812475294976e-05,2.1399687569758988e-08,0.0013148763667311762,0.00017637646235435685,0.0004122300644594512,5.281100750939116e-05,0.0019684653138020564,2.7112893421098313e-05,0.0036128950503722564,0.00011517457627698252,0.003861067857298615,6.970650284306352e-05
bad/裂纹蛋3.xlsx,1,7.479148721813989e-08,1.9791383490112e-08,9.536579028566087e-07,2.6103535352987495e-08,3.112690310405841e-07,2.2102324458570673e-08,1.4245425786647758e-06,7.850132506152922e-08,9.739111909701837e-08,2.1465852446766364e-08,6421.875,0.0,22125.0,0.0,6998.611904864758,43.76850839988629,11805.711413769935,89.37758274737826,5.355853130635988,0.015102708400859477,4.856302231744087,0.051257625403734686,0.016299387291666863,0.00040093749999999505,1.676484863920698,0.02438841261910696,0.008947083333333272,1.5624999999963585e-05,-1.2064423534260034e-16,3.6868656276093735e-17,0.017000000000000126,0.0,0.0018426046624291266,2.2665916226222876e-05,0.14975719461641485,0.024635454347375838,0.0018426046624291266,2.2665916226222984e-05,0.41727443217336946,0.003854969785371948,8.45266584031313e-05,7.371294278329557e-06,5.47599234022413e-05,1.140019610539663e-05,6.7152335845776e-05,5.563959205856563e-07,4.221947609232939e-05,5.433914893556646e-07,7.253760169659778e-05,1.0923842256497325e-06,4.200087834767289e-05,2.6288543895983762e-06,9.572485453406877e-05,1.5316197049049007e-07,9.877813490804381e-05,2.5214298695455027e-06,5.781602486513709e-05,3.2285576313288657e-06,3.384434008061341e-05,5.509914816215799e-06,7.556598777276347e-05,6.88831742910105e-07,6.50845093163754e-05,1.264028484704504e-06,0.000684796063088513,0.00014538285022579482,0.0005220844265766173,3.380395688220135e-05,0.0028659785368869684,8.690241343677465e-05,0.005359559561286616,4.92397255008898e-05,0.00692685127873272,9.753745811590282e-05
bad/裂纹蛋30.xlsx,1,1.831262541634754e-07,2.456504476466046e-10,5.665704755296886e-07,1.1805697287198491e-08,1.5954920575767224e-07,7.379723604445998e-09,9.418569747321182e-07,2.4712567061091413e-08,1.0344642305868987e-07,1.0881372605586076e-09,6468.75,0.0,19546.875,187.5,7001.008259223079,54.35610305918817,10032.163003937365,129.0159830045468,5.227702753237148,0.00166039907872495,4.316264838852989,0.020800631476375564,0.010929114583333524,0.0001214154166666757,0.43848328879787446,0.06506394627144085,0.006512708333333395,4.79166666655928e-06,-1.0769163338864018e-16,1.1074474670635936e-16,0.012499999999999956,0.0004999999999999449,0.001508916371742395,8.38180264523718e-06,-0.36125301994852665,0.07996777111303241,0.001508916371742395,8.38180264523718e-06,0.4071681600333403,0.0039591581579495605,0.0001278269452874218,2.0046632629633403e-06,9.638266290231015e-05,3.996676221710687e-07,5.4473524613187044e-05,3.7293988153421986e-07,3.153120771133002e-05,3.992023240321219e-07,5.534950868470877e-05,7.260471780984635e-07,2.93406970704965e-05,1.0370311353410455e-06,7.615810588680623e-05,2.3171076050125452e-07,8.62493981887993e-05,9.241782218182373e-07,6.238212466393891e-05,1.4987115770830453e-06,3.472495114492275e-05,3.583326607840839e-07,6.216790856360824e-05,3.3803936421497447e-07,5.359913147396336e-05,2.410564106699482e-07,0.0012916745717176886,1.0986879335035064e-06,0.00036735839145037605,4.985209418302382e-06,0.0018850109497556627,4.641195202123452e-06,0.0035840784579733286,8.694475296342776e-05,0.003856753610358631,3.539801974571338e-05
bad/裂纹蛋31.xlsx,1,1.7778185941002077e-07,1.1859050749258276e-08,5.54892653613993e-07,3.688689311847271e-08,1.677983977379238e-07,7.663334618417525e-09,8.646927009988868e-07,1.9442941430364307e-08,8.455691520813425e-08,1.0664186331846487e-09,6445.3125,23.4375,19945.3125,585.9375,7040.607084658386,65.8213438870439,10188.682779232466,103.29776405805751,5.224571748913215,0.03861807641662418,12.415424601893765,5.523297977309014,0.010398204895833534,0.0005039151041666664,11.466855148025438,10.301590690481842,0.01846510416666658,0.00856989583333334,4.047688110612551e-18,4.878042414446781e-17,0.02399999999999991,0.009000000000000008,0.001471400704286233,3.567427725915831e-05,-0.7451023895432197,0.7339031541288893,0.001471400704286233,3.567427725915831e-05,0.4033131902479683,0.00010418837257761271,0.0001251650758173247,1.3792393121836915e-06,9.222314838168225e-05,3.92686524077134e-06,5.44037231827489e-05,2.2851828217543337e-06,3.171220252516353e-05,1.7270537883438187e-06,5.581666820521319e-05,2.3283025315702626e-06,3.0408794086428185e-05,1.0518044055430273e-06,7.311020253292244e-05,2.135807672674637e-06,8.247405368705634e-05,6.602422968674288e-07,5.8338404985117364e-05,5.097079954887345e-07,3.448654130302456e-05,2.3235202448707033e-06,6.116067889859137e-05,1.7861885788817035e-06,5.189553292900915e-05,9.48045047131815e-07,0.0012347182768151126,5.057129869407773e-05,0.00034685427486190956,6.369840109913703e-05,0.0017636349391892303,4.735623531935008e-05,0.0033290484266506404,0.00017464256564545498,0.00379417826519962,0.00015902047043274197
bad/裂纹蛋32.xlsx,1,1.681505519610929e-07,3.970321010332087e-08,5.832525899478595e-07,3.2592944367066004e-08,1.631159394371926e-07,9.867355621610384e-09,8.176846176664481e-07,1.1820252035756831e-08,8.725964477401155e-08,6.065287891039185e-09,6445.3125,23.4375,19992.1875,117.1875,7084.307248972495,71.05349685343253,10435.285052897743,59.94596879045548,5.3694751986901545,0.037992875277805815,13.813075244855224,7.0332701839951675,0.01027087833333353,0.0006269583333333318,20.641002310553635,19.298603324726532,0.02051041666666653,0.010900416666666635,4.938179494947311e-17,9.901801600875615e-17,0.026499999999999968,0.011500000000000066,0.0014621118897232576,4.4667005433204855e-05,-1.09528410098049,1.0302941144836242,0.0014621118897232576,4.466700543320464e-05,0.41487809960408417,0.0016670139612419144,0.00011891253127782671,1.1967839474817726e-05,9.01365017006129e-05,8.397784104808563e-06,5.4884871397018614e-05,2.235370174242277e-06,3.170413026573744e-05,2.082155113507096e-06,5.452631964633029e-05,1.5318517935630512e-06,3.05754281636264e-05,2.133853607405871e-06,7.326950995568626e-05,1.4261695492730008e-06,7.928677135745614e-05,3.9388601668235263e-07,5.598924491586684e-05,1.6226517199962264e-06,3.13233160463369e-05,6.531385813362888e-08,6.098419384034231e-05,1.9470699394314437e-06,5.082679622747915e-05,2.1183810925892473e-06,0.0010955380520118916,0.00012505471544507616,0.00033823330238686,1.5279491996703348e-05,0.0017301052506304036,6.667726373321475e-05,0.0032086140690693143,0.00012292381714639833,0.003917842290194585,0.0002883258013997316
bad/裂纹蛋33.xlsx,1,1.7488056362842954e-07,3.714734807202816e-09,5.203868460466631e-07,2.1494922591686425e-09,1.4627296066901536e-07,1.596649170512464e-08,8.410945710073748e-07,2.198941708307583e-08,8.7483232097578e-08,3.5715618607634666e-09,6398.4375,23.4375,19570.3125,117.1875,7013.122428735667,32.59488610342987,10083.441751710092,5.188151993977044,5.2834413087296745,0.026153146101893565,4.592290527661646,0.19561154788266633,0.009647024479166837,8.792531249999895e-05,1.112605396663532,0.022743556305880208,0.006511562500000068,0.0003069791666667765,-9.827786732567272e-17,5.435466891393995e-18,0.012500000000000067,0.000500000000000056,0.0014176582900941865,6.4605743025290515e-06,-0.0015273232627987868,0.02917231639636444,0.0014176582900941865,6.4605743025290515e-06,0.379245676182538,0.004167534903104814,0.00011949703799559523,2.3297390294439756e-06,0.000100884211600216,4.86444954491138e-06,5.180987225156995e-05,1.3497780816313553e-07,2.8742495440728933e-05,1.619112068541119e-07,5.225812765514496e-05,3.578957143164414e-06,2.7117711981309905e-05,9.126854433005302e-07,7.153447342932581e-05,6.96755767823183e-07,7.968871825321823e-05,7.89099314518715e-07,5.5960680557464956e-05,7.021614453854496e-07,3.3682521286695146e-05,1.076423448342645e-06,5.837061942832616e-05,6.812328756200216e-07,4.997088708658534e-05,5.860022269947972e-08,0.001249677811816886,3.617901590105381e-05,0.00036104825598167747,5.785781975723472e-06,0.0017420686987654806,5.732322200468034e-05,0.002976427520555251,1.0722153241951799e-05,0.0033883495155348784,5.736403014438337e-05
bad/裂纹蛋34.xlsx,1,1.890657948882585e-07,1.5297016977480547e-08,5.344412847007802e-07,1.4375268431543475e-10,1.4994371380970558e-07,1.7839659915226895e-09,8.302329709439359e-07,1.053875032989218e-08,9.99895233946407e-08,1.605877399884311e-08,6398.4375,23.4375,20109.375,93.75,7149.3161301624605,81.62528576425439,10161.78688450384,102.48793914661928,5.285691381548576,0.0467987928846636,4.718131127327249,0.36107622589135424,0.00970257291666685,0.00010190625000001171,1.1916501875411702,0.08854006658799474,0.006705208333333212,0.00047812500000010694,-1.1671219546371958e-16,1.61907524424502e-16,0.013000000000000012,0.0010000000000000009,0.001421729091679866,7.466425521657325e-06,0.08422174132417265,0.012726924460206047,0.001421729091679866,7.466425521657325e-06,0.3860179204000833,0.0073973744530110574,0.00012452319628879636,2.1824985951545165e-06,0.0001030746218808961,6.342592516523782e-06,5.2138732166331545e-05,5.736553915713218e-07,3.001780765856252e-05,1.0582927022191034e-07,5.234631547651505e-05,1.442407638920114e-06,2.8232421640039293e-05,3.271909074017259e-07,7.183793301090624e-05,3.947721421840094e-07,7.924966598657807e-05,9.350818036422872e-07,5.800201475011634e-05,3.5811643012398887e-06,3.5129251314474794e-05,3.922108932504402e-06,5.8852460686957933e-05,3.6713267105136903e-07,5.0837303734758686e-05,4.0014734858317033e-07,0.0012891949554840747,0.00015461615146244003,0.00032383123069340384,3.72313670597074e-05,0.0017162688805288607,3.717678125191731e-05,0.0030301097978057074,1.3348359507937358e-05,0.0034267000160470578,1.1093214998691807e-05
bad/裂纹蛋35.xlsx,1,1.4467302508501288e-07,1.1560897432084943e-08,4.98715363385657e-07,3.323499145795338e-08,1.5018345926305954e-07,5.364621409753562e-09,8.026412878968718e-07,3.103914572224664e-08,9.622849087516387e-08,9.34165780956795e-09,6398.4375,23.4375,19195.3125,23.4375,6944.686945328592,21.874205008622084,10029.851065797138,105.4914540353193,5.297057192854549,0.012963648477832379,4.888336104596295,0.008926357382372352,0.009342866458333494,9.348333333333847e-05,0.9674522529241549,0.033756576933196,0.006819791666666797,2.166666666680861e-05,-5.67138928412684e-17,1.427099179570253e-16,0.013000000000000123,0.0,0.001395127877008879,6.979895809336488e-06,-0.0043515646165361715,0.014958333075695048,0.0013951278770088793,6.9798958093362715e-06,0.3715357366117941,0.0035424046676391097,0.00011571880639829427,1.5662123082775986e-06,8.778030564124569e-05,4.734065115988982e-06,5.156858184947835e-05,4.846533992469235e-07,2.919987208329256e-05,1.1506890455433325e-06,5.305410891842171e-05,5.798309246200365e-07,2.742711992188594e-05,1.8277671956752828e-08,7.135082632351172e-05,8.898139305567131e-07,7.760941174129566e-05,6.249352485298654e-07,5.925827816557109e-05,3.3342041158174274e-06,3.375160566360072e-05,1.1186645704428034e-06,5.817665745770962e-05,2.346640652562834e-07,4.840173676602716e-05,1.8424849030659565e-07,0.0011006429547770406,2.1425500986421557e-05,0.00030512576259426476,1.2858034262048796e-05,0.0016522348414436461,1.7492911717543287e-05,0.00304198765268491,2.505158371341235e-05,0.003261771351682058,1.7141342446207273e-05
bad/裂纹蛋36.xlsx,1,1.2027262695460026e-07,3.986401424787829e-09,5.21226001604756e-07,2.0647388894238217e-08,1.488060587564986e-07,4.605745732845028e-09,7.925955524764222e-07,7.363953056198281e-09,8.506701309405647e-08,1.316794508798277e-09,6421.875,0.0,20109.375,46.875,6998.458397924686,12.734720930729054,10507.964309418709,85.55096782419878,5.3192755398911356,0.0337597555169471,5.704567320634258,0.3198369740428597,0.009527235833333512,4.1923333333335894e-05,1.2671325911586822,0.09173310309421989,0.008035833333333464,0.00043291666666678275,7.005969878311664e-17,1.2436810840436388e-16,0.014500000000000068,0.000500000000000056,0.0014088403707776562,3.0997222818639897e-06,-0.16798136802166858,0.0624356922616835,0.0014088403707776562,3.0997222818639897e-06,0.40247968326734734,0.001146072098353823,0.00011324911322874723,6.018116389031912e-07,7.993097364646102e-05,5.3371461804203955e-06,5.225021176895515e-05,1.7798838628008313e-08,2.9256955962670927e-05,7.095999423785737e-07,5.259569496157351e-05,6.234030774458585e-07,2.8526375695276116e-05,2.7319834871849625e-07,7.129586047017947e-05,1.4105984947428618e-06,7.844178656278733e-05,1.2259583131164048e-07,5.731758060896209e-05,2.801361567280201e-07,3.1191072846886624e-05,9.947804782925795e-07,5.876371418598739e-05,2.983234904194283e-07,4.8930196979622264e-05,1.1236378403411753e-07,0.0009896661454183203,7.467199978399984e-06,0.00036073834365279983,8.645627352538512e-06,0.0015891764218988825,3.734211013812626e-05,0.0031082101518453372,2.371385130407874e-05,0.003533528509248647,1.4710438781419645e-05
bad/裂纹蛋37.xlsx,1,1.9257201425826978e-07,3.0366926744236916e-08,6.234124167109325e-07,1.4702783928637401e-08,1.9662270504458547e-07,1.6564287596698445e-08,9.805408366436812e-07,2.4653311267814446e-08,1.2720465435182167e-07,6.939800462392848e-09,6445.3125,23.4375,19382.8125,23.4375,6995.462089673625,23.002837554297457,9981.636681993055,68.80407744845797,5.319934255642111,0.003896794499679501,4.923247544281515,0.19568444943315733,0.01169641947916678,0.00012917968749998586,0.44236771424012167,0.09499858204674227,0.00768343749999989,0.000263020833333405,-1.3220905851577907e-16,1.7115938296304497e-17,0.013499999999999956,0.000500000000000056,0.0015609867866552144,8.62032757929245e-06,0.08998864808857299,0.0052860981104441915,0.0015609867866552144,8.62032757929245e-06,0.4021671181496145,0.0016670139612419421,0.0001295962825375467,4.689546898115846e-06,0.00010220696495552062,2.4105359815042006e-06,5.71794860758692e-05,6.199178317827327e-08,3.1973318194530004e-05,3.156944183075713e-07,6.0276944974737915e-05,1.8151963457328874e-06,3.286919261966462e-05,8.727812475907028e-07,7.891545643080194e-05,6.644468058728236e-07,8.526938698942874e-05,2.3362069728450713e-07,6.820722195274062e-05,1.0925758303409114e-06,4.359625348233475e-05,3.1927834004966265e-07,6.48500580710345e-05,3.635839300677272e-07,5.401990239543378e-05,7.770024762299953e-07,0.0014990446739952328,1.652641440254136e-05,0.00046888036079291526,2.7914318641920118e-05,0.0020025389782818083,5.8377958464966764e-05,0.0037691431321921916,4.502151088133909e-05,0.004008907943279533,4.903956208877295e-05
bad/裂纹蛋38.xlsx,1,2.1083282765600455e-07,1.0721424504057697e-09,6.663893414723456e-07,2.5174942419634032e-08,2.0283708930655807e-07,1.2122130609533686e-08,1.0462430837581224e-06,9.24776262473295e-09,1.391679893483078e-07,1.6504590103272278e-08,6445.3125,23.4375,19148.4375,164.0625,6960.636674591709,81.42013335547836,9882.696305443777,78.7197482397105,5.283792817361619,0.04473225240456724,6.881578130739921,0.9851995895367569,0.012578987916666628,5.099124999998275e-05,0.4400516764754703,0.2716066952913554,0.011136874999999935,0.0015722916666666142,-4.8618516620043315e-17,1.5728159515523044e-18,0.017000000000000015,0.0019999999999998908,0.00161883035455919,3.2811273440144003e-06,0.04660060770579968,0.00891407729127501,0.00161883035455919,3.2811273440145087e-06,0.39497812044175873,0.008647634923942465,0.0001344262152381578,1.0734575640981072e-05,0.0001124800423775813,4.449548717738623e-06,5.980007901375797e-05,4.3648397986083067e-07,3.311000128603134e-05,1.0158818186718578e-06,6.041887655692126e-05,1.373425126074079e-06,3.363482665712051e-05,2.2888550571737495e-07,8.154764614494312e-05,9.882941143415084e-07,9.05988837104071e-05,8.26575734820111e-07,7.025646002974315e-05,2.6995472154689107e-06,4.030527358354107e-05,1.9439221114864633e-06,6.747464853490605e-05,3.366872190843035e-07,5.659355322390483e-05,6.394899714704215e-07,0.0016290415545404978,0.0001475149596280288,0.00043381460392810894,1.803131142275643e-05,0.0023157406140183355,4.327958309040843e-05,0.0039591347740718826,2.609063739638989e-05,0.00440653699200465,8.781481652803645e-05
bad/裂纹蛋39.xlsx,1,1.802618785621296e-07,1.283248325575883e-08,6.778922702754954e-07,2.815933840490874e-10,1.957986542720838e-07,6.573021780705952e-09,1.0615152923390166e-06,1.62947383433064e-08,1.1685061200843093e-07,3.1265549614683117e-09,6492.1875,23.4375,19101.5625,164.0625,6841.457209524006,46.61539004746737,10080.220532488636,5.561758743775499,5.2274857683666,0.012767773092380086,5.303262834302621,1.2083414357378937,0.012324659895833265,0.00017051322916666715,0.1297765913506448,0.10833543678288504,0.008484270833333252,0.0018773958333333507,4.1170770496516223e-17,3.2705319933749406e-17,0.014499999999999957,0.0015000000000000568,0.0016023465929941108,1.1084864399824902e-05,-0.004339511270187148,0.07955901418353165,0.0016023465929941108,1.1084864399824902e-05,0.41591998332986035,0.0010418837257762104,0.00012830939876327116,3.999343879988274e-06,8.756369881276802e-05,3.850629621645272e-06,5.966752171647392e-05,4.7261753386946694e-07,3.439599926561064e-05,8.462786818389835e-08,6.036476392803934e-05,1.0546661079484459e-06,3.2479970635360876e-05,5.222913792967311e-07,8.19129141196641e-05,7.448396703918427e-07,9.128973693820489e-05,1.9413207407528732e-07,6.630719480082674e-05,1.4933410144092843e-06,3.7618252760151105e-05,3.389995338263366e-06,6.680459282179109e-05,6.678479102776609e-08,5.580087992603923e-05,8.085865627807208e-07,0.00135916618429066,0.00016104196225428255,0.0004595279454075668,1.777245968610352e-05,0.00212606657642336,4.0654954014332154e-05,0.004143217251774946,8.071371201444138e-05,0.0043484068215834705,0.00013150234844118468
bad/裂纹蛋4.xlsx,1,6.106654251724299e-08,1.0727737337443815e-08,9.429727420866329e-07,1.0898761133167691e-08,3.149449035241968e-07,2.0201326413808525e-08,1.3378801796461855e-06,1.701883320690837e-08,1.1578984976480389e-07,9.969285803114279e-09,6398.4375,23.4375,22031.25,46.875,6962.410594149011,58.47457211371329,11600.064101415492,17.23071235684074,5.4026947402939545,0.04729330231670481,12.304354137177693,5.799023254121909,0.016814500625000204,0.00017557749999999941,12.569157318586345,10.774708112943221,0.02308562500000011,0.010973750000000115,-2.905083581102493e-17,1.0500859441246272e-16,0.03200000000000003,0.01200000000000001,0.0018716103953868729,9.77197121887442e-06,-0.4036404648071659,0.5862677595444516,0.0018716103953868729,9.77197121887442e-06,0.4191498228797666,0.0003125651177328659,7.815878929154092e-05,3.4671034308309632e-06,4.713606340976346e-05,7.142977217797893e-06,6.901424212644106e-05,3.864594527003924e-07,4.163002304780091e-05,9.735039577025604e-08,7.37784032410495e-05,1.4006768993271243e-06,4.426055087281686e-05,2.0007410274268098e-06,9.6278078794285e-05,2.3080452105630347e-06,9.754348497945122e-05,1.3055435903898185e-06,6.0783022928405686e-05,1.4742939965602643e-06,3.5372361383324605e-05,5.182632781872145e-06,7.710873235433334e-05,1.1407393953997646e-06,6.43593881764823e-05,3.1769628370338686e-08,0.0007179271189591498,9.157113687815267e-05,0.0005227222825627913,4.8100860184127246e-05,0.0028967559618579023,0.00019796854048935528,0.005487587607104671,6.651714775513093e-05,0.007272713452011005,3.532317705353012e-05
bad/裂纹蛋40.xlsx,1,2.1074600617604645e-07,4.368487063473718e-08,6.694407734823269e-07,1.9139616210597413e-08,1.8833281935838832e-07,3.1176416327623014e-09,1.0370803350000122e-06,1.1512088962835512e-08,1.0783887486629647e-07,1.3228610779751903e-08,6421.875,0.0,19242.1875,23.4375,6968.037217456423,111.68721737540272,10061.77085534318,92.38554451777509,5.250545197782399,0.015638553069864614,10.485615931741007,4.68224859709319,0.012500236458333253,0.0003117616666666618,5.471104758674873,5.183666933731065,0.017014166666666664,0.007766458333333337,-2.80331313717852e-17,1.7717309101309792e-17,0.02300000000000002,0.007999999999999896,0.0016136328246892403,2.0125503840915456e-05,-0.39483233988613176,0.4154086377144771,0.0016136328246892403,2.0125503840915347e-05,0.40904355073973747,0.008335069806209627,0.00014245873650347375,1.0702424189407917e-05,9.990704185138837e-05,5.37554105642729e-06,6.0202077874676465e-05,1.2261634995585387e-06,3.481760716419071e-05,3.4064364738073136e-07,6.048104209761132e-05,2.8626419675280334e-07,3.3127710443597353e-05,5.193706641515968e-07,8.213405074748054e-05,8.16280304982215e-07,9.025341558478695e-05,1.2065837230449655e-06,6.303771824016153e-05,1.922331517678028e-06,3.408243264952791e-05,2.4209083833072413e-06,6.726565979260545e-05,1.0024273216408628e-06,5.64035456284499e-05,5.443107263631986e-08,0.0015412838101620022,9.916277384484007e-05,0.0004279831507607326,1.3105487091898734e-06,0.0022304383070067286,1.5545403712660796e-05,0.004057486739570265,1.376800562593759e-05,0.0044054649579799085,0.00015252591090808175
bad/裂纹蛋41.xlsx,1,1.6783262834306644e-07,4.688010297377562e-08,6.447865768383493e-07,1.8014756756195686e-08,1.8903360180020937e-07,7.356870684677585e-09,1.0380960780853274e-06,1.0115446319995215e-08,1.0950375089633169e-07,3.292793202204187e-09,6398.4375,23.4375,19593.75,375.0,6904.79966116078,148.0429547251806,10171.544773784502,79.6103872055046,5.360826792035764,0.12377811622240609,4.117182379317054,0.41308783966566986,0.011886988958333244,1.7339166666669077e-05,-0.11886590493681859,0.06991666562555277,0.006479583333333427,0.0006547916666664877,-1.545754265327067e-16,3.268219028740305e-17,0.012000000000000122,0.0010000000000000009,0.0015736755433346,1.1477354414605057e-06,-0.051319495536315346,0.009464398520966366,0.0015736755433346,1.1477354414605057e-06,0.4109189414461346,0.00041675349031050635,0.00012530582687721306,1.1871413057536622e-05,8.839008524832772e-05,1.0229882254166242e-05,5.865043567281596e-05,8.79759992046349e-07,3.2688109440028636e-05,8.614866521198818e-07,5.9767775694304584e-05,9.54559537184379e-07,3.0830851114847336e-05,8.737244171840066e-07,8.152185478059989e-05,2.1722425507769542e-06,8.802886420682202e-05,6.066049137537998e-07,6.424314624358282e-05,1.583941646722668e-06,3.801550903752969e-05,1.890955084105821e-06,6.606708454201171e-05,5.026215751356168e-07,5.416031691580196e-05,9.174851743721692e-07,0.001416766424134449,5.3527468442382585e-05,0.0004755193464928307,7.56026771957195e-06,0.002180997203605273,1.997344473503044e-05,0.003896476514921076,8.60811572514753e-05,0.004127449812415851,1.98616095528183e-05
bad/裂纹蛋42.xlsx,1,1.651624687362801e-07,1.6177680720852214e-08,6.752041286013213e-07,4.432789941201475e-08,2.1570956262415557e-07,1.2727054793663469e-08,1.053579427146164e-06,7.665158169432197e-08,1.1904903649318239e-07,9.040606443823415e-09,6421.875,0.0,19125.0,46.875,6837.205534072245,70.15765788672616,10080.780236012042,69.84292602277856,5.286585992432382,0.03784272039170711,10.706439723043385,6.175155554891377,0.01253551447916659,0.0004551446875000198,8.207159226126391,8.251719603456625,0.01748031250000004,0.010291770833333436,-6.75385673313637e-17,3.2057689836051396e-17,0.023500000000000076,0.010499999999999954,0.0016157674724982837,2.9342653416962483e-05,-0.5805472780177554,0.4901508441041403,0.0016157674724982837,2.9342653416962483e-05,0.4032090018753907,0.0006251302354657318,0.0001265900842329083,1.667530187483566e-06,9.333700048944117e-05,1.468931247374502e-06,6.015517538725186e-05,9.023819998234622e-07,3.504748804072182e-05,1.0288551264174886e-06,6.334591611057508e-05,5.922825799007465e-07,3.5332824328701205e-05,1.2668789139724088e-06,8.293287383593135e-05,3.432374178897519e-06,9.05867532327215e-05,1.0488958206282832e-06,6.602132759556893e-05,3.2368665004940043e-06,3.732139099961179e-05,1.100547444063212e-06,6.749769155208011e-05,1.509222646568969e-06,5.608586487614351e-05,9.316438972959813e-07,0.0013282020521201898,2.0317688017619062e-05,0.00048691085783840704,2.9676446807800846e-05,0.002270930573818669,0.00011014682283569063,0.0041460322608986785,0.00015404399131957154,0.00438548538200827,0.0001650207665239204
bad/裂纹蛋43.xlsx,1,2.0185280900386993e-07,2.063502212693216e-08,6.693352437666723e-07,2.3572776127765606e-08,1.945206931530732e-07,1.1939763697844915e-08,1.05979822244484e-06,3.2520632013223235e-08,1.1038104509531738e-07,3.1173206868466325e-09,6421.875,0.0,19148.4375,23.4375,6858.645834061833,78.2005709425357,9968.129751181976,84.01581409110076,5.252251194855221,0.00034390430924302606,6.921078712942573,1.7092298809312707,0.012128168229166592,1.75784375000005e-05,0.547820289258591,0.5641422140876102,0.01100343749999999,0.0027248958333333517,6.492491729422529e-17,1.9359513991901167e-17,0.018000000000000016,0.0020000000000000018,0.0015895598093276847,1.1519461103875334e-06,-0.15140408908734335,0.05346839706080634,0.0015895598093276847,1.1519461103875334e-06,0.40102104605126065,0.0003125651177328381,0.00013256058401956046,1.1224251368946355e-06,0.00011290879521579596,5.3810707790817616e-06,5.945266247791999e-05,6.177616744188399e-08,3.312231881778168e-05,4.464545656735294e-08,5.9560809733194726e-05,2.560761900140176e-06,3.1209838810253765e-05,3.475737748571336e-07,8.078574703265063e-05,2.09994757379245e-06,8.996351746017438e-05,4.033998884309448e-07,6.357519959125435e-05,1.0496983555693802e-06,3.8080885107540417e-05,6.204414706438322e-07,6.604944971100904e-05,1.9066653508424333e-07,5.5623814316578055e-05,9.725575760622087e-08,0.0014935193179160915,0.0001311252697962658,0.0004385281595926813,1.3027488300439968e-05,0.002189238322434669,2.6587267111414592e-05,0.0039452516195500695,7.681435395902412e-05,0.004183648461636852,1.2939292667424156e-06
bad/裂纹蛋44.xlsx,1,1.9357736166370487e-07,3.694841435921364e-08,6.397888505439288e-07,9.109829843717629e-09,2.0226266225262348e-07,2.989915097427753e-11,1.0109922326559566e-06,1.4241767572616088e-08,1.0402081833097351e-07,8.721259115968368e-09,6398.4375,23.4375,19546.875,281.25,6966.274218825413,116.08636066887084,10092.937811877917,91.18575390613114,5.262934621126266,0.028315473689556114,5.149325721941802,0.30771757792278054,0.012085973645833276,2.20255208333341e-05,-0.0006443270242291188,0.007773660804065274,0.0081713541666667,0.0004957291666666253,-1.0408340855860836e-18,1.4548547551858822e-17,0.014000000000000012,0.0,0.001586792073845997,1.4458889256011888e-06,-0.07766130571352442,0.022625761097968516,0.001586792073845997,1.4458889256011888e-06,0.4053969576995207,0.003438216295061469,0.00013340401573534066,8.803583731014348e-06,0.00010146195365661509,2.6543074654476997e-06,5.8013477756169026e-05,1.1754513202996697e-06,3.2811419478098275e-05,4.443197369294795e-07,6.151744309319233e-05,6.744221485704785e-07,3.4122693758207325e-05,4.691269558235311e-07,8.020920154788517e-05,8.207820701452935e-07,8.80828450788258e-05,1.9267788937767143e-06,6.120630187980315e-05,1.632892362694108e-06,3.5935055211631085e-05,6.380820743992006e-08,6.590982514128146e-05,1.36240796033605e-07,5.545762490944787e-05,6.574748570854773e-07,0.0014674859714328995,6.667864492451334e-05,0.0004134362310192982,1.5175569993079106e-05,0.0021702086721707846,8.678966499692459e-05,0.0038743476262374362,4.4115824784166265e-05,0.004306704296548898,7.387155972408228e-05
bad/裂纹蛋5.xlsx,1,5.526242669080369e-07,4.866379167182412e-07,9.239423456436056e-07,1.4251065176811944e-08,5.443053177303594e-07,2.3911793756218463e-07,1.3305915209880251e-06,6.145314613657722e-08,7.951840521192014e-07,6.948886825767317e-07,6445.3125,23.4375,19617.1875,2273.4375,7112.333778463633,248.96172525629527,9170.21595373327,2200.829246585353,5.343143166168724,0.05585065078583984,11.11995612338419,3.6248102059655305,0.021715322395833524,0.00518492572916664,16.77428310800311,14.686081892649177,0.02440739583333329,0.01049822916666665,4.9613091412936685e-17,2.875015040852228e-17,0.03499999999999992,0.0129999999999999,0.0021115398291117167,0.00025578320743716823,1.2760654756983132,1.0989400969111722,0.0021115398291117167,0.00025578320743716834,0.41300270889768703,0.007709939570743896,0.00011995308799826548,4.227504312884601e-05,0.00016774188844518388,0.00011219914228839084,6.912488306167375e-05,2.2841880009982942e-07,4.304312208824392e-05,1.5007146919108458e-06,8.203238586717547e-05,6.596209483340047e-06,6.080682843094502e-05,1.7420928496843412e-05,9.538263498235519e-05,1.110396073083742e-06,9.79594617378366e-05,4.181419478467701e-06,8.764609544299244e-05,2.834317675786208e-05,0.00010902560101438508,7.394929146664129e-05,8.035756990323821e-05,3.953813500679486e-06,7.96856135107653e-05,1.2198626419290369e-05,0.004223284907671637,0.0035278425308357384,0.0014054113377120908,0.0008412674363019429,0.0035844575831351917,0.0007548392174383917,0.00548436040962068,0.00017982519301317163,0.007078538903058449,0.00011392156142666417
bad/裂纹蛋6.xlsx,1,5.871773600700111e-08,1.0798728097544925e-08,9.158128544564344e-07,5.2381028225270126e-08,3.405247062323825e-07,7.021252685283014e-09,1.3130790758662784e-06,7.982598064372394e-08,8.777009910409243e-08,7.782104004018208e-10,6445.3125,23.4375,21960.9375,70.3125,6895.289459940176,5.2133549048912755,11546.993613437462,242.53814079194854,5.3854037782796516,0.02153101691660808,5.465607714997939,0.014245661555223776,0.016142392291666866,0.00010777249999998836,1.792301619298899,0.10597600909359306,0.01002312499999991,5.95833333333351e-05,5.893433889051873e-17,9.769962616701378e-17,0.019000000000000017,0.0010000000000000009,0.0018338377567918888,6.121753160416728e-06,0.17422261374408204,0.06187138186494197,0.0018338377567918888,6.121753160416728e-06,0.41269014377995417,0.002396332569285259,7.562765998243436e-05,4.219410419308058e-06,4.9597181780560215e-05,1.0047723056784304e-05,6.881247604856876e-05,1.1868237134328154e-06,4.351645032163233e-05,1.587635543565705e-06,7.712286585686308e-05,5.518438246924953e-07,4.56538358669497e-05,8.67857839425888e-08,9.439936592720691e-05,1.2658241512704312e-07,9.851987105148774e-05,7.845225312940699e-07,5.733727060190309e-05,4.6393341313969764e-07,3.2300321028335506e-05,9.61085140908009e-07,7.606687832643663e-05,4.291731007998874e-07,6.481057854092163e-05,1.518693873574349e-06,0.0006101213409608743,5.599961869410776e-05,0.000579856470626233,1.7940687834384753e-06,0.0027024609438658664,6.672008450434074e-05,0.005450693128504337,0.0001276105217203607,0.006850512120815566,9.174524268138352e-05
bad/裂纹蛋7.xlsx,1,3.781374255372875e-08,4.997884917016165e-09,9.043413094707611e-07,3.6150108531171116e-08,3.3772427904942834e-07,6.057690217336267e-09,1.3250689302888859e-06,5.690464295466134e-08,9.357193911661779e-08,8.712000696807782e-09,6445.3125,23.4375,22078.125,46.875,6883.805814821211,35.08501700720808,11678.047184624626,150.32882738390254,5.366665572115446,0.024580925007813725,6.756040733281483,1.8968734363508508,0.016260352916666866,5.5006249999989265e-05,2.200524015133006,0.4573653139647784,0.012440624999999983,0.003512291666666556,-2.3430331748860073e-17,5.817106056108893e-17,0.02100000000000002,0.0039999999999998925,0.0018405335728358518,3.1131286018889126e-06,0.20110625893710765,0.04421688175787859,0.0018405335728358513,3.1131286018889126e-06,0.41102312981871225,0.0005209418628881191,6.410899641991685e-05,1.7574920883023948e-06,3.8689062084278685e-05,2.229163861164016e-06,6.8084379722258e-05,1.360734623974615e-06,4.251194193455204e-05,9.447868110825107e-07,7.764018092274474e-05,1.1243637775702395e-08,4.572497536299028e-05,1.1266334686152968e-06,9.519889749656958e-05,8.119744224164427e-07,9.953122706990711e-05,2.4544800750551086e-06,5.978133988553057e-05,3.6424149559868215e-06,3.1068972089534513e-05,2.46032514644711e-06,7.623117802194791e-05,5.788475703890361e-07,6.494435467648768e-05,1.3657582586449577e-06,0.0005648863311390832,4.281983193384477e-05,0.0005915927699783327,2.4904376285245764e-05,0.002804731476289064,2.750582911154975e-05,0.005465966354877817,3.7546556825230736e-05,0.00694519595591205,6.257611755541327e-05
bad/裂纹蛋8.xlsx,1,4.564298452634577e-08,1.09379611487611e-08,9.223581620333369e-07,2.8865025972069647e-08,3.4738975772455776e-07,1.1595014767342225e-08,1.401749706030177e-06,8.448253490936406e-08,9.682739872549944e-08,1.2367237696715377e-08,6468.75,0.0,22078.125,0.0,6909.514595268972,49.046427923226474,11655.653558803166,27.581092631640786,5.37741745063082,0.008088087524135368,5.789433663929453,0.2044229144708658,0.015733011458333532,0.0005051366666666661,1.6188843595733493,0.0676219376299878,0.010486041666666557,0.0005383333333335294,-1.9181415715034216e-16,6.279698983036042e-17,0.018999999999999906,0.0,0.0018102115341563079,2.9067543646108624e-05,0.11531094964964671,0.058523353073358715,0.0018102115341563079,2.9067543646108624e-05,0.4103979995832465,0.01052302563033966,6.935500325003642e-05,3.159072238852129e-06,4.170116252572008e-05,8.977436722898177e-06,6.616668242686758e-05,8.306801286411136e-08,4.1187966096527956e-05,8.867400184440802e-07,7.754812059004312e-05,1.5768032863990475e-06,4.686727197263842e-05,1.2805356376000782e-06,9.407029749349858e-05,2.953338846375326e-06,9.779442674770206e-05,3.4192871759447833e-06,5.8056467738427195e-05,3.3769961039584415e-06,3.314018488732951e-05,2.1196412599983434e-06,7.467488585374414e-05,1.3592904757755655e-06,6.367354628834016e-05,2.522502920743178e-06,0.0006506209029836822,3.9291038033116967e-05,0.0005899843615075468,3.416559741029968e-05,0.0027770303569901993,0.00012386797163145905,0.00533587315350547,7.070279115550153e-05,0.0065104336397330135,0.0001885015616545577
bad/裂纹蛋9.xlsx,1,6.188230972729499e-08,1.1893880093606036e-09,1.0014082373084563e-06,9.214856336953508e-08,3.274336099861714e-07,1.7460487390329582e-08,1.3301064591700872e-06,1.492641303225311e-07,8.741476130291666e-08,1.508086077300902e-08,6421.875,0.0,22078.125,46.875,6922.8924225538485,16.355454650437878,11854.598927379826,81.13126629288945,5.412732566231846,0.009035639196002698,10.705773974208714,5.274293523584108,0.01655114322916687,0.0003995965625000122,8.371927450140937,6.607532122498611,0.019996562500000148,0.010033229166666824,-8.770761894538737e-17,1.301273903446069e-16,0.029000000000000026,0.01000000000000012,0.0018567854726367107,2.241758272051534e-05,-0.3360822833925929,0.40377933706857005,0.0018567854726367107,2.241758272051534e-05,0.41633673682017086,0.006251302354657207,8.089881313367976e-05,2.1536808720076236e-06,4.714335246367682e-05,1.8715193986440348e-06,6.938221398421868e-05,8.368833326790465e-07,4.493909494705381e-05,5.669078515513857e-07,7.592966961203506e-05,6.652437989206484e-07,4.2796810793139084e-05,2.2578060252429375e-06,9.346690305980517e-05,1.5415369842681858e-06,0.00010075548016187476,7.293206300123604e-07,5.766525876572812e-05,2.9228877264223774e-06,3.1765212312215936e-05,7.380017437163252e-07,7.67370544974089e-05,5.927792806385035e-07,6.637019288329983e-05,3.248019421431023e-07,0.0006454899047947647,5.652952591373795e-05,0.0005749220005344907,1.710237789569755e-05,0.0027778902030866125,9.849311405680725e-05,0.005473610426344414,0.00023922557700520927,0.007159571943402627,4.713159928158763e-05
