id,y,B_big_f_bp_0_500__meanch,B_big_f_bp_0_500__stdch,B_big_f_bp_10000_20000__meanch,B_big_f_bp_10000_20000__stdch,B_big_f_bp_2000_5000__meanch,B_big_f_bp_2000_5000__stdch,B_big_f_bp_5000_10000__meanch,B_big_f_bp_5000_10000__stdch,B_big_f_bp_500_2000__meanch,B_big_f_bp_500_2000__stdch,B_big_f_f_dom__meanch,B_big_f_f_dom__stdch,B_big_f_rolloff_85__meanch,B_big_f_rolloff_85__stdch,B_big_f_spec_bw__meanch,B_big_f_spec_bw__stdch,B_big_f_spec_centroid__meanch,B_big_f_spec_centroid__stdch,B_big_f_spec_entropy__meanch,B_big_f_spec_entropy__stdch,B_big_t_crest__meanch,B_big_t_crest__stdch,B_big_t_energy__meanch,B_big_t_energy__stdch,B_big_t_kurt__meanch,B_big_t_kurt__stdch,B_big_t_maxabs__meanch,B_big_t_maxabs__stdch,B_big_t_mean__meanch,B_big_t_mean__stdch,B_big_t_ptp__meanch,B_big_t_ptp__stdch,B_big_t_rms__meanch,B_big_t_rms__stdch,B_big_t_skew__meanch,B_big_t_skew__stdch,B_big_t_std__meanch,B_big_t_std__stdch,B_big_t_zcr__meanch,B_big_t_zcr__stdch,B_big_tf_stft_0_500_mean__meanch,B_big_tf_stft_0_500_mean__stdch,B_big_tf_stft_0_500_std__meanch,B_big_tf_stft_0_500_std__stdch,B_big_tf_stft_10000_20000_mean__meanch,B_big_tf_stft_10000_20000_mean__stdch,B_big_tf_stft_10000_20000_std__meanch,B_big_tf_stft_10000_20000_std__stdch,B_big_tf_stft_2000_5000_mean__meanch,B_big_tf_stft_2000_5000_mean__stdch,B_big_tf_stft_2000_5000_std__meanch,B_big_tf_stft_2000_5000_std__stdch,B_big_tf_stft_5000_10000_mean__meanch,B_big_tf_stft_5000_10000_mean__stdch,B_big_tf_stft_5000_10000_std__meanch,B_big_tf_stft_5000_10000_std__stdch,B_big_tf_stft_500_2000_mean__meanch,B_big_tf_stft_500_2000_mean__stdch,B_big_tf_stft_500_2000_std__meanch,B_big_tf_stft_500_2000_std__stdch,B_big_tf_stft_mag_mean__meanch,B_big_tf_stft_mag_mean__stdch,B_big_tf_stft_mag_std__meanch,B_big_tf_stft_mag_std__stdch,B_big_w_wav_E_L0__meanch,B_big_w_wav_E_L0__stdch,B_big_w_wav_E_L1__meanch,B_big_w_wav_E_L1__stdch,B_big_w_wav_E_L2__meanch,B_big_w_wav_E_L2__stdch,B_big_w_wav_E_L3__meanch,B_big_w_wav_E_L3__stdch,B_big_w_wav_E_L4__meanch,B_big_w_wav_E_L4__stdch,S_small_f_bp_0_500__meanch,S_small_f_bp_0_500__stdch,S_small_f_bp_10000_20000__meanch,S_small_f_bp_10000_20000__stdch,S_small_f_bp_2000_5000__meanch,S_small_f_bp_2000_5000__stdch,S_small_f_bp_5000_10000__meanch,S_small_f_bp_5000_10000__stdch,S_small_f_bp_500_2000__meanch,S_small_f_bp_500_2000__stdch,S_small_f_f_dom__meanch,S_small_f_f_dom__stdch,S_small_f_rolloff_85__meanch,S_small_f_rolloff_85__stdch,S_small_f_spec_bw__meanch,S_small_f_spec_bw__stdch,S_small_f_spec_centroid__meanch,S_small_f_spec_centroid__stdch,S_small_f_spec_entropy__meanch,S_small_f_spec_entropy__stdch,S_small_t_crest__meanch,S_small_t_crest__stdch,S_small_t_energy__meanch,S_small_t_energy__stdch,S_small_t_kurt__meanch,S_small_t_kurt__stdch,S_small_t_maxabs__meanch,S_small_t_maxabs__stdch,S_small_t_mean__meanch,S_small_t_mean__stdch,S_small_t_ptp__meanch,S_small_t_ptp__stdch,S_small_t_rms__meanch,S_small_t_rms__stdch,S_small_t_skew__meanch,S_small_t_skew__stdch,S_small_t_std__meanch,S_small_t_std__stdch,S_small_t_zcr__meanch,S_small_t_zcr__stdch,S_small_tf_stft_0_500_mean__meanch,S_small_tf_stft_0_500_mean__stdch,S_small_tf_stft_0_500_std__meanch,S_small_tf_stft_0_500_std__stdch,S_small_tf_stft_10000_20000_mean__meanch,S_small_tf_stft_10000_20000_mean__stdch,S_small_tf_stft_10000_20000_std__meanch,S_small_tf_stft_10000_20000_std__stdch,S_small_tf_stft_2000_5000_mean__meanch,S_small_tf_stft_2000_5000_mean__stdch,S_small_tf_stft_2000_5000_std__meanch,S_small_tf_stft_2000_5000_std__stdch,S_small_tf_stft_5000_10000_mean__meanch,S_small_tf_stft_5000_10000_mean__stdch,S_small_tf_stft_5000_10000_std__meanch,S_small_tf_stft_5000_10000_std__stdch,S_small_tf_stft_500_2000_mean__meanch,S_small_tf_stft_500_2000_mean__stdch,S_small_tf_stft_500_2000_std__meanch,S_small_tf_stft_500_2000_std__stdch,S_small_tf_stft_mag_mean__meanch,S_small_tf_stft_mag_mean__stdch,S_small_tf_stft_mag_std__meanch,S_small_tf_stft_mag_std__stdch,S_small_w_wav_E_L0__meanch,S_small_w_wav_E_L0__stdch,S_small_w_wav_E_L1__meanch,S_small_w_wav_E_L1__stdch,S_small_w_wav_E_L2__meanch,S_small_w_wav_E_L2__stdch,S_small_w_wav_E_L3__meanch,S_small_w_wav_E_L3__stdch,S_small_w_wav_E_L4__meanch,S_small_w_wav_E_L4__stdch
good/蛋1.xlsx,0,1.012160219888042e-06,3.531451031506917e-07,8.170729145499089e-07,2.3211358351143924e-08,3.237963799598142e-07,2.2990943599658698e-08,1.257749851493789e-06,4.1406013049684876e-08,6.860650477392184e-07,9.328523383950238e-08,3445.3125,3023.4375,18609.375,796.875,7679.571866782955,26.470675670612763,7759.1850720837465,550.8237166610229,5.126794563020036,0.17204365337732952,8.539378587663052,0.41600794190082624,0.02088331614583349,0.0008862836458333277,6.031251413924646,0.36664383786211285,0.01778927083333348,0.0004894791666666398,1.2163881013549372e-16,2.8611372530444137e-17,0.029000000000000026,0.0010000000000000009,0.002085361104014396,4.427109191301043e-05,0.3362830270874835,0.09977531826195771,0.002085361104014396,4.427109191301043e-05,0.3692435924150865,0.0016670139612419144,0.00019813658397183976,1.558465904546659e-05,0.00027598541290032994,5.34700750998394e-05,6.316444049637125e-05,5.219837721466149e-07,3.8741421876606166e-05,1.2370441100431075e-07,7.235756539578549e-05,2.7726523626851187e-06,4.389480096260402e-05,1.6305575491298978e-06,9.378671944865579e-05,1.1204750082176583e-07,9.244943706920031e-05,2.52552682723843e-07,0.00010106479149153996,5.163088016315906e-06,0.0001342923892915997,1.4418005178717803e-05,7.82539046197817e-05,3.0949884724367096e-07,8.29212152203571e-05,3.1530166072292176e-06,0.00683097665579185,0.0009400401704008003,0.0006479521853358053,2.072188939875925e-05,0.0025430441445777737,0.00019578946668917258,0.004977989623260153,4.7192614759903294e-05,0.0060269339679543295,1.2249338524887576e-05,6.964956536311884e-08,4.717187563962284e-10,7.016108156735365e-07,8.61849835441244e-09,2.532146696221923e-07,1.3681483285798267e-09,1.0090613063934274e-06,2.6114399204671836e-09,8.557639401032655e-08,4.394614932265217e-09,6445.3125,23.4375,21023.4375,117.1875,6865.809187531822,41.522662591220524,11053.404292930305,41.96587020630068,5.459340161356501,0.016675098184371517,9.119565812678786,0.24950392075814154,0.012641789895833479,0.00013130989583334633,2.7668499098547192,0.2165415845509111,0.014801770833333339,0.0004817708333334503,-2.151057110211241e-17,6.106226635438361e-17,0.022500000000000075,0.000500000000000056,0.001622847863880032,8.428463600157932e-06,-0.04284303058367347,0.06624860543681554,0.001622847863880032,8.428463600157932e-06,0.39664513440300064,0.0009376953531985699,8.266649789053643e-05,1.5476232755817846e-06,5.678584995144685e-05,3.0848349831172616e-06,6.150290308886436e-05,3.595782791975048e-08,3.641256894144573e-05,6.880494565515191e-07,7.039377338136776e-05,3.920994496535622e-07,4.1095803733820775e-05,1.254448808201041e-06,8.781204788535638e-05,8.477681418455956e-08,8.496735593694619e-05,1.1591398823535372e-06,5.66930520949901e-05,2.0950877931422386e-06,3.0268655532454825e-05,6.137179598334315e-07,6.977818613138893e-05,1.417788413716559e-07,5.538101658462874e-05,2.6934607917415514e-07,0.0006083449145552368,6.487015088764989e-07,0.0005344377348252883,5.8027380030854786e-05,0.0022304609750966927,3.6505560570368814e-05,0.004257636856590745,4.611106051270915e-05,0.00506922737089043,0.00013511976011942265
good/蛋10.xlsx,0,6.298059280664468e-08,8.40399331010857e-09,8.162378890895047e-07,4.734075925247733e-12,2.8538380031852494e-07,8.45782854939893e-09,1.2742304873470154e-06,6.263183305775939e-08,1.0406495883032576e-07,1.905147484103073e-09,6445.3125,23.4375,22078.125,46.875,6952.645896226463,21.581742458834015,11480.130293849055,113.59804842287394,5.403076725429951,0.03778413364989186,4.906515736809521,0.05551658477128241,0.014649803645833428,0.0004172555208333149,2.0386832514562885,0.02943475659446282,0.008569479166666727,2.5104166666678474e-05,9.390636416621116e-17,1.1426045295100568e-17,0.016999999999999904,0.0,0.0017468323698693225,2.4881675828300367e-05,-0.19884633300572746,0.018259942997061254,0.0017468323698693223,2.4881675828300476e-05,0.41508647634923945,0.007084809335278192,7.666905112088074e-05,1.8615507642256773e-06,5.291769308195959e-05,3.8047165790706945e-06,6.36084834348753e-05,1.4156200106247901e-06,3.9034538111724185e-05,6.817544125645731e-07,7.02650407396385e-05,7.875245855228525e-07,4.554110573381584e-05,1.1878607018709681e-06,9.344503076769476e-05,2.1897934608729083e-06,9.405743432623684e-05,1.8099681053231976e-06,5.980886884660604e-05,1.7847176893972086e-06,3.2825774898687295e-05,3.4340328876314487e-06,7.268171963083924e-05,1.500186983779679e-06,6.201782955850296e-05,2.3496627503732454e-07,0.0006427950078388366,5.792485218604655e-05,0.0006044500005123845,5.261023224832108e-07,0.00246688261179287,9.234211578425027e-06,0.004932836757868817,0.00014254346297192227,0.006047275043956713,0.0002298675888295367,8.557565209644585e-08,3.0879971813215504e-08,8.382907937987994e-07,1.1039862535889847e-08,2.741693836199029e-07,6.785847135465893e-09,1.1849134266474575e-06,2.1267019520892457e-08,1.277182454391444e-07,2.292983744151514e-08,6468.75,0.0,21843.75,234.375,6997.153887406428,85.84659950543983,11340.019621678603,249.25037663906824,5.492650216362964,0.023420094732725882,5.065748508216727,0.3158772915217538,0.014758069062500104,0.0001468109374999976,1.896842399082201,0.16042705833028892,0.0088796874999999,0.0005096875000001333,9.358254911736215e-17,7.716050021144837e-17,0.01650000000000007,0.000500000000000056,0.0017534313942279868,8.721644907194325e-06,-0.3079321591642422,0.03756557139498956,0.0017534313942279868,8.721644907194433e-06,0.42863096478433005,0.0,8.524685121879111e-05,9.141034877540918e-06,6.688397528155788e-05,1.756320310043815e-05,6.559648876725322e-05,2.6509506894251697e-08,3.930725308036905e-05,7.28940042971657e-07,6.984890793554935e-05,1.4771524065707956e-06,4.156655254989344e-05,9.61399661599879e-07,9.414657112373235e-05,4.6608161556231594e-07,9.030857441698817e-05,3.3566925669864663e-07,6.287540147567254e-05,2.7785924803420935e-06,4.130482906802343e-05,7.4999409487220565e-06,7.40857916332553e-05,3.7738205782181466e-07,6.0047582262608506e-05,7.720433519973548e-07,0.0008501757266747719,0.00020790310167207723,0.0004893231915061312,1.0515067152167402e-05,0.0026490584017623007,5.572070353073409e-05,0.004689843719104282,6.0346685932613844e-05,0.006151855417002,6.175636412891544e-05
good/蛋11.xlsx,0,8.314753615570948e-08,1.6434481971810983e-09,8.733874320081234e-07,1.014805314189363e-07,3.263907248056574e-07,1.6473550622374744e-08,1.2507519245185026e-06,1.7941757293995853e-08,1.2112653591595822e-07,1.179752097881711e-08,6468.75,46.875,21984.375,93.75,7004.348368757215,2.897286823521881,11323.682882894727,125.63735117180659,5.563260843055005,0.03992966505275897,15.07717681836892,10.282041664555472,0.016503274479166788,0.0009384846875000073,44.40586750259202,42.480409519046034,0.028487604166666625,0.019852812499999928,7.387609043026562e-17,1.1981156807413147e-17,0.03649999999999998,0.020499999999999963,0.0018534832957668548,5.274329789637386e-05,-1.8364509937686617,1.6968339529512821,0.0018534832957668548,5.274329789637386e-05,0.42206709731194,0.0032298395499062438,8.64683374301321e-05,3.7298296761991873e-06,6.409098215849875e-05,1.6108933004901855e-06,6.663941606007193e-05,2.702937911477137e-06,4.498744556131322e-05,2.8084196644130576e-06,7.686862180010024e-05,3.276221046376123e-06,4.685850928659527e-05,2.996605553038997e-06,9.841852680561807e-05,5.204192126327624e-07,9.54898286319276e-05,7.927618193875844e-07,6.330633438472375e-05,1.9190533580891193e-06,4.112248571745229e-05,2.2620796503836496e-06,7.711765622394275e-05,2.0019197913632286e-06,6.591081852673804e-05,1.1132206101505777e-06,0.0008093271057841719,5.564675259245663e-05,0.0006703478481189235,0.00011769495306555822,0.002726591791670414,0.00010310592799661232,0.005451039316863688,0.0001759799526368129,0.006918628222079032,0.0005089825030204658,8.528936177460475e-08,7.095586669675127e-09,8.89398562446125e-07,4.2249624827088085e-08,2.508913917459687e-07,2.9375083856680672e-08,1.306012072231656e-06,2.155738251167992e-08,1.1267372944688683e-07,1.6169813339594066e-09,6445.3125,23.4375,22125.0,46.875,7006.440014303801,21.347567079452347,11656.76530535542,100.9489012897684,5.434966331285301,0.012252762347888524,6.370358049135167,0.34175478177246355,0.014685699895833446,0.00023324677083333065,2.2786786747870087,0.16128626693468195,0.011137604166666759,0.0005092708333332974,6.811680849002262e-17,9.309682654408866e-17,0.020000000000000018,0.001000000000000112,0.001749093437649979,1.3890932357001951e-05,-0.15805611973100286,0.0019324778717762642,0.001749093437649979,1.3890932357001951e-05,0.4267555740779329,0.0031256511773286033,7.702023478787349e-05,2.249244125399046e-06,6.904785399442198e-05,4.903056744116998e-06,6.454747298645545e-05,1.2773551784919115e-06,4.062943248523792e-05,1.1685682181076569e-06,6.635183087525219e-05,4.209665355842294e-06,3.810129082242729e-05,2.706113483192523e-06,9.411464500428834e-05,1.2478755039234109e-06,9.187952341301767e-05,3.6203655711328773e-07,5.704404244834994e-05,7.765073471067369e-07,3.865150671412576e-05,1.3731031164320515e-06,7.246068135456445e-05,1.413603482076372e-06,6.105119692570215e-05,5.279535113698403e-07,0.0008196637651251544,1.8732079584145246e-05,0.0004325644952599459,5.120613161781773e-05,0.0023893591355060558,0.0001222537316436824,0.004963283009763742,2.8947334759583422e-05,0.006198586049521964,1.1517277930231731e-05
good/蛋12.xlsx,0,1.1621465967001973e-07,9.023458266089803e-09,8.366209107579501e-07,5.149486869329877e-09,2.5864514446213706e-07,5.890668415423785e-09,1.243390790884679e-06,2.4331065955986113e-08,1.0266843270907493e-07,6.392531445515523e-09,6468.75,46.875,22054.6875,70.3125,7051.860078154114,21.78291766762186,11441.948756974398,69.71984458481074,5.454665351488769,0.04401579466345451,8.869731077357198,3.620642414563595,0.015531289895833427,0.0002905432291666673,4.36734563791202,2.388781554888084,0.016015104166666627,0.0066617708333333026,3.700743415417191e-18,5.301314942585123e-17,0.024499999999999966,0.00649999999999995,0.0017987224043369055,1.6825786809509516e-05,0.016165863350775425,0.25886137280864224,0.0017987224043369055,1.6825786809509516e-05,0.42185872056678475,0.008439258178787268,9.094189247549098e-05,4.097138842952033e-06,8.004296850630124e-05,5.046914255644937e-06,6.650551462640249e-05,1.420493765654723e-06,4.143543646599938e-05,1.270843882042573e-06,6.96786721571996e-05,2.128627801448093e-06,4.138395533910601e-05,1.0020778127869602e-06,9.498558070034668e-05,7.677751888010296e-07,9.35708399329668e-05,9.304148895367882e-07,5.941831760813904e-05,6.864485188090477e-08,3.589978860527989e-05,4.428331487285723e-06,7.479640167083339e-05,1.2931817574016126e-06,6.300681621983532e-05,1.5646467750555715e-06,0.0009590535368106538,4.439455936490423e-05,0.0005141808346996982,3.706777617987965e-05,0.00237359047783947,2.7014773030805284e-05,0.005213136749784226,0.00016581548194792226,0.00665638175551874,1.9511154649687855e-05,1.19089141517166e-07,2.2623252623163765e-08,8.203232515925812e-07,7.661189611449873e-09,2.633374349684814e-07,8.089816562354606e-09,1.2536956235898647e-06,7.2353962662274106e-09,1.1988052999775984e-07,5.501719830339448e-09,6468.75,0.0,21984.375,0.0,7047.080820784739,42.34424929202851,11238.744552400944,48.285361970532904,5.476175377806483,0.03042167802389706,8.550929519809575,1.5376908255990647,0.015236933229166773,0.0004929834374999935,3.1849248881954653,0.9946382968370218,0.015188645833333458,0.002492812500000108,9.654314384969591e-17,4.986751752274662e-17,0.024499999999999966,0.0035000000000000586,0.0017814404650361275,2.8826358452123694e-05,-0.008090244098460552,0.014742837402904569,0.0017814404650361272,2.8826358452123586e-05,0.42477599499895813,0.0017712023338195548,8.3060866358782e-05,6.110997109194766e-06,8.816001970149778e-05,7.595598514159787e-06,6.498490458031362e-05,3.81791519028416e-07,3.9568973538152056e-05,1.2865145478420082e-06,7.086112822682545e-05,2.30862662818652e-06,3.90642654912799e-05,2.306033415726154e-06,9.686488901407462e-05,6.140711905457523e-07,9.171329482755524e-05,1.8450972538459746e-06,6.335057580476928e-05,3.5034347384804547e-07,3.8440158262092875e-05,1.3962984321369888e-06,7.458817623597628e-05,1.0108358798101844e-06,6.151550392784608e-05,1.7666370440321359e-06,0.000974900436954123,0.00010019901968036376,0.000530595045396859,1.873930815406914e-05,0.0024556899239559704,0.00014393053168439466,0.005012705564819777,0.00010988757432034034,0.006328330858073816,0.000163039902845343
good/蛋13.xlsx,0,1.184301444651657e-07,9.119711352167794e-09,8.594627594329954e-07,6.357935143117351e-08,2.901824269911303e-07,2.3020602127198875e-08,1.3471541659276248e-06,8.513609359895785e-08,9.496000449395731e-08,1.3651964929239835e-08,6492.1875,23.4375,22171.875,0.0,7128.351569334465,11.392164115759442,11616.390590092304,64.7199621971995,5.371953503095808,0.009120432050215399,5.850201161575674,0.09827109309068849,0.01497349322916676,0.0004132934374999958,2.3627784225230384,0.16514308952845358,0.010329270833333348,3.093750000005002e-05,-7.489379486950535e-17,4.949744318120489e-17,0.018999999999999906,0.0,0.0017660360974734988,2.4377417766925777e-05,-0.20867920259487877,0.003283222853498566,0.0017660360974734988,2.4377417766925885e-05,0.42540112523442386,0.004271723275682454,8.565387687259817e-05,5.095826130653542e-08,8.243442453244101e-05,6.762822166686437e-06,6.353995399980732e-05,1.3678592269329866e-06,4.000838260005751e-05,1.8310965462576726e-06,7.025114457417429e-05,2.1675361751979106e-06,4.11202388200164e-05,1.8990599126166633e-06,9.364097633480507e-05,3.2866224740612507e-07,9.400709814499895e-05,4.017838456230951e-06,5.566300829888082e-05,3.6842930983460568e-06,3.554721729473829e-05,2.528827876473145e-06,7.25645750542559e-05,8.932867326227523e-07,6.330880802946433e-05,2.486157279004612e-06,0.00090827968424465,2.1630511902372346e-05,0.0004754847174993578,5.74760193832347e-07,0.002625257360201472,3.94336641748763e-05,0.004915854403604079,2.4365195906165572e-05,0.006147971334563437,0.00025094950098172777,1.8744624293855623e-07,2.5878898817386176e-08,1.0764499503057693e-06,1.355415327447785e-07,3.4458977410438264e-07,8.442399603488778e-08,1.449417716113136e-06,9.755717295743649e-09,1.7727873977665678e-07,3.2644717025537664e-08,6445.3125,23.4375,21492.1875,632.8125,7112.521710121739,31.93035351335493,11064.122081516514,217.7573690531699,5.531830853003673,0.16568271552729374,18.971019082220714,12.246275845215703,0.01784016239583344,0.0018600823958333478,100.39556640949681,97.71498088920133,0.03775635416666656,0.02548635416666678,1.2402116370916854e-16,3.608224830031759e-17,0.04700000000000004,0.026000000000000134,0.0019252459318139304,0.00010064095173376183,-3.303257943587707,3.1229264172363327,0.0019252459318139304,0.00010064095173376183,0.4224838508022505,0.0051052302563033836,9.507650017693281e-05,2.9144506793611263e-06,0.00011104634224256657,4.561811995241478e-06,6.957797677252578e-05,2.9327811914356546e-06,4.554603212915966e-05,3.552331224775349e-06,7.507865229595818e-05,5.991741399044192e-06,4.399995398138343e-05,3.6125903624229984e-06,9.909429352047475e-05,3.3400835882535726e-06,9.816142844841395e-05,1.662238505992556e-06,6.785240686717298e-05,4.100006732292639e-06,5.0761879687914835e-05,3.2131124222387355e-06,7.836192963635584e-05,3.384993225983928e-06,6.800890992508885e-05,2.677158276466052e-06,0.0013168303394336185,0.00014818184187247467,0.00076691017987479,0.00026816293516076584,0.0026776806991240226,8.755952369688368e-06,0.005853525236805211,0.0005523931353060992,0.007279929195944878,0.0008668991980293563
good/蛋14.xlsx,0,1.3428843991602529e-07,1.1851637777015403e-08,7.965997711850369e-07,8.349562927261623e-09,2.6317924948457355e-07,2.0701461461502857e-09,1.292201702953389e-06,2.301734220728426e-09,1.2157047355122428e-07,1.6061692191079657e-08,6445.3125,23.4375,22101.5625,23.4375,7144.143444641884,60.392172015571305,11232.863957113073,104.35254889183852,5.445554786785334,0.029247615839685714,7.455754561320235,1.7731179752988084,0.015648924479166756,7.85346874999926e-05,2.620863568660408,0.7455756989716043,0.013470104166666608,0.003235312500000087,6.973588373426765e-17,1.5288696234942262e-17,0.02299999999999991,0.0040000000000000036,0.0018055946588694267,4.53074923233588e-06,-0.15921431882405124,0.01958398594927116,0.0018055946588694267,4.53074923233588e-06,0.4215461554490519,0.005001041883725799,8.767149029415972e-05,1.774802030031974e-08,8.950588055368401e-05,5.993366550359349e-06,6.499250610877909e-05,8.403152089684902e-09,3.9184588316786505e-05,4.039479475514786e-07,7.008236043976981e-05,1.376664585660228e-06,4.077023715950375e-05,1.8983771043426573e-06,9.669068635760966e-05,1.987068091397551e-06,9.35364680743535e-05,9.491505511296147e-07,6.166102408273874e-05,3.0456324322145475e-06,3.944678865174211e-05,3.3747027069772443e-06,7.49534257986607e-05,2.7025233933489543e-07,6.29909547113101e-05,7.463398979017311e-07,0.001086372464802738,9.86465325843091e-06,0.0005003407857500763,5.843469760106261e-05,0.0026099849120479433,5.956999317173039e-05,0.00509368061926829,0.00018872742823710948,0.006507089292670595,8.478823500920538e-05,1.448881425015928e-07,1.70633308553377e-08,8.171904601994994e-07,1.94115160939398e-08,2.60243262927787e-07,1.6907914061761368e-08,1.2972488842426302e-06,4.9615480019372866e-08,1.2907777724418784e-07,2.2418243576190957e-08,6468.75,0.0,21421.875,328.125,7000.024395950493,5.081015398303862,10908.779691921149,113.76405663527294,5.47791285447212,0.011367831676873053,8.656869048917443,0.0021655416533130634,0.01586867291666677,2.608625000000142e-05,2.6442531280582267,0.06121351422142274,0.01574020833333334,1.6875000000027285e-05,-7.857140863857619e-17,2.731611233504812e-17,0.02400000000000002,0.0,0.001818233013347618,1.4944826589253016e-06,-0.016500069471763544,0.03337327740587437,0.001818233013347618,1.4944826589253016e-06,0.42831839966659724,0.00802250468847679,8.9157706841831e-05,3.595871814114663e-06,9.615538537780758e-05,5.383279321684034e-06,6.616205016487413e-05,5.827041797392882e-07,4.1319443042829564e-05,1.2803341036656535e-06,6.815010073521591e-05,4.7075306093668227e-07,4.019219595616264e-05,2.905320935918127e-06,9.91347483044386e-05,6.968771255504359e-07,9.673636392506458e-05,6.682304274951943e-07,6.356453183784449e-05,3.389519340556587e-06,4.266032186399772e-05,5.566643561322083e-06,7.521954504096867e-05,3.2656457580212104e-08,6.510130236420747e-05,4.888101569310835e-08,0.0010380610771536644,0.00015443328784901057,0.0005140817175635919,1.3922711931863539e-05,0.0026889263202213736,0.0001440160426600394,0.0052795597804979905,5.297832620308404e-05,0.006378123392807964,0.00010525378732986887
good/蛋15.xlsx,0,6.287357527314572e-08,4.932325006703943e-09,8.0942312460465e-07,4.3248338492776213e-08,2.6200954345544314e-07,2.2718343114150983e-08,1.3081715517611614e-06,1.1051218472383982e-08,1.240848251083474e-07,1.3573628904625695e-09,6398.4375,23.4375,22101.5625,23.4375,7023.274035754586,27.16272077090889,11560.303485507771,111.77789662223222,5.431173594991096,0.007059954719677464,7.226184966090251,1.0935646306135745,0.014994446458333423,0.00018524333333333996,2.368837507573398,0.19193788600991768,0.01278354166666662,0.002011666666666745,-1.7231586528036284e-17,7.574959178432058e-17,0.02199999999999991,0.0010000000000000009,0.0017674059561537507,1.0917797627857254e-05,-0.1679486115937097,0.10827876163953623,0.0017674059561537507,1.0917797627857254e-05,0.4227964159199833,0.0016670139612419421,7.407659170524066e-05,7.886906968536541e-07,5.445025326993712e-05,3.845305497899094e-06,6.35101854872665e-05,7.36647204263802e-07,3.882464793723932e-05,9.108538335626329e-07,6.792581350460977e-05,3.3610753840798146e-06,4.079331058998471e-05,2.6254438067975317e-06,9.498747727656784e-05,1.1751069386456978e-08,9.126860554520408e-05,1.6800461658120832e-07,6.431748373160942e-05,1.1716738272991468e-06,4.125435380340614e-05,2.7130432126522736e-07,7.297953695624803e-05,4.041033865691878e-07,6.053624755324113e-05,2.8899291537838395e-07,0.0007618426455292529,3.17531356648997e-05,0.0004890569102978994,1.6084542995072114e-05,0.002749213486685888,1.0564925269041306e-05,0.004945858747886242,0.0001931949101268986,0.0061749739950063,3.61386827331606e-06,1.087637113006866e-07,4.079267496481965e-09,9.643923115344327e-07,1.753916520606528e-07,3.4222435420204655e-07,7.034694480452457e-08,1.399532886314383e-06,9.304672422300618e-08,1.5245663295739085e-07,3.0230166392190317e-08,6492.1875,23.4375,21257.8125,70.3125,6930.26059034689,6.157759850198545,11024.344148632605,174.19189788556196,5.559667657958895,0.11513469381579178,17.138078134276103,11.46404080674597,0.017087534895833416,0.0014540148958333433,70.95621819998107,69.13813957914289,0.03322739583333334,0.022987395833333313,-4.78089789979208e-17,4.1517715191711584e-17,0.04200000000000004,0.02400000000000002,0.0018850589840409145,8.034755743184345e-05,-2.5809268096316824,2.3556316394116257,0.0018850589840409145,8.034755743184345e-05,0.41883725776203373,0.008960200041675331,8.436108969255192e-05,9.7883685132219e-07,7.829584524333543e-05,6.291277302901742e-06,6.761657399674739e-05,2.6024212825249374e-06,4.220760046953389e-05,3.0057226425060247e-06,7.611176340473712e-05,4.0125011135249176e-06,4.451059771885002e-05,3.0074452162122316e-06,9.949124295614153e-05,1.582286057489673e-06,9.700142210258806e-05,2.441783892440555e-06,6.711031522317764e-05,3.124742501440993e-06,4.42186016026684e-05,3.6902495896979798e-06,7.740529346610258e-05,2.5299216789601315e-06,6.447975681953723e-05,5.288481208712005e-07,0.0010009291696713336,5.807427538359795e-05,0.0007512985842329922,0.00017866471206477708,0.002799216029586214,3.9907564589164316e-05,0.005595708170555901,0.0005529136169118553,0.007037804934238125,0.0006953322617557238
good/蛋16.xlsx,0,1.1002946015921785e-07,1.9419103429855615e-08,7.666174868832817e-07,1.2046662732080644e-08,2.6086535808852757e-07,1.197394810147089e-08,1.205442096562286e-06,2.2604265388505866e-08,1.2776626608539635e-07,5.456377550505331e-09,6492.1875,23.4375,22007.8125,23.4375,7100.120877483776,42.23156407578881,11175.32842569833,75.391151282196,5.444674938696775,0.062988757308438,6.08973007865931,0.032825553484486125,0.014984155833333412,0.0001348433333333383,2.001496557317858,0.04865455930359186,0.010759166666666653,9.583333333340605e-06,1.7879216625734292e-17,6.175615574477433e-18,0.018999999999999906,0.0,0.0017668151939143452,7.94999986639068e-06,-0.1605249498663815,0.024289790899971728,0.0017668151939143452,7.94999986639068e-06,0.4231089810377162,0.00010418837257761271,8.505976184987682e-05,6.650736456437194e-06,7.74020179484268e-05,7.996749641267535e-06,6.403880519904149e-05,3.848346900849959e-07,3.875964480570721e-05,4.1234422134764907e-07,6.854765308249868e-05,2.279607854585808e-07,4.13490422073121e-05,6.544237458518544e-07,9.576868583924448e-05,3.466656143900481e-07,9.118725954970202e-05,2.8429660593068008e-06,6.424042092630604e-05,1.632940798726501e-06,4.132529818086856e-05,2.6945831979342015e-06,7.37817861730524e-05,4.856254040139154e-07,6.15918091854434e-05,1.4974443155316286e-06,0.0009395798163410979,5.825261253501187e-05,0.0005017522275151335,5.998181832111819e-06,0.0024174581987223085,3.7431804662813256e-05,0.00500968573802511,7.088387932186087e-05,0.0061906427092160085,6.51589103732096e-05,1.5210000804683835e-07,1.3358818377561147e-08,9.02998639913739e-07,3.343377285063821e-08,3.0254476805033275e-07,2.061358579275569e-08,1.3792305750294972e-06,2.1505315819914378e-09,1.4251949297790099e-07,9.075388668377815e-09,6468.75,0.0,21960.9375,164.0625,7087.636324103141,40.9018703984425,11173.21269608332,63.255896844125346,5.412275459840608,0.03427073268505598,7.633707349936134,0.6027190927567121,0.01568192989583342,0.00018875989583333128,2.7451498042170197,0.18869755960593793,0.013791145833333185,0.001006354166666612,-1.2020477206201956e-16,5.581183663376048e-17,0.02300000000000002,0.0010000000000000009,0.0018074707155336575,1.0878455169604237e-05,-0.1810934167718148,0.09799449384220013,0.0018074707155336575,1.0878455169604237e-05,0.4265471973327777,0.000625130235465704,8.676605637253514e-05,4.803804771313644e-06,9.984741399771261e-05,1.0024045442126676e-05,6.599810981266078e-05,1.4769620030641068e-06,4.0567653563174954e-05,2.6152782008716696e-08,7.321492141637855e-05,2.500193045245025e-06,4.21619115517596e-05,9.762863693107369e-07,9.448302971091782e-05,8.621844904178899e-07,9.476627696059734e-05,8.317437692878708e-07,6.582112445523502e-05,8.837197328882696e-07,4.5508362361175386e-05,5.816934088548914e-06,7.479025307490216e-05,4.816567166383089e-07,6.361484223312396e-05,4.177097479377622e-07,0.0011477600112596404,6.992361849010652e-05,0.0005591010639353384,1.216669513129609e-05,0.00264812278417162,8.856290087941917e-05,0.00507045167045044,0.00010469817063222262,0.006312769915337257,0.00012613208833570826
good/蛋17.xlsx,0,9.964553853327009e-08,1.5150105568575647e-08,8.163720659590237e-07,8.906397956817362e-09,2.772322316385354e-07,7.47302859727578e-09,1.3313903872520074e-06,2.0197712542944302e-08,1.2086023062925884e-07,1.0181656959306927e-09,6445.3125,23.4375,22031.25,140.625,7028.445988755828,14.939891037515281,11279.416019947264,228.9486498372571,5.387154054309326,0.015089924645429686,6.744128138939466,2.0379228879380915,0.015061790625000097,0.0004517325000000065,2.038384333234984,0.7373825302857342,0.011999375000000034,0.0037887500000000074,-6.661338147750939e-17,2.3592239273284576e-17,0.020000000000000018,0.0040000000000000036,0.0017712050263708654,2.656692367592004e-05,-0.10156651982431611,0.11284882746152447,0.0017712050263708652,2.656692367592015e-05,0.42644300896020004,0.008022504688476761,8.498443384314454e-05,7.0097994330534335e-06,7.099261352802831e-05,6.45928526385819e-06,6.418798127173057e-05,9.006970487610659e-07,3.835714096727395e-05,1.219329670662476e-07,6.934886580177648e-05,1.563533634294588e-06,4.0285574450487475e-05,2.096091390223519e-06,9.527499225876191e-05,5.043533726899495e-07,9.502607646735822e-05,1.5015524359228514e-06,5.9718983253979674e-05,1.098527894161183e-06,3.979510448938536e-05,2.2933153165164307e-06,7.37205755322501e-05,1.4112644732711885e-06,6.206324090065797e-05,8.001588580631844e-07,0.0008961838663579703,0.00012418063197606143,0.000507314379929127,1.189483175255689e-05,0.002604184435477753,0.00021676429269703668,0.00506495175302603,4.6035735644361225e-05,0.006101811980593127,0.00020729487526323625,1.0160753246199967e-07,6.939375165885861e-09,7.834212964817514e-07,1.6716088206042303e-08,2.6492473125806804e-07,8.53286629112597e-09,1.258352717553309e-06,2.7592909183624317e-08,1.532933448973895e-07,1.6972837914987932e-09,6468.75,0.0,21984.375,46.875,7065.933138484726,18.90790867015994,11056.541780250554,168.8032793008124,5.453447431762788,0.011934337788654048,6.09576815301478,0.13408439034952835,0.015691169166666758,0.00011369000000000743,2.070708990764511,0.12263693019241106,0.011020416666666755,0.00020250000000010537,-6.490178764787894e-17,7.799316747991725e-17,0.020000000000000018,0.0009999999999998899,0.001808023969086804,6.550083702328187e-06,-0.2619353285136347,0.053482057144041986,0.001808023969086804,6.550083702328187e-06,0.4230047926651386,0.0027088976870181525,8.631495025838312e-05,7.148419975184614e-07,7.146650571595434e-05,3.7281873903852343e-06,6.432886295391701e-05,4.278586550421774e-07,4.2104497821972436e-05,7.806652455880738e-07,6.9988456492712e-05,1.1151048442593783e-06,4.0868529975863e-05,2.2343061015344523e-07,9.725904426476726e-05,1.0292907876950974e-06,9.513963914857815e-05,1.4381493697392832e-06,6.565781676925089e-05,2.2431272403428674e-07,4.7476235254260785e-05,1.0576154683554799e-07,7.458739435781815e-05,5.613650265192077e-07,6.47771650856486e-05,1.1775025430762302e-06,0.0010055052708941876,6.433155894301963e-05,0.0005800474629856346,3.0324103858277043e-05,0.002596293190218233,5.157366802345845e-05,0.005185773246475082,5.911563372408297e-05,0.006464142857218837,0.0001669402040876413
good/蛋18.xlsx,0,1.3353212863191034e-07,1.7339918427996215e-08,7.8032823061593e-07,6.462041068009939e-08,2.7207495081096764e-07,3.404821890163432e-08,1.2810999474693207e-06,5.153008410344276e-08,1.411433390591248e-07,1.2739097756804563e-08,6492.1875,23.4375,22031.25,46.875,7162.269728002246,60.197376941998755,11129.745664451959,4.987407953455659,5.414421160554508,0.027765083895132214,7.012744923714701,1.4730408896998983,0.015786010729166744,0.0007827859375000128,2.575853477065246,0.670405630204121,0.012779895833333388,0.002985937500000091,-2.777870526197527e-17,8.782326717711915e-17,0.022500000000000075,0.0045000000000000595,0.0018129338959175006,4.497693049180466e-05,-0.12678569045367533,0.036539449272283836,0.0018129338959175006,4.497693049180466e-05,0.4231089810377162,0.001771202333819527,9.094755399002288e-05,5.244985186766503e-06,8.936104010547435e-05,4.5803631922102e-06,6.391907736967678e-05,2.7618531479758118e-06,3.98081677288262e-05,3.4189475662944112e-06,7.106694174337325e-05,3.766884962815279e-06,4.113310573628645e-05,3.1570995443919457e-06,9.663960697263945e-05,3.559804719887539e-07,9.440189654120956e-05,1.2619127247212152e-06,6.194589155520633e-05,1.00532232944478e-06,4.5547090492213376e-05,4.738942919625434e-06,7.469247082881933e-05,2.0375764736710596e-06,6.388942955750857e-05,2.763219988292313e-06,0.001079531221789261,6.502434619888933e-05,0.0005599809390664804,3.39435080153489e-05,0.0025594429902720426,0.00020716609190711706,0.005207868927422048,0.0001368339322678322,0.006484591887257773,0.0005683266029729598,1.127137921510877e-07,2.1684939955937564e-09,8.044874228029167e-07,1.4086807043534053e-08,3.0603088888346504e-07,2.6409314091237876e-09,1.315791490140677e-06,5.347062977247178e-08,1.416823466774309e-07,4.50354817700421e-09,6468.75,0.0,22078.125,0.0,7134.013102322291,28.586757954788027,11182.867853695658,110.8540835413196,5.449410792972731,0.015256678391021072,8.26071872993479,3.158532913700763,0.015822671979166755,0.00012419281249999303,3.662992798692328,1.3226436519404836,0.015020520833333273,0.005793437500000054,8.858654550654894e-17,7.44312019425782e-17,0.024499999999999966,0.00649999999999995,0.0018155823375235298,7.12540050358079e-06,-0.098495659777068,0.16029570547953811,0.0018155823375235298,7.1254005035805736e-06,0.4246718066263805,0.007918316315899149,8.641240076034398e-05,3.71832143073919e-06,8.104670243536126e-05,7.642035092763879e-07,6.370758375734574e-05,7.704879480808404e-07,3.967915850257874e-05,8.077450145664718e-08,7.372516482641382e-05,8.810370829544242e-07,4.434378712067149e-05,6.888311680963014e-07,9.652700711003956e-05,9.90664647277864e-07,9.265361568732805e-05,4.4948542573716564e-07,6.3606996163087e-05,3.030675133709927e-07,4.3288557685528355e-05,1.3650318924973317e-06,7.483791882927491e-05,6.358349087226596e-07,6.283596891984368e-05,1.637894036273031e-07,0.001022659184561079,9.979866768297684e-05,0.0005871210013931782,6.370547277230481e-05,0.002712485727025678,3.6732082237368e-05,0.005203899524199043,5.3780175323865035e-05,0.006453500028991376,4.358006100871337e-05
good/蛋19.xlsx,0,7.563530348728703e-08,3.261453726739142e-09,8.179343840012299e-07,7.089028506994284e-09,2.6535035277849785e-07,2.2748626922917683e-09,1.2653295039469949e-06,6.210528404418813e-08,1.0549753451710647e-07,6.748459534163196e-09,6445.3125,23.4375,21867.1875,304.6875,6989.3953619673675,93.6138233400552,11514.448774762699,246.12030944685011,5.425079390192526,0.0328021094048383,7.562143823529589,2.49906538521848,0.014673353229166746,0.0002826865625000178,2.7399155383812164,0.8896080872129999,0.013263229166666779,0.00449656250000019,8.571846935960063e-17,1.3068250185691948e-16,0.021499999999999964,0.0045000000000000595,0.0017483320379961835,1.6842634171958964e-05,-0.07621106702439627,0.044563918524096996,0.0017483320379961835,1.6842634171958964e-05,0.42696395082308813,0.0012502604709314358,8.117590842093371e-05,3.7274516091284437e-06,5.9325031052870574e-05,2.310649615053105e-06,6.391843927057686e-05,2.4568760525268656e-06,3.998248199013755e-05,6.615790016571486e-07,6.929499246171289e-05,5.025645209924822e-07,4.0718503105044664e-05,1.7327725828089288e-06,9.361202536906096e-05,1.2390808349796464e-06,9.438463459913245e-05,9.612343094303648e-07,5.931053229889074e-05,6.316170107220978e-07,3.6899569081952284e-05,6.923692466226573e-07,7.298715543598125e-05,1.645842491894203e-06,6.2447939375967e-05,1.896791537474017e-07,0.0007642220230109777,1.642919205132416e-05,0.0005395277782937524,6.344698124067269e-06,0.002518769949453439,2.9085549422990485e-05,0.00483512280610888,0.00019195601741273756,0.006106353118217282,0.00010639233513974914,6.293226570705459e-08,3.0469269983140874e-09,7.909901313436689e-07,1.3801845197079897e-08,2.923097272565119e-07,4.1434365131992164e-09,1.2697382504021648e-06,7.141522137689929e-09,1.0565632528503109e-07,4.38783053785825e-09,6468.75,0.0,22101.5625,23.4375,6991.943084916613,5.580577629113122,11429.913020843695,53.38866481933019,5.414893751588368,0.021374265737511777,6.166288756168882,0.4114599574570095,0.015259561250000088,0.00015823124999999813,2.169939940796535,0.09860588333309561,0.01099812499999997,0.0007906250000000448,-2.5743296383495814e-17,4.045375145977914e-17,0.019000000000000017,0.0010000000000000009,0.0017829721821662928,9.244351672931818e-06,-0.20129172260035877,0.10006310267424338,0.0017829721821662928,9.244351672931818e-06,0.42727651594082106,0.0015628255886643017,7.820977340954483e-05,7.102255366320796e-07,5.024340896129197e-05,1.7482939234140034e-06,6.429819096525351e-05,1.267830156836177e-06,3.974340123355295e-05,1.3190479691507044e-07,7.226127941471144e-05,6.843596388013331e-07,4.045641172771554e-05,1.9413084726138268e-07,9.65596520352361e-05,1.2673564369455038e-06,9.498790524960435e-05,3.7423931876277123e-07,6.137742484331922e-05,2.2198036192882784e-06,3.367138293540144e-05,6.643942158374427e-07,7.451913365855033e-05,1.0482322650768759e-06,6.215433736092013e-05,8.730967026625503e-07,0.0006271720704129148,3.301730532835796e-05,0.0005864328814173916,1.5229392501950984e-05,0.0025597921497925507,7.920745681779125e-05,0.005078789298915875,8.228309297805348e-05,0.006458433162544561,0.00017194780328497758
good/蛋2.xlsx,0,5.750531296509795e-08,9.208887123559912e-09,8.202981764966224e-07,6.939028280338707e-08,2.701523208607679e-07,1.1130001327420425e-08,1.3053651299463546e-06,9.439148565235653e-08,8.548042595659677e-08,1.636979927580824e-09,6445.3125,23.4375,22078.125,0.0,6886.88826171897,84.00986119434538,11526.589453375684,43.85874485122167,5.376858187289672,0.03923263311804304,5.932167859617988,0.08047045869874836,0.014991211979166814,3.6412812499997393e-05,2.34458352926193,0.0893787170770417,0.010483437500000026,0.00012947916666661285,4.077756650862814e-17,7.17712926127471e-17,0.019999999999999907,0.0010000000000000009,0.001767247734706707,2.146275945128038e-06,-0.13767779450197976,0.07648183390974833,0.001767247734706707,2.146275945128038e-06,0.4090435507397374,0.007293186080433417,7.65610689195726e-05,2.8982893013381397e-06,4.579786327608604e-05,1.281875113976005e-06,6.400866716884701e-05,8.885948676859082e-07,4.0359769111701584e-05,5.057079400783578e-07,6.99131330282167e-05,7.56690061862616e-07,3.933530048796914e-05,8.698962654771195e-07,9.543536579176916e-05,7.79027276064227e-07,9.61023457092606e-05,1.4685267932027353e-07,5.6076037359782677e-05,7.194466263535234e-07,3.085305464041872e-05,8.567664065548137e-07,7.315327052565721e-05,1.347633058091936e-07,6.212474573595601e-05,9.704448847091087e-07,0.0006558218694888052,7.702479573054843e-05,0.0005088589944213139,1.1967499928622794e-05,0.0025565452078853417,6.277053941777149e-05,0.005147300747895622,4.85367989900105e-05,0.006243852735231795,7.804593631577069e-05,4.989042704395612e-08,5.952119928068421e-09,7.815576753553582e-07,3.9295320344558185e-08,2.774514325348005e-07,1.1872444681588498e-08,1.212795314179586e-06,3.0392014944283126e-08,8.469350969747591e-08,6.202859680849521e-09,6421.875,0.0,22125.0,93.75,6964.398787379025,0.8291273270197053,11662.320540844888,262.33766637437293,5.426123416679602,0.011360390775567275,5.273499166107147,0.30633032453063924,0.014253778958333461,0.0001077041666666511,2.16387199554365,0.35626255354675207,0.009085416666666513,0.0004935416666667081,1.4897805211688819e-16,1.4594806844551538e-17,0.017000000000000015,0.0010000000000000009,0.0017232222419860817,6.510584505249585e-06,-0.2046362354633658,0.03853495660299515,0.0017232222419860817,6.510584505249585e-06,0.41321108564284226,0.00937695353198581,7.141615119548802e-05,1.0282449576625027e-06,4.834629024331532e-05,3.381746057761868e-07,6.194931410292329e-05,2.614865793358406e-07,3.8732666242168566e-05,3.3894070869831187e-07,6.97445103732231e-05,1.669575228115534e-06,3.91091324294863e-05,5.861966283517173e-07,9.230371242297536e-05,1.16446125912032e-06,9.178457365103377e-05,1.6486190386153394e-06,5.682792726218541e-05,1.9912045070479624e-06,3.1233322304118484e-05,2.5245140579654844e-07,7.153484123355162e-05,7.513579294069048e-07,5.983486875976844e-05,7.911093782069309e-07,0.0005931276797018371,4.282535760303618e-05,0.00045065322642221325,2.9864341816257154e-05,0.002428806634004855,0.0001307950228030064,0.004913583942793343,3.911403285437615e-05,0.005959020914192208,5.215111417092733e-05
good/蛋20.xlsx,0,7.142945174939356e-08,5.2378402247532564e-09,8.613930448103853e-07,4.994916203566641e-08,2.7286366318069296e-07,3.2166696647174817e-09,1.3582390639486345e-06,1.6616620871633028e-08,1.066811643454603e-07,7.274865417911237e-09,6445.3125,23.4375,22125.0,46.875,7030.493104966385,19.090947386753214,11698.15467705278,211.9212351755068,5.416855751439293,0.022578672556595958,5.423877891694761,0.2538526550061402,0.01534655958333342,0.0002006270833333438,2.107759174931269,0.012605455693320167,0.009701041666666632,0.0005172916666665861,2.838007606698056e-17,2.5280703456568667e-17,0.01849999999999996,0.0004999999999999449,0.001788033361622205,1.1688067439037902e-05,-0.217561198133432,0.04947019564423412,0.001788033361622205,1.1688067439037902e-05,0.436340904355074,0.005209418628880996,7.92100775486471e-05,8.260938582518271e-07,5.533156086133554e-05,4.429345522968338e-07,6.490975228725742e-05,5.343831879091023e-07,3.951005331427328e-05,6.682582299399855e-07,6.89279636923416e-05,3.6444835322439154e-07,4.22376591452307e-05,1.9736033623565807e-06,9.393240283823867e-05,7.505698903838778e-07,9.580938457499588e-05,5.09181138051991e-07,5.799171950209546e-05,1.6224333060509645e-06,3.769763847455761e-05,4.570365810038875e-07,7.371340731300272e-05,1.1446525609168845e-07,6.26722143315982e-05,3.6891981887402246e-07,0.0007531335354373765,1.2399073752871446e-05,0.0005092296149399422,1.1770394918164445e-05,0.002584241782889074,3.4801518527299976e-05,0.005137639022234872,0.0001698280902564771,0.006455876702175631,7.4502052332804485e-06,7.283974092880412e-08,1.2806646529429258e-08,8.089333037113139e-07,4.644437268794154e-08,2.721368533251993e-07,1.6859024523130605e-08,1.2660992039290014e-06,1.2055647780317236e-07,1.0002431953056245e-07,7.036621311184771e-09,6468.75,0.0,21398.4375,726.5625,6922.687823942753,138.57747191712178,11340.856881482561,274.75606750376573,5.433462531655448,0.0012256109854735797,6.448778888972246,0.8156032114863438,0.013838081562500066,0.001082048437500001,1.8868222541085689,0.8355130408872129,0.010995312499999965,0.0018121874999998955,-6.550315845288423e-17,4.5102810375396984e-17,0.019500000000000073,0.0024999999999999467,0.0016966202208488809,6.64340655151779e-05,-0.20585446358387122,0.03843414200344682,0.001696620220848881,6.643406551517801e-05,0.4313398624713482,0.0008335069806209572,8.120896158559686e-05,7.668084921088846e-06,5.912068193862944e-05,4.9926675587721145e-06,6.234499318403288e-05,1.0284114869227396e-06,3.782788091592227e-05,2.323220714127169e-06,6.854682527981088e-05,1.4016067008024193e-06,4.09889193713143e-05,1.2747545923421078e-06,9.104492440075167e-05,3.1038724720244506e-06,9.174795205207678e-05,4.9368243774392185e-06,5.8699950649936214e-05,8.913075745020296e-07,3.389506782170447e-05,2.53938369357352e-06,7.086386970913167e-05,2.2579617465818915e-06,5.8999810738614103e-05,4.503188867310613e-06,0.000778899314073893,0.00011878255562206404,0.0005020479167027388,2.591621859462286e-05,0.002430880795818738,9.087558411236853e-05,0.00477008998151805,0.0003118686453220743,0.00548998762540925,0.0005857235079764385
good/蛋21.xlsx,0,8.531702474843509e-08,1.8735979310461815e-08,8.932760556439471e-07,2.9059219234581377e-08,3.1247555449217624e-07,4.086745106478768e-09,1.4289865515698154e-06,6.872448284656004e-09,1.2939825077269912e-07,2.3490242029967528e-08,6468.75,0.0,22101.5625,70.3125,7068.739806764985,137.73999756675175,11511.553558007485,120.89290450274348,5.3908541905628,0.029351948970411712,8.391171758631145,2.4044959055567077,0.0161533723958334,0.00016837239583334697,3.2734671435528035,1.3782991989083113,0.015416145833333283,0.00449114583333321,-7.908026085819606e-17,1.8371878092911705e-16,0.025000000000000022,0.0050000000000000044,0.0018344466486543108,9.560807475925462e-06,-0.08831727422590685,0.16388524346478694,0.0018344466486543108,9.560807475925462e-06,0.4243592415086476,0.007188997707855804,8.382167722091586e-05,8.987108637705664e-06,6.414558766692823e-05,6.433630022333214e-06,6.558850520350251e-05,6.628603916173558e-07,4.053584876958865e-05,7.742793953114755e-07,7.37776874851269e-05,8.249023781722504e-07,4.367423149072675e-05,2.6732941964304884e-07,9.767328029514836e-05,3.098089498838587e-07,9.712646761327837e-05,5.329890260409909e-07,5.9908018175703045e-05,1.276171185503455e-06,4.111100840469368e-05,6.003245385737727e-06,7.579657056783673e-05,9.356296789607101e-07,6.397415727424359e-05,2.001103270535444e-06,0.000855495795778893,0.0001531399270034183,0.0005680890392759331,5.757458847561949e-07,0.002806077281041039,5.739905186595627e-05,0.005337862277100907,5.7417171678569075e-05,0.006657890612420461,0.00012125123197016937,9.139090821960234e-08,1.1817336794864579e-08,9.102263902102358e-07,2.046834467343979e-08,3.229437869768758e-07,7.079803139375865e-09,1.4467022491535402e-06,3.066716202870285e-08,1.3595089868563008e-07,2.346688522032659e-08,6492.1875,23.4375,22125.0,0.0,7079.871185929174,66.52916845978461,11499.392583457462,87.69646681753693,5.4126909910366425,0.03183563618651419,7.8579922031333425,2.4081578202344,0.016089079166666742,0.00023477999999998826,3.1431240721725686,0.9140468415707961,0.014418333333333533,0.004513749999999983,1.7166823518266482e-16,3.501828456838515e-17,0.023500000000000076,0.0044999999999999485,0.0018307684300740822,1.3358461724735475e-05,-0.10891288079132537,0.1309941283442896,0.0018307684300740822,1.3358461724735258e-05,0.42883934152948533,0.0012502604709314358,8.19641622432961e-05,5.302584284855515e-06,6.625548311600424e-05,4.696249661387637e-06,6.615887963740716e-05,5.902873198201231e-07,4.100152668854745e-05,1.034191551926143e-06,7.333900266810197e-05,1.723081679130531e-06,4.3735364398631265e-05,1.3294822414171891e-06,9.713335266296242e-05,6.022684635207946e-07,9.729805723975732e-05,7.283853022756981e-07,6.031758678131388e-05,5.595810435872162e-06,4.491203967046739e-05,5.903861119499899e-06,7.597308402380133e-05,8.7750854033848e-07,6.428697858858895e-05,4.390393058634892e-07,0.0009741806727361045,0.00020138476010479744,0.0005558359042338635,3.8250923873072156e-05,0.0026107514771315883,8.662812908461566e-05,0.005325179322233101,7.619506740073846e-05,0.00667307834191668,3.2551316482237573e-06
good/蛋22.xlsx,0,1.9047415584226838e-06,5.246302533681129e-07,8.469053466774385e-07,1.7741289341535559e-09,4.2039080934415805e-07,9.318604209922625e-08,1.2843676042545022e-06,3.598780200713833e-08,2.3776029518263053e-06,1.3669510306842917e-06,398.4375,210.9375,13804.6875,4054.6875,7020.860963776775,594.7505531620504,5576.0278074736725,1457.0435756508118,4.762442614505502,0.28932534254501974,9.433648078242811,2.1836859230914576,0.03122231791666677,0.007666081250000005,19.28248011323103,13.79538969232832,0.024563958333333358,0.008503124999999945,-1.8434328138046867e-17,1.184469189396964e-16,0.04800000000000004,0.016000000000000014,0.0025308281054239436,0.00031552918528797804,-0.26336978029496927,0.38358285961946254,0.0025308281054239436,0.0003155291852879778,0.3963325692852678,0.0054177953740362494,0.0002108149027153308,4.180800032806473e-06,0.00038540812280995216,5.855404999147984e-05,6.549910593102977e-05,2.2418514528398825e-07,3.887569914620478e-05,4.4343358848763617e-07,7.959113653910755e-05,2.3094809952624738e-06,4.880902849168444e-05,8.619922748834644e-06,9.542673465857484e-05,8.155888243337449e-07,9.086482479538592e-05,1.962053723258683e-06,0.00012130361554716401,1.0698383320469473e-05,0.00024334327380790103,6.931884585032366e-05,8.227446497926102e-05,4.4429505423217023e-07,0.0001059887852717758,1.5344728696929418e-05,0.016098412118854273,0.007921944951635252,0.0011707948533221072,1.1055356486075084e-05,0.002808007161360328,6.946394024998212e-05,0.004996164027246189,0.00011779792785373546,0.006232679086221598,0.00010361587400802875,2.5362133380341696e-06,1.8636351985266938e-06,8.461105121300867e-07,4.554845650680908e-08,4.0926248058850674e-07,6.651234809335092e-08,1.3181402124645587e-06,2.8899860384846213e-08,2.036325571065537e-06,1.0514838763028517e-06,3398.4375,3023.4375,13335.9375,5039.0625,6960.322352489036,595.6737179782508,5698.038373291163,1893.0657696792182,4.744641309173906,0.44012366053352414,10.036483554382727,0.10755336495921153,0.033073933229166755,0.011465266562499993,19.35895384291941,8.517065237767843,0.025983437499999984,0.004916770833333195,-1.0163166604589454e-16,3.867276869110961e-17,0.0495000000000001,0.010499999999999954,0.0025839454860817866,0.00046219961167656546,-0.36556467642618273,0.04926611810943099,0.002583945486081786,0.0004621996116765657,0.41050218795582416,0.009793707022296289,0.0002147262565060163,7.20144987378669e-05,0.00042305990354635757,0.0001767401194434439,6.481173432537474e-05,1.6334587786834487e-06,3.876909400569226e-05,1.2232032927646565e-06,7.765653959078682e-05,3.336525875450597e-06,5.3802506283526236e-05,3.8479682888480845e-06,9.410715382472738e-05,2.21699613674619e-06,9.231461814194946e-05,4.3815986423503426e-07,0.00011699885732920185,2.2121913674510752e-05,0.00022646048538837223,6.497360547696974e-05,8.115992681035749e-05,3.2439560375290393e-06,0.00010911522478544505,2.68553719721759e-05,0.017906767636531994,0.011549268621025427,0.0010920619573966013,8.435461677457577e-05,0.0029354039143441096,0.00035587778424009896,0.005043551739909327,7.164223506546559e-05,0.006205872029528431,0.00017284115231010677
good/蛋23.xlsx,0,4.396287316216557e-07,1.403337058438272e-07,8.797548687763088e-07,3.8406540804418223e-08,2.7571166084799085e-07,9.431420364639705e-09,1.2793007758147391e-06,6.058839756947205e-08,4.1494437620819437e-07,5.0923654338762677e-08,6468.75,46.875,20929.6875,117.1875,7598.79321280727,157.66632993815938,9619.885114199704,437.6745960699018,5.373851381091294,0.06467703683535708,6.372567035291652,0.15424327764471135,0.0182036914583334,0.000607066666666661,3.609840057260847,0.29319331569966245,0.012413333333333276,0.0005072916666665206,-8.252657816380331e-17,9.177843670234629e-17,0.02300000000000002,1.1102230246251565e-16,0.0019471468899236004,3.247629207552569e-05,-0.1012145641196878,0.009263293110361885,0.0019471468899236004,3.247629207552569e-05,0.4252969368618462,0.00041675349031050635,0.00012151514941865872,1.1566206669915323e-05,0.00017613060962134953,3.115803852229167e-05,6.629231320446767e-05,1.3431152571683898e-06,4.0372564995724426e-05,2.796632969003883e-07,7.013052760413896e-05,1.0852542398516384e-06,4.014703360643992e-05,2.4836708063957514e-07,9.5367429905362e-05,1.7676009535280346e-06,9.234432373940389e-05,9.028232231794974e-07,7.776073934955794e-05,2.7432200615489977e-06,8.990249665327452e-05,9.38829594248538e-06,7.677591675013018e-05,2.9605617670500994e-07,6.92629238897138e-05,2.496530594925687e-06,0.0034438830404954724,0.0007691735357968534,0.0006660621575684551,5.4850112982943536e-05,0.0025432200925688472,0.00012850634416523084,0.005130235264684523,5.403694055927059e-06,0.006493335659187945,6.043755768552969e-05,3.171730285638058e-07,1.0194518440045654e-07,1.019042116988396e-06,2.2987500420750785e-07,3.411883677126521e-07,4.3603374032729807e-08,1.4318531170792284e-06,1.8054653285993573e-07,2.9221604113599775e-07,6.063397010801495e-08,6468.75,0.0,21375.0,703.125,7406.708745338977,162.11443089047225,10360.052556608596,908.4542032701947,5.470019438238032,0.11214062178120887,17.910446609277646,11.195656542936224,0.01876284291666675,0.0009968562499999955,76.58950321386797,73.86201948536507,0.03598645833333336,0.023068124999999995,6.58501031480796e-17,5.0191332571595576e-18,0.044499999999999984,0.023500000000000076,0.00197640208656189,5.2539507731935806e-05,-2.656455343381248,2.7236139772313166,0.00197640208656189,5.2539507731935915e-05,0.4178995624088352,0.005730360491769115,0.00011330973723958094,9.757969920238968e-06,0.00014706838034018278,2.906202385363148e-05,6.858895043787158e-05,4.0079103115036306e-06,4.3704748997645075e-05,4.028842541964534e-06,7.638788865206375e-05,2.636390842586282e-06,4.398575351736144e-05,2.2673295113828236e-06,9.785371323971946e-05,3.3782614946860736e-06,9.711708635352235e-05,2.9393707196917273e-06,7.507122767596483e-05,1.72016648582658e-06,6.749881504557247e-05,1.0030613466539643e-05,7.896108630737385e-05,2.923123831893794e-06,7.018124002285462e-05,5.988378814606281e-07,0.0022698534686656203,0.0007740684590349412,0.0008190609160723423,0.00017247929183018053,0.0028275660806667746,0.00017621609152027994,0.0056372286237448156,0.000524048676661901,0.007250634241631778,0.0008910913317568842
good/蛋24.xlsx,0,1.8280253140679328e-07,3.084950026501747e-08,8.321898899898386e-07,4.4922106708663416e-08,3.1110590651632387e-07,5.60487231205942e-09,1.2240324069557014e-06,1.2998464426934527e-08,1.421989600268917e-07,1.9890631186704578e-08,6421.875,0.0,21796.875,140.625,7227.812875948518,40.85013042646824,10854.808259479518,170.1208335894935,5.465253017344428,0.0019221765304715532,7.508984216557176,1.553373179975189,0.016404498958333406,0.000334134166666656,2.365304823521371,0.3214003017068112,0.01391020833333334,0.0030129166666665874,3.4995154922038786e-17,8.148574407821721e-17,0.022499999999999964,0.0035000000000000586,0.0018485803862532946,1.8828308803846023e-05,-0.036733186266338445,0.03898842840222317,0.0018485803862532946,1.8828308803846023e-05,0.4359241508647635,0.005626172119191475,9.748058687009456e-05,3.98062758710264e-06,0.00011262737130338782,7.151323748287144e-06,6.648106120785586e-05,1.9137522021699024e-06,4.2996453156151905e-05,6.321164198929555e-07,7.577656161945297e-05,1.7871861104885265e-06,4.5887416441493434e-05,2.006175434606845e-06,9.553263971972377e-05,1.0200592886396855e-06,9.56051946372178e-05,2.666279281550839e-07,6.413869374714221e-05,2.974871683915657e-06,4.531809820517587e-05,3.7069926390338207e-06,7.664979522221526e-05,7.047929572518883e-07,6.697578728925201e-05,5.19360295288104e-07,0.0013165363266329972,1.1687694460349603e-05,0.0005931214525912506,6.464737894562047e-05,0.002633859706634081,0.00017410608501677445,0.005255621178622433,0.00011899045009119286,0.0066992936202212566,0.00030363307944548555,2.4292862453137554e-07,9.698374527757044e-08,8.584670153101907e-07,5.490071073413185e-08,2.7732975275032027e-07,7.691398548519452e-09,1.2999955039746666e-06,7.811996973454079e-08,2.0040114218894106e-07,4.763612884331076e-08,6539.0625,23.4375,21679.6875,445.3125,7310.982124453485,145.96290229946817,10674.464778004301,589.5766222147286,5.3973861753610475,0.012970065376897821,5.408034494466175,0.18796127573488342,0.016494863645833416,0.0008316311458333552,1.8147086712400937,0.04654427244811066,0.010013229166666693,9.552083333319583e-05,6.622017748962131e-17,1.7601660869578002e-17,0.019000000000000017,1.1102230246251565e-16,0.0018531715364110144,4.6745939410127e-05,-0.1699507494566962,0.032565681117540934,0.0018531715364110144,4.674593941012679e-05,0.42696395082308813,0.006668055844967713,0.00010658224442213831,1.6337695410780897e-05,0.00012329195726021064,2.7199592261039035e-05,6.651000607702523e-05,9.290624246515049e-07,4.0766121254066055e-05,3.114045002284489e-08,7.067847183670833e-05,1.6610444948712578e-06,4.072780069113162e-05,1.1890931176914022e-06,9.453682292799482e-05,7.942265502703982e-07,9.651588674976878e-05,1.219038553773038e-07,6.611079508122681e-05,4.374803607417666e-06,5.847178233135663e-05,9.666585260443067e-06,7.569835579698776e-05,1.9316833660070775e-06,6.692367690117474e-05,2.3601953177805084e-06,0.0017602143550945522,0.000590394247468342,0.0005398466209083922,2.157844206255536e-05,0.002534750449907581,3.50702419581665e-05,0.0052417717694910725,8.5157760232732e-05,0.006505919790386939,0.00017195784268752125
good/蛋25.xlsx,0,2.777477364470444e-07,1.3736511117802125e-10,9.196061991096285e-07,6.936418395164142e-08,3.155814234378623e-07,3.2396076529423867e-09,1.3085577131262726e-06,9.70247224193392e-08,3.3083166515725136e-07,5.710463126181817e-08,6468.75,0.0,21515.625,468.75,7449.791948110218,60.22936950186977,10276.634796910746,170.80266053173364,5.416894047255645,0.005919363570789926,11.004853909542561,5.097488732125352,0.017104086458333417,0.0007876366666666641,9.090849737304946,6.968102402174412,0.0209897916666667,0.010098333333333431,-4.993690646178569e-17,1.5982585625332982e-17,0.03149999999999997,0.010500000000000065,0.0018871834201393753,4.3475099047368356e-05,-0.676075504073625,0.4903902436472316,0.0018871834201393755,4.3475099047368465e-05,0.42144196707647424,0.004896853511148158,0.00010927676190412637,2.6919032135809995e-06,0.0001427917842469459,1.4630555846838244e-06,6.68278711053815e-05,4.0500593463857736e-07,4.0723251011117134e-05,1.5932719529558347e-06,7.316550861501529e-05,6.376257518328786e-07,4.532521450373259e-05,5.8069104003462746e-08,9.294351925908406e-05,1.4373351810821557e-06,9.297999046426538e-05,2.61648302996471e-06,7.383476424005598e-05,4.613970784490648e-06,8.332631743424959e-05,1.1010304168441083e-05,7.628480709423968e-05,8.380694202651714e-07,6.762696055981121e-05,2.4679269250664555e-06,0.0021849028621533408,0.00013010647984031684,0.0007153464720408029,6.112297138042715e-05,0.002867593255692266,2.4232304754249513e-05,0.004832748306369385,0.00017733531476960256,0.006545488666691296,0.0003842927546262053,1.941809234169592e-07,6.136728601609584e-08,8.45582809720133e-07,4.3132381195704366e-08,3.0265259819231134e-07,1.4747535763920647e-08,1.2819504186812467e-06,5.6467923888814977e-08,2.426772056630817e-07,4.965957507687318e-08,6492.1875,23.4375,21304.6875,726.5625,7240.062222807081,238.96463783237232,10476.382336191644,14.427258832915868,5.40957120792941,0.018501991052492617,5.159803507072354,0.15503885961162167,0.016028957395833418,0.0007413707291666818,1.7779078769710912,0.4088609543003878,0.009433020833333305,0.0005013541666667454,-5.150972241333799e-17,2.3846665383094504e-17,0.01750000000000007,0.0015000000000000568,0.0018269042772524687,4.227157305563471e-05,-0.2375494624770771,0.015638044670046647,0.0018269042772524687,4.227157305563471e-05,0.4211294019587414,0.0037507814127943073,9.989950602576274e-05,6.600676329136607e-06,0.00011659721678863562,2.090578950559657e-05,6.437992495785159e-05,1.932559013276039e-07,4.080704156123726e-05,4.661357483366932e-07,7.279033556435851e-05,1.3155000637508145e-06,4.343867320439424e-05,8.451698387230579e-07,9.371723379659775e-05,3.0463926851004443e-07,9.580984912011288e-05,3.2011610715956216e-07,7.109433320376724e-05,3.9552654617409734e-06,6.518757618807739e-05,6.280292038132959e-06,7.463617614596611e-05,9.856854532338982e-07,6.61584136716205e-05,1.1338925137489666e-06,0.0016287474773362897,0.00046057150321965465,0.0006585905326912315,2.7992313363638815e-05,0.0025715464561015906,0.00012465471516444576,0.005059198044210669,3.2948933722464456e-06,0.00619527369474264,0.00016779166566408422
good/蛋26.xlsx,0,7.210015195907335e-08,6.381273849850186e-09,8.828476717814228e-07,2.0551056881952596e-08,3.481552409858726e-07,4.146396153085108e-08,1.3648249295495289e-06,9.618030744022574e-09,1.1484265698060812e-07,1.8792132661362415e-09,6445.3125,23.4375,22078.125,46.875,7034.622221185205,65.72982614548528,11485.874792538096,96.0585200591131,5.436569926939031,0.02800016112311754,8.052077600872149,1.3009890842305092,0.015538722916666746,0.00021697625000001615,2.710576742173724,0.6363195394158341,0.014503541666666564,0.002441875000000149,1.320240213450082e-16,5.958196898821673e-17,0.023499999999999965,0.0025000000000000577,0.001799187631396833,1.256216545396534e-05,-0.1477275581478049,0.1467892384558678,0.0017991876313968329,1.2562165453965232e-05,0.43165242758908107,0.005730360491769115,8.146133676560952e-05,5.502896491520799e-06,5.169364952640264e-05,8.067343124935646e-07,6.511144438162749e-05,3.7379600241464235e-07,3.9557801424922954e-05,7.497322528074133e-07,7.565061851700397e-05,4.4277043143063025e-06,4.513520900862446e-05,1.9555672183354833e-06,9.43915195614617e-05,8.274653385957381e-07,9.554037160784161e-05,4.2453599575327587e-07,6.198365362633233e-05,3.0766596179741557e-07,3.833972368238778e-05,2.191078856799952e-06,7.483342413547858e-05,5.890675098349388e-07,6.219834028105116e-05,7.936995172759968e-07,0.0008195046100682411,7.096541385124899e-05,0.000587552663499665,0.00011024649169723923,0.0028110286788463747,5.90974382535781e-05,0.005140539424690395,3.603774026154872e-05,0.006323534362525407,0.00012694698748634634,5.562269696580943e-08,1.3113110898813188e-08,8.653424744115466e-07,1.5775417031378228e-08,3.006756422480017e-07,1.9277041406725777e-08,1.3322802715716029e-06,1.1815351231358157e-07,1.4357505604006869e-07,1.005951029532727e-08,6421.875,0.0,22007.8125,117.1875,6992.714336561422,10.761809162939244,11416.481091515014,216.46189831694937,5.444276056965039,0.08151575731020877,4.883074086819606,0.32592643987628955,0.014607257291666745,0.0005797675000000016,1.6465800461306044,0.05009311779135839,0.008505416666666599,0.00039937500000009063,7.366792361314841e-17,2.033095913844818e-17,0.01649999999999996,0.0004999999999999449,0.0017441271830459376,3.4626172049676755e-05,-0.22327250684502747,0.007202369292870867,0.0017441271830459376,3.4626172049676755e-05,0.4260262554698896,0.001771202333819527,7.456364348977116e-05,4.572117779514206e-06,4.7701673328407756e-05,8.961472318190592e-06,6.442498283631211e-05,1.192637526061644e-07,3.918539930143777e-05,2.3856772836989713e-07,7.122463688631996e-05,2.456223258607441e-06,4.072818463039422e-05,1.1605661172461962e-06,9.125723270034876e-05,3.1904072183488528e-06,9.345786429167998e-05,3.4552920821687133e-06,6.298566610653993e-05,1.1014702268042465e-07,4.163322622986183e-05,3.3806459853547617e-06,7.267700877441438e-05,5.073245042640906e-07,6.056435708239663e-05,1.963122542780449e-06,0.0008265991428019297,5.5320533991440454e-05,0.0005368986123891646,4.0547223368436476e-05,0.002467459008261112,0.00020355170082886212,0.004999560252977123,0.00016225279562544995,0.00588891227754163,0.0002822689831591817
good/蛋27.xlsx,0,1.5884703753796497e-07,5.753208810524948e-08,8.603663344074463e-07,4.3516484488710495e-08,3.015755178094338e-07,1.0689756435753228e-08,1.2770468860266214e-06,2.1167438386269835e-08,1.3710471616379297e-07,1.8848934563354385e-08,6468.75,0.0,21539.0625,23.4375,7082.705227332535,126.81017219938713,10877.241480687582,105.05335156608999,5.4808973563153565,0.027684630095553775,6.644290462470153,0.4197983003275687,0.015370134479166726,0.0006497353124999983,1.9053737029604325,0.04802773065638499,0.011902812499999915,0.0010023958333332805,-5.488665077990618e-17,5.3545131291817446e-17,0.019999999999999907,0.0010000000000000009,0.0017890444907301525,3.783067557538923e-05,-0.11068535551881581,0.0035683635332852057,0.0017890444907301525,3.783067557538923e-05,0.42290060429256093,0.004896853511148158,9.396965373939729e-05,2.3227140371938153e-06,0.00010319354686271019,3.086328258148848e-05,6.621947923538576e-05,1.2444906060372717e-06,3.809769017318669e-05,7.952224561514255e-07,7.170572315959588e-05,6.200347869380439e-07,4.108905332969236e-05,1.6796980424695795e-06,9.433723376103063e-05,1.8354723143278718e-06,9.249320626356712e-05,5.36846740417402e-07,6.159491338965226e-05,7.732846369435969e-07,4.753056622562109e-05,9.908747225931454e-06,7.48028964640979e-05,1.069223204554482e-06,6.131022172730433e-05,1.932809283788127e-06,0.0012264661972009022,0.00036612114460367405,0.0005211876488418208,3.2059542804657476e-05,0.002757471283354476,3.69503771058227e-05,0.004957500258924977,0.00010211068886597412,0.006054015865009348,0.00024369009113884904,1.3381454910870605e-07,4.4967471159895994e-08,7.940743600905778e-07,9.27445251919253e-09,2.899899311198614e-07,8.857770587911935e-09,1.2733686888962044e-06,1.0045597922204176e-07,1.3969056350243044e-07,1.306860152410659e-08,6445.3125,23.4375,21515.625,281.25,7026.442968985986,84.1089712795947,10785.804672130927,189.6089027205635,5.432459759598581,0.015067021931305824,5.6493954758478875,1.1178360407726609,0.015089258229166753,0.0002626584375000039,1.916948226667973,0.21463821432154617,0.009998854166666571,0.001894687500000214,1.4051260155412137e-16,1.0456913113188193e-16,0.018500000000000072,0.0025000000000000577,0.0017729515832793996,1.5432036703248633e-05,-0.2441730064122896,0.016789144803550676,0.0017729515832793996,1.5432036703248633e-05,0.4317566159616587,0.0016670139612419421,9.046289368481997e-05,8.62829341300628e-06,9.624545612723941e-05,1.8000081557658078e-05,6.371554788162772e-05,1.0200906298448565e-06,3.941765367899329e-05,1.403373588974084e-06,7.272087061075135e-05,9.907854026350004e-07,4.3224083667776366e-05,1.9032943178914612e-06,9.376432040435797e-05,7.677735576928647e-07,9.364818478161454e-05,3.106485136048122e-08,6.292906117543216e-05,1.7199339174357514e-06,4.56506276608213e-05,3.8618730900863625e-06,7.342685121755964e-05,8.486526056729007e-07,6.269235473196731e-05,1.8592346537550013e-06,0.0010348142594624435,0.00020163480075871234,0.0005693103627643281,5.992929094424462e-06,0.0026227562209121223,1.6810667375286676e-05,0.005085111022055513,8.470057417843142e-05,0.005848125808729707,0.0001698686466688067
good/蛋28.xlsx,0,1.1290664677054482e-07,3.067679307576528e-09,8.376552676679334e-07,3.4164885767925174e-08,3.1562276996230365e-07,1.147707102555952e-08,1.3131951392117225e-06,6.879202070464199e-08,1.3798137636393486e-07,7.996102110133858e-09,6468.75,0.0,22031.25,93.75,7117.836801931971,60.206011644255796,11193.786111206215,200.13132643189056,5.42738901655444,0.01256798129621206,5.46531081440499,0.016195647793283197,0.015785007812500078,3.880468750001691e-05,1.9301279313855995,0.1089292279586429,0.009910937500000161,1.7187499999904432e-05,8.083811398051921e-17,9.63349770325787e-17,0.018500000000000072,0.000500000000000056,0.0018134327464223799,2.2290073651162973e-06,-0.11488154848612109,0.06970346684340072,0.0018134327464223803,2.229007365116189e-06,0.4185246926443009,0.00489685351114813,8.37732719596479e-05,2.3360567564199435e-06,7.974439347871896e-05,1.7600989347701766e-06,6.486556121106617e-05,3.949896399473867e-07,4.0697571250334356e-05,1.6374220945047491e-06,7.470511101998481e-05,5.19255347783221e-07,4.259259586886941e-05,1.0572909092292859e-06,9.628192193931078e-05,7.039444927832693e-07,9.629116602390589e-05,1.2804847594119817e-06,6.186536294920149e-05,3.4383912367384577e-07,4.574456901233432e-05,2.5481087662344088e-06,7.503388734669491e-05,1.7362099707467205e-08,6.44326810182865e-05,9.7473557970991e-07,0.0009436321820146597,1.4591499587886519e-05,0.0005710438757221489,6.570141534591292e-05,0.002798742342897222,0.0002755358365898915,0.0052348165240062375,0.0002272924635420815,0.006334328723674528,1.8250775006637028e-05,1.1721385503900408e-07,5.44103947893973e-09,8.392560558329853e-07,3.903786597132126e-09,2.7193518676233023e-07,2.5746365017954317e-09,1.2475607724688934e-06,4.6294179202608314e-08,1.311424918567618e-07,1.7396385338116302e-08,6515.625,0.0,22125.0,0.0,7186.130215114601,42.531348371761396,11560.643493617823,36.62841413092974,5.414817821219893,0.005824567526542257,4.831082971511509,0.2672834394621697,0.014865276666666727,0.0004126399999999971,1.7848649714889704,0.2042031564448803,0.008507500000000001,0.0005883333333333018,1.7000290064572708e-17,6.214935973266241e-17,0.01650000000000007,0.0014999999999999458,0.001759640856620105,2.4427333095626644e-05,-0.30329703596627966,0.011827845357052363,0.001759640856620105,2.4427333095626644e-05,0.4241508647634924,0.002604709314440512,9.262386642992406e-05,1.7701732969246806e-06,7.541181153696968e-05,1.593142100055779e-06,6.283769578791281e-05,7.610881171712626e-07,3.972180885720666e-05,1.6294428773970624e-07,7.011670892804737e-05,4.7067294802299707e-07,4.129336419435016e-05,1.2736598147792257e-06,9.118653845755032e-05,6.619007792825642e-07,9.114089101701473e-05,2.7030382229006926e-07,6.277475595685138e-05,3.6338422976595823e-06,4.525671880641034e-05,3.623238122867828e-06,7.265806634035904e-05,1.0727825945931868e-06,6.18102164231053e-05,2.3600285709597776e-08,0.001061884571818145,2.4475386984356383e-05,0.0005906014693938812,1.6739149430999682e-05,0.0023522243356832694,6.914798429495683e-05,0.004751512159459697,3.1255318509359076e-05,0.0062567289195380685,0.0002020963192818758
good/蛋29.xlsx,0,1.44586801594189e-07,2.816782147841694e-09,8.097373808179441e-07,3.9790610250396125e-10,3.093428705681121e-07,6.3850384046466635e-09,1.2552557746360694e-06,3.238403695098528e-08,1.6785226063632766e-07,2.1702521867574636e-09,6421.875,0.0,22054.6875,23.4375,7246.049234194019,18.676745296926583,10994.848184092052,17.607186354865917,5.483795333141545,0.0009619190336835892,5.271611145682549,0.24490668981069863,0.01579447958333341,0.0002000004166666739,1.8921518589830248,0.06771470016907388,0.009565208333333408,0.0005047916666666152,-8.164765160264171e-17,4.7184478546569195e-18,0.01849999999999996,0.0004999999999999449,0.0018139417497256235,1.1485140986066994e-05,-0.27368746901419694,0.033774621969500096,0.0018139417497256235,1.1485140986066994e-05,0.42592206709731195,0.0025005209418628993,9.226452589364411e-05,5.0864238522685076e-06,0.00010163242741258999,1.1915828822758076e-06,6.449452950044033e-05,6.190037096648202e-08,3.870434147755957e-05,3.5439250153689115e-07,7.324143434792057e-05,2.148372083457917e-06,4.471577412560988e-05,1.1611721357684158e-06,9.511815017517844e-05,7.628292460179937e-07,9.111197230664975e-05,4.3568313063349374e-07,6.498922754536819e-05,1.4742325521931258e-06,5.260916631025227e-05,2.0876095877925114e-06,7.505965850658207e-05,7.257195055772805e-07,6.285145312193355e-05,7.431651035559654e-08,0.0012029291026247589,5.187843996037672e-05,0.0005196643389935856,3.3269275498985437e-06,0.002692260235883706,3.073859419380092e-05,0.005099684960392637,2.761809943647997e-05,0.00638752050324139,8.490702079523007e-05,1.6528572066124228e-07,2.8089932311686023e-08,8.771290577948105e-07,1.6210049430080638e-08,2.9403582185088354e-07,5.528986528599459e-09,1.4614653198400263e-06,1.1586393004975656e-07,1.562860231191516e-07,1.904664526145617e-08,6421.875,0.0,22101.5625,23.4375,7191.773604647156,40.600243291450624,11078.539433218022,214.06970695570453,5.350215848020083,0.03966209047499669,7.077960009357373,1.5144126608137651,0.01612001166666672,0.0004753750000000001,2.5263339463950585,0.5507853838363994,0.013010416666666691,0.002966250000000059,-1.4802973661668754e-17,1.2073675392798579e-17,0.02200000000000002,0.0030000000000001137,0.0018323769986427737,2.7024039923740912e-05,-0.23693992336842823,0.08270744701676676,0.0018323769986427739,2.7024039923740804e-05,0.42165034382162947,0.0059387372369243685,0.00010115595051882794,1.104466165577021e-06,0.00010079154299026043,1.2233099285834433e-05,6.469820275303105e-05,2.7690087883933665e-07,4.0251166176184254e-05,2.0159362041380038e-06,7.044360055165585e-05,8.729729731422076e-07,4.188693694898327e-05,9.467468677993777e-07,9.729948704905323e-05,3.4778483889474264e-06,9.917197833709446e-05,3.4030465341624227e-06,6.508805316265273e-05,4.352459251734191e-07,4.811921512590807e-05,4.49408770746126e-06,7.523411400761705e-05,1.0157198318465306e-06,6.565719053462253e-05,1.8672404663468478e-06,0.0012130395384951321,0.00015366032669263466,0.00051280269919051,2.9642988563241546e-05,0.0027650023732200602,4.346096693203872e-05,0.005318855336273999,0.00027453158024920085,0.006363326631155542,0.00029071337853650396
good/蛋3.xlsx,0,5.509876601368349e-08,1.4804398662140133e-08,7.426963899580911e-07,3.1258030859424646e-08,2.572346697366736e-07,8.531031310095975e-09,1.209300698835043e-06,2.1811846465224516e-09,8.548310963792658e-08,2.96702106034622e-09,6468.75,0.0,22125.0,46.875,6961.892399398183,5.330338064022726,11538.758841349987,58.956474448416884,5.362923666311113,0.01874453151383726,5.344291652548621,0.5131055472322332,0.014779677395833472,0.0003184692708333445,2.006447871706781,0.26154457774388185,0.009386979166666642,0.0010013541666665793,1.020017403874363e-17,8.870219373828074e-17,0.01749999999999996,0.0014999999999999458,0.0017546344360495397,1.8906435264751066e-05,-0.2243880457559415,0.028430046794034672,0.00175463443604954,1.8906435264750957e-05,0.41508647634923945,0.00458428839341532,6.824011821645989e-05,7.826045276737101e-06,4.83920617697533e-05,1.0887195354954736e-05,6.332181174941814e-05,7.979575910561115e-07,3.9456762615782355e-05,5.506263038327669e-07,6.871361195462812e-05,1.3968943713395934e-06,4.1289571280710696e-05,2.5668493909496946e-07,9.467809932641662e-05,7.899401291966548e-08,9.65618892184058e-05,1.5853951081818484e-06,5.679143215266303e-05,2.406160257480968e-07,3.251219262724124e-05,3.624675772744056e-07,7.269542332277322e-05,7.584602470334526e-07,6.352627278722605e-05,8.540080916565857e-07,0.0005875415593700451,7.381010284752862e-05,0.0005050276717509815,5.041328623725462e-06,0.0024292382550306323,6.844560656446412e-05,0.005007245554735668,6.211304984163812e-05,0.006289440324372305,0.00010993953271955627,5.299702400870779e-08,9.373485022681567e-09,8.592152092860159e-07,4.7457758020875864e-08,2.8868180606358915e-07,7.894417116473947e-09,1.2935288199470362e-06,3.094292397463502e-09,1.0525805547440956e-07,5.505594859613755e-09,6445.3125,23.4375,22148.4375,23.4375,7002.56618061767,30.804455651741137,11733.085633022834,42.2873862523702,5.440172948991459,0.06839257478460947,11.389653150776027,6.394072874170419,0.014657734583333469,0.0004474354166666642,12.199307642257043,10.365958582451716,0.020071458333333347,0.011476041666666714,-1.1171619185290637e-17,1.7647920162270715e-17,0.02849999999999997,0.011500000000000066,0.0017472787911037829,2.667453879717427e-05,-0.7479544904396837,0.573408513818613,0.0017472787911037829,2.667453879717427e-05,0.41727443217336946,0.006772244217545326,7.120054379649974e-05,7.03950997931078e-06,4.63832514217115e-05,3.0147453475626835e-06,6.377922234162639e-05,1.55863034506821e-06,3.831243928926262e-05,3.1104421213910477e-07,7.045492061467522e-05,1.4740413524947651e-06,4.144564701085282e-05,2.669882119341315e-07,9.265871727159324e-05,9.337561270776365e-07,8.991574635247937e-05,2.2095994045086652e-06,6.0035528176242696e-05,9.768552198879516e-07,3.4754380326406544e-05,6.913471138670083e-07,7.264174003410256e-05,1.4021711415961995e-06,5.917027007122079e-05,5.911502909389295e-07,0.0007721792078060959,0.00016309818700657443,0.0005498525202041537,1.9685654809601803e-05,0.0024748785901366043,2.364999972513486e-05,0.004814207237760194,5.605792130768941e-05,0.006203298757756007,0.0003036838424861493
good/蛋30.xlsx,0,2.2358071338219263e-07,8.260122289013358e-08,8.260309579588586e-07,4.0279972552752835e-08,2.9202512935702715e-07,2.3619179594054575e-08,1.2321581885342222e-06,7.581046604189026e-09,1.8691423801904066e-07,3.847682394026175e-08,6421.875,0.0,21070.3125,398.4375,7236.653717128106,120.60184203577501,10441.72387497529,370.3135264977691,5.446780651671275,0.003697037241269463,6.495235045903874,0.6977355256168436,0.016372991458333402,0.0007640166666666847,2.1879973649216664,0.005369193654659377,0.011962708333333238,0.0010083333333333888,-6.543376951384516e-17,5.3822687047973736e-17,0.020499999999999963,0.0015000000000000568,0.001846397039384506,4.310290135158359e-05,-0.13432814342052374,0.015163533533063663,0.0018463970393845057,4.31029013515837e-05,0.42477599499895813,0.0019795790789747802,0.0001029799600108566,7.1178304855708225e-06,0.00012902841321515935,2.8942743164489686e-05,6.645128508841574e-05,1.2058430654153166e-06,4.279863239336774e-05,1.3086189087558e-06,7.463626411637772e-05,4.582043944470795e-06,4.337345755018591e-05,4.3951549112776814e-06,9.568762854671658e-05,1.1419403406824445e-07,9.635326932045659e-05,1.286870185431051e-07,6.595825712319225e-05,1.1486199838902253e-06,6.158969587321457e-05,1.0565368705547804e-05,7.618588495745198e-05,1.3105331991769556e-06,6.823727021935025e-05,2.729874401403504e-06,0.001521619480386792,0.0004212033913313138,0.0006056353076394511,9.60584906823423e-05,0.002694793748557447,9.955033180648063e-05,0.005146771168423945,4.5281510481793436e-06,0.006471683747342441,0.00018604813147570908,1.218042518100164e-07,1.1607479065370208e-08,8.846601695571801e-07,2.4955302493918396e-08,2.9316857185826257e-07,1.3878364586158774e-08,1.362236188950793e-06,1.4223266365761552e-08,1.1664512513751686e-07,5.75362240173494e-09,6398.4375,23.4375,22054.6875,23.4375,7056.279299379197,65.15414920374542,11269.04645213092,32.98124381406706,5.424411887553353,0.003229118226954597,6.6611499682485995,1.0993806735243203,0.015540595312500067,8.339718750000405e-05,2.0783000617933167,0.4908213131911401,0.011990937500000132,0.0020103125000000555,4.98212582300539e-17,5.440092820663267e-17,0.02100000000000002,0.0030000000000000027,0.001799333408159129,4.828014081135795e-06,-0.16318197420248498,0.1075594166044817,0.001799333408159129,4.828014081135795e-06,0.41581579495728277,0.016774327984996895,9.057798997139397e-05,4.503406951333167e-06,8.492294406585468e-05,1.0710296694370357e-05,6.488731475913785e-05,6.904505035844308e-07,3.996616122687782e-05,6.5856362967074e-07,7.139840460767698e-05,1.2902498690581796e-06,4.055102432969355e-05,2.6873452752314235e-06,9.534247683187316e-05,1.1555664196024224e-07,9.37372539383449e-05,2.6497786849168206e-07,6.022041762834402e-05,1.5674000209303413e-06,4.050481462843804e-05,1.6289493971474787e-06,7.429061301723183e-05,3.963755043488143e-07,6.207450509232651e-05,4.659185985284774e-08,0.0009906529500638053,1.3805760139969504e-05,0.0005302795050094124,8.267617346133206e-06,0.0028139874216203866,0.0001328082490614493,0.005042686104973165,3.873822189108924e-05,0.006289229327739756,1.7220012279217656e-05
good/蛋4.xlsx,0,5.2121998838187397e-08,6.367713463512756e-09,7.670129037338032e-07,4.518353816743698e-08,2.6835714253311365e-07,2.447203433832955e-09,1.2426870300138203e-06,1.8017790025699538e-08,9.350776539801272e-08,1.0326520183331913e-08,6421.875,46.875,22031.25,46.875,6884.426013606984,10.638327542891147,11438.165296730931,261.48672665985214,5.402163513793745,0.024837765138503,5.997576534533118,1.116019181145508,0.014734548958333454,7.329916666666547e-05,2.6814196121289524,0.39811499250766014,0.010512916666666539,0.001981458333333186,-1.6308713638816623e-16,8.180955912706624e-17,0.018999999999999906,0.0020000000000000018,0.0017520498588805365,4.357940969778955e-06,-0.2041661332609262,0.06235599537072707,0.0017520498588805365,4.357940969778955e-06,0.40862679724942697,0.0010418837257761826,6.966476847711437e-05,3.8092763731754407e-06,4.2228961713692016e-05,5.34209503022446e-06,6.271642969651409e-05,1.004283266741856e-06,4.049102108598179e-05,2.82619792742589e-07,7.003268989680557e-05,5.393784288896611e-07,4.27290634411583e-05,1.0238518267992493e-06,9.485582366686925e-05,1.5747125266979986e-07,9.473874926371092e-05,3.287733228817517e-06,5.944470527254189e-05,2.642766266576659e-06,3.339431640101943e-05,1.0497569402313092e-06,7.240241840133181e-05,2.3693269839729152e-07,6.211516119988634e-05,1.952674311662559e-06,0.0005775678356934654,9.681038201732786e-05,0.0005403222391175888,1.1000075884453882e-05,0.002564941268412652,7.006972413349652e-05,0.004954324233072467,5.795782338615697e-05,0.006204251533825537,0.0002250459853413351,5.452679738194771e-08,2.4165012086439125e-09,7.484568334845666e-07,2.9401201801307145e-08,2.6370751490849065e-07,9.105372747563487e-09,1.2629180088184465e-06,2.7618625673284963e-08,7.245902353386981e-08,1.1858174720350761e-09,6421.875,0.0,21937.5,0.0,6814.092936404166,5.458431653296429,11348.735922456834,18.785709935298655,5.339146820566038,0.022674338850327214,8.822488194066356,3.331576540769786,0.01471945697916679,0.0002838421875000028,4.3401410457398635,1.9297048674543005,0.015505104166666839,0.00598281249999999,-2.9582817676991146e-17,1.0239494437532434e-16,0.02400000000000002,0.006000000000000005,0.0017510763646048557,1.6884982933295625e-05,-0.07385407218750625,0.2224616602573041,0.0017510763646048557,1.6884982933295625e-05,0.4062304646801417,0.0021879558241300334,7.58133170818163e-05,2.8388615485572163e-06,4.539269979487892e-05,2.4463961746300687e-06,6.282627083398432e-05,1.0542051605933551e-06,4.10303780911884e-05,4.672464647355638e-08,6.913053083631083e-05,1.3330130375549721e-06,4.142470318939089e-05,9.249768664560156e-07,9.522709808019388e-05,1.0979307486403843e-06,9.795919208034749e-05,1.55443510157908e-06,5.221869917911165e-05,1.6977024869121679e-06,2.952726468207969e-05,2.786489078240587e-07,7.217979948373422e-05,9.141093194590621e-07,6.2954759328808e-05,8.516856047557572e-07,0.0005951426146127417,9.78414518337154e-05,0.0004472985851087997,2.7078198300178077e-05,0.0025328845478301866,3.704579986688072e-05,0.005304515667878308,0.0002614438520716295,0.005977139411133731,5.458225894498054e-05
good/蛋5.xlsx,0,6.368577139423308e-08,1.5548540313588235e-09,7.931912698914965e-07,4.7452972150372964e-08,2.6684880872952364e-07,3.557933356824573e-09,1.23980757082358e-06,3.3235791761333095e-08,1.142437306712068e-07,5.020660941408822e-09,6421.875,0.0,22148.4375,23.4375,7022.527063534397,3.209043265283526,11587.406201502024,181.2146281744108,5.403466139296728,0.025999214545028515,5.1344076171840936,0.23097244593088506,0.014818438958333468,0.0003416108333333242,2.0896958507320256,0.045303864471766264,0.009025416666666786,0.000509791666666759,-5.088522196198634e-17,1.1042093165751037e-16,0.018000000000000016,0.001000000000000112,0.0017569190540672412,2.0253899417379032e-05,-0.14586589433978364,0.019694923857694127,0.0017569190540672412,2.0253899417379032e-05,0.4151906647218171,0.009064388414252972,7.513387375470754e-05,3.140059114134554e-06,5.3498348281543384e-05,2.9216244715545292e-06,6.343089603629408e-05,4.826264037204655e-08,3.95528454987682e-05,4.0842122682955347e-07,6.938610704663046e-05,4.192202930501223e-07,3.9886275870662845e-05,2.3695823232628018e-07,9.267189462972892e-05,1.0447466040001868e-06,9.455238294082469e-05,4.502581155149393e-06,5.843806695568572e-05,1.1295431607754026e-06,4.050971616946495e-05,4.889848589660807e-07,7.259946764097018e-05,3.7565388963850993e-07,6.281747284404539e-05,2.9483606558350403e-06,0.0006815434091861478,2.784320698458279e-05,0.00048766587676880293,1.4222188485820417e-05,0.0024764652235780915,0.00022878524401941385,0.004863418700988458,4.606810843775337e-05,0.0063676387970781545,0.00014808061533953896,6.597142745650416e-08,5.27014037703053e-09,9.62261211893979e-07,1.1241655065571846e-07,3.0795082595156537e-07,2.6217236767220406e-08,1.367840368725195e-06,2.673882335267615e-10,1.1516749181871068e-07,1.961811821784996e-08,6398.4375,23.4375,21703.125,515.625,6909.294810493064,120.49656535780241,11575.754024965117,221.27252480260358,5.553975565654106,0.1484898291483865,17.238849929387406,10.748398120052777,0.01629154916666679,0.0012235499999999977,65.62001576054497,62.910630855669915,0.0324808333333334,0.020981250000000062,-5.678328178030749e-17,1.4918621893400543e-17,0.04200000000000004,0.020000000000000018,0.001840999700251026,6.923038878421379e-05,-2.485520799517896,2.2872218953563244,0.0018409997002510258,6.92303887842139e-05,0.41487809960408417,0.008543446551364853,7.696428189031738e-05,1.4011700245772173e-06,5.2400873958054824e-05,2.8874218986126048e-08,6.745298611710387e-05,3.498781001483157e-06,4.1625166388016784e-05,2.5088284001612024e-06,7.127034238091558e-05,1.963097592749062e-06,4.3233018282516476e-05,1.105891359176533e-06,9.901213913408557e-05,2.1734169152316888e-06,9.497186596123224e-05,1.7462245364432104e-06,5.953470872440868e-05,3.151737949200625e-06,3.665658129487909e-05,2.0818418021515646e-06,7.615472851727769e-05,2.656341490030084e-06,6.326466863084947e-05,1.6796264165009345e-06,0.0006735614953712486,7.469637104024396e-06,0.0006993142315950603,0.000178570714263349,0.0026220943997350725,2.99442840225061e-05,0.005573981754569508,0.0005224221590386662,0.006832917764920022,0.00045087470677975623
good/蛋6.xlsx,0,6.257044140067072e-08,9.666798373067554e-09,8.932412349085977e-07,6.773026339826143e-09,2.81028049572506e-07,1.4027293588139499e-08,1.3476525038992288e-06,5.83066422051573e-08,1.101605004566323e-07,1.118206161906701e-08,6398.4375,23.4375,21726.5625,398.4375,6871.347249420549,67.92266101990936,11455.70040492179,120.18551590343486,5.445948008291321,0.03442522775191792,15.458871810374806,5.529966353838364,0.015114696458333462,0.00017963166666668234,22.53617299169926,18.930486713252176,0.027489791666666763,0.009975833333333295,3.265906064105669e-17,1.6930901125533637e-17,0.03650000000000009,0.010500000000000065,0.0017744813049763906,1.0544845917492005e-05,-1.048561259265671,1.0318037201180639,0.0017744813049763906,1.0544845917492005e-05,0.41539904146697226,0.0003125651177328659,7.595718442135485e-05,4.5162889885808975e-06,5.0865657272997e-05,2.3515085968207746e-06,6.498288289098814e-05,5.306733309754993e-07,4.0222458273060276e-05,1.325018055090834e-07,6.884811101246394e-05,1.7675502662791283e-06,4.066564391118493e-05,6.721945837494764e-07,9.539030514490405e-05,1.3887987118538925e-07,9.643747377894473e-05,2.0433637677944654e-06,5.905338812141548e-05,2.9841807085299953e-06,3.6262519182403e-05,5.08175516101029e-06,7.336543487420537e-05,1.2349380936592125e-07,6.200017085951511e-05,1.0057250925653135e-06,0.0006932289279310629,4.02922408512615e-05,0.0005362155691543268,3.104493496048358e-05,0.0025028192046233646,9.039283465356361e-05,0.005365746720817521,0.00015472522125037315,0.006134668033655915,6.182648141627584e-08,5.0231250863282456e-08,3.139487145113647e-09,8.298292576023239e-07,3.383671129212951e-08,2.3841254454826925e-07,1.6307917596264402e-08,1.3738126075503306e-06,1.1036156019762119e-07,9.141593773100731e-08,4.67299089141686e-09,6445.3125,23.4375,22078.125,93.75,6805.688762337402,12.056268975724834,11529.06057407652,94.41562100934243,5.333093572693122,0.037474653947735526,6.022816642062524,0.03421775547258399,0.01458201281250012,0.00012662031250001808,1.9647819041884906,0.07177292464273588,0.01049718749999995,1.4062500000022737e-05,9.043691721425754e-18,4.602799622925127e-18,0.018999999999999906,0.0,0.001742946376116379,7.567424945572644e-06,-0.22041068107733836,0.06275600222529243,0.001742946376116379,7.567424945572644e-06,0.4174828089185247,0.007188997707855804,7.023584111353552e-05,2.5080435751781918e-06,4.580299201205738e-05,8.419225780708063e-06,6.393509628253586e-05,5.030570978477699e-07,3.979919333664582e-05,6.527025983422886e-07,6.503163080799401e-05,1.7004660454442142e-06,3.758697643498675e-05,7.383165244663649e-07,9.489343080956488e-05,4.709937259244105e-07,9.673259195871427e-05,2.8782291196894976e-06,5.5344293661431514e-05,3.7583524900157054e-07,3.328863748810225e-05,1.6799185952703708e-06,7.178136071208762e-05,6.469378086090155e-07,6.241329695337888e-05,1.3279510268818077e-06,0.0005695737219234883,7.325880515466238e-05,0.0004920732440926902,3.0216376527258465e-05,0.0023181510742017173,0.0001636522985672905,0.005173605994189107,4.496000944152973e-05,0.00610424269553069,2.983939034055874e-05
good/蛋7.xlsx,0,5.7039947796846516e-08,1.4639992836778311e-09,7.832604772185424e-07,3.4466636551419286e-08,2.8326559516334234e-07,7.302570370428179e-09,1.226992290395261e-06,2.0585669788080156e-08,1.0287611040934159e-07,5.455741568173349e-09,6468.75,0.0,21914.0625,210.9375,6917.020662760382,16.88671752904429,11355.815404103902,131.10066456215918,5.422986033929341,0.02015571215209233,8.301389615776632,0.5063829294859086,0.014719669791666775,0.00021079500000001795,2.8906396298656007,0.1560580141027641,0.01454312499999999,0.0009908333333333852,-9.207912210484893e-17,5.118590736448899e-17,0.02300000000000002,0.0010000000000000009,0.0017511255352791718,1.2539256642443513e-05,-0.10286128098549137,0.017086609801676866,0.0017511255352791718,1.2539256642443404e-05,0.41862888101687856,0.0012502604709314358,7.522859127664995e-05,3.5716840897693933e-07,4.862991141068875e-05,2.087455695623772e-06,6.34692190757568e-05,3.093801229289559e-07,4.041740484239047e-05,1.0528041584601002e-06,7.238726331902518e-05,6.863031602258183e-08,4.1661688000529275e-05,8.135857756776932e-08,9.295689199998579e-05,1.0619392781177633e-06,9.450535100689134e-05,2.7880476597205316e-06,6.036964433628372e-05,8.179348075952058e-07,3.4866846540858274e-05,4.0707861912806835e-07,7.268916862366991e-05,1.2263470454824715e-07,6.19321034845618e-05,1.1987242472607536e-06,0.0007434906570195875,0.00010587884983389591,0.0005281543099922325,2.62649635144604e-06,0.0025790694299895013,1.6741362551755783e-05,0.004857252199262262,0.0002013543082959395,0.006163282352237872,3.770878554954166e-05,5.9200467369456264e-08,7.106933354680211e-10,8.316860371820835e-07,1.2341249526641459e-08,2.8631850208946193e-07,7.268840560766608e-09,1.3330667107441177e-06,1.5740406177930544e-08,9.954170865307278e-08,7.102865987587584e-09,6445.3125,23.4375,22195.3125,23.4375,7016.359317556971,70.6449842257748,11737.413045779684,117.48596984269898,5.387839287652945,0.008045600393467023,5.4546573628443245,0.017797189639420008,0.014541995833333442,3.490333333333595e-05,2.3011948938474247,0.018408785536970118,0.009494166666666581,1.9583333333406117e-05,5.85180052562843e-17,1.4890866317784913e-16,0.018000000000000016,0.0,0.001740568327310626,2.0888372101466116e-06,-0.15142413002922955,0.08716726007315481,0.001740568327310626,2.0888372101466116e-06,0.4124817670347989,0.004688476765992905,7.302339700917938e-05,3.6162949761738247e-06,5.280075558259661e-05,3.6983392535983354e-07,6.239724648935048e-05,4.1210435516741994e-07,3.886763653705117e-05,2.1982809473813548e-07,7.228914528920193e-05,6.390083629809673e-08,4.1462745738894983e-05,2.5833553811161116e-06,9.350222503212133e-05,2.633297345708792e-07,9.363443479106207e-05,1.2901132461535261e-06,5.827085801898152e-05,1.9900145173375575e-06,3.526712482927661e-05,2.79548329662771e-07,7.191130645129766e-05,2.662961857633617e-07,6.206172829962699e-05,2.582792241368506e-07,0.0006368850014380197,2.0404716893774938e-05,0.0005575973369733226,2.862799668223884e-05,0.002593731263960587,8.356189847294059e-05,0.004894271154316308,0.0002135299982134269,0.0059234585694922706,6.662142603201153e-05
good/蛋8.xlsx,0,6.364321263365542e-08,1.4494486068105065e-08,7.897016262030432e-07,3.9185763961008435e-08,2.8257926295172135e-07,1.6473184759594898e-08,1.2564580402892033e-06,7.242924827101946e-08,1.010278601491469e-07,8.366715058978067e-09,6445.3125,23.4375,22148.4375,23.4375,7013.342909992209,43.601835535605005,11481.97254933459,81.53664176107759,5.399116960345557,0.010677131273787221,4.868155362306334,0.01769788675937889,0.014662069895833454,0.00027640322916667494,1.7454161503927228,0.016258313313693762,0.008507604166666516,4.9270833333281416e-05,-6.60120106725041e-17,1.0241807402167069e-16,0.01649999999999996,0.0004999999999999449,0.0017476631493026347,1.6474572373791855e-05,-0.20730973841511446,0.031054691379991145,0.0017476631493026347,1.6474572373791855e-05,0.41883725776203373,0.0008335069806209849,7.438513100190518e-05,2.369196205169147e-06,5.649198525297206e-05,7.290367898521671e-06,6.308322521846838e-05,3.333500407789062e-07,3.794888431456615e-05,1.3230846020362606e-07,7.0319047606361e-05,1.0999996398322867e-06,4.245215230038874e-05,1.8501971747062101e-06,9.297430969152599e-05,3.9181840056762816e-08,9.28005810187083e-05,2.3931097449996435e-07,5.936060295686143e-05,1.8646265353076247e-07,3.6388127351993024e-05,2.6378528245236355e-07,7.262369309410014e-05,7.210353326200309e-08,6.0770403605219954e-05,5.594856946099843e-07,0.0007129328324813229,0.00016259389455571395,0.0005090662319324468,1.806323278520243e-05,0.0025446465933547414,2.3896030705733776e-05,0.004964577251794002,0.00011732462595742113,0.006059575392103812,8.021034810830547e-05,8.121417119869209e-08,5.0178781040816945e-09,9.743955897531132e-07,2.4591640208334814e-07,3.2009797545949354e-07,6.949616851560836e-08,1.2595944840690769e-06,2.588602311080107e-08,1.3927331687707656e-07,3.38813142126857e-08,6445.3125,23.4375,21726.5625,257.8125,6969.7077862896385,3.117210834587695,11396.176268853636,225.0556051632102,5.591176817998708,0.17000911566171073,19.304701766183065,13.902700298745835,0.016829891666666777,0.0018073050000000142,127.9930751916123,125.72517215111522,0.03749541666666678,0.0279387499999999,1.0935696792557792e-16,2.548887027368589e-17,0.0465000000000001,0.02749999999999997,0.0018697833477044129,0.00010068596328613943,-4.0092441827055625,3.6980332635457644,0.0018697833477044129,0.00010068596328613943,0.4215461554490519,0.0064596790998124876,8.065096921478095e-05,5.283055217279794e-06,6.41547228441538e-05,2.9201708891133383e-06,6.893379597883661e-05,5.394704781399795e-06,4.416332192288314e-05,3.965447435666995e-06,7.270858794112033e-05,3.813607707496669e-06,4.496331149241192e-05,2.8197850864124534e-06,9.682926100410916e-05,5.533920570018262e-07,9.533614655787213e-05,2.4173707241753918e-06,6.300590698670771e-05,6.219329711341311e-06,4.2686634290344665e-05,2.7067258997873526e-06,7.700972875214963e-05,3.877543246137043e-06,6.532206037116608e-05,8.018532539771724e-07,0.0008126323878981228,3.791875657817496e-05,0.0005882230324964104,0.00011149307647528075,0.002944449717690799,0.0004635490169675599,0.005210515343522956,4.478273023006754e-05,0.007374596481318746,0.00114811074097829
good/蛋9.xlsx,0,7.687943307723988e-08,2.657593285638332e-09,7.851814964950192e-07,4.059271609716286e-09,2.744714943060364e-07,4.4744320952415456e-09,1.2430036829579818e-06,3.6174226431243495e-08,9.478018142264455e-08,5.485085177654298e-09,6468.75,0.0,21984.375,140.625,6933.9291947426755,25.72084461613713,11339.153590558828,114.35342611690612,5.391415811046635,0.008588304876587127,8.831244734604908,1.0598378844383038,0.01489270114583346,0.00025650197916668276,3.140949989095863,0.4623800077126612,0.015571145833333522,0.002000729166666715,1.0489294618073094e-16,4.706883031483736e-17,0.024500000000000077,0.0014999999999999458,0.0017613676391421557,1.5169437412969116e-05,-0.17048338607343524,0.04779405744839066,0.0017613676391421557,1.5169437412969116e-05,0.425088560116691,0.009168576786830585,8.393788396985513e-05,1.5201382143762698e-06,6.175024460581897e-05,1.0666451471004721e-06,6.39070586741433e-05,7.118786130059251e-07,3.9513692482272566e-05,1.8162948790758599e-06,7.033144016194639e-05,2.691321985677736e-07,4.241222554340237e-05,4.469842943066091e-07,9.42990026847917e-05,1.3220450089595164e-06,9.543547787872116e-05,3.4559277784755937e-06,5.878099235176946e-05,4.990290420234856e-07,3.344003252248941e-05,6.119544792534788e-07,7.351920922553926e-05,4.269178362249364e-07,6.264459344069694e-05,2.310526110009924e-06,0.0006990115863408465,2.4041210918297946e-05,0.0004999627195612874,1.4053503432859266e-05,0.00241652873441426,9.147508120958955e-05,0.005219020709131433,0.00018088578107418925,0.006129907268889298,3.5533473655114615e-05,6.431198044367679e-08,1.883401899485886e-08,9.881725211665653e-07,6.518298199230653e-08,3.349640854789262e-07,1.4573807778193306e-08,1.3537799708971955e-06,1.4001120887890779e-08,1.2729034970181364e-07,2.2172707843550707e-08,6468.75,0.0,22125.0,93.75,6999.296364354072,16.959679426553976,11768.686109106915,140.6843291806572,5.541168204941579,0.09625175382566242,23.9796151540829,5.994083014088348,0.016939510729166767,0.0012991140625000092,95.98735811458855,72.52854473681683,0.04544656250000001,0.012980729166666816,-3.8649639044763264e-17,1.3630300591908433e-16,0.05399999999999994,0.013000000000000012,0.0018771968403687644,7.208854106308528e-05,-3.5928359932318967,2.1421210765164123,0.0018771968403687646,7.208854106308528e-05,0.4266513857053553,0.0015628255886643017,7.658464001551522e-05,9.58303301777751e-06,5.101456737211187e-05,9.147236720674857e-06,6.824867127129418e-05,2.1514278376245813e-06,4.293083075707671e-05,3.3326208829485475e-06,7.342791859223885e-05,1.6940078184907357e-06,4.580315383341958e-05,2.393069200597342e-06,9.847605982445746e-05,2.1988875556272754e-06,9.309810701392057e-05,2.0297449469846635e-07,6.445458013458457e-05,5.047628768505589e-06,3.8437576459521636e-05,4.404005559260575e-06,7.723188708359238e-05,2.3583052187584977e-06,6.331891059156882e-05,1.9684572681005397e-06,0.0007090098284933817,0.00013704468607661274,0.0006290934357025542,7.645891950366722e-05,0.0028330469069911845,5.1960222265562926e-05,0.005549389487025498,0.00037075988567573936,0.007307168980411611,0.0006921998927625957
bad/裂纹蛋1.xlsx,1,6.94415035113893e-08,2.97193292590931e-09,1.0189379455297185e-06,1.4611533443821811e-08,3.005842256975478e-07,4.809982904331724e-09,1.453067338145348e-06,1.2598674893051666e-08,1.045161785157812e-07,1.0301853563650238e-08,6445.3125,23.4375,22054.6875,23.4375,6922.065723349213,11.543208883594616,11788.56090333183,0.6001906378205604,5.337441201736066,0.000894553413347321,6.973135409603811,1.1576465569166765,0.016722424479166872,0.0005714453125000036,2.364761063244436,0.3042615364073944,0.01297656250000001,0.001938020833333276,-1.0970391262077327e-16,1.1333526709715124e-18,0.02200000000000002,0.0030000000000001137,0.0018662317837484384,3.189612024818078e-05,0.11935377525685069,0.07007490515794247,0.0018662317837484384,3.189612024818078e-05,0.41644092519274845,0.009064388414252972,8.111698594366479e-05,5.999906145754685e-07,5.5892989146988756e-05,2.6435672669806033e-06,6.896527632775158e-05,1.6319726918718027e-06,4.410758352004678e-05,5.881708336492509e-08,7.265018233451598e-05,3.7119262576158063e-07,4.039998080354764e-05,1.2521121715114466e-06,9.502207687893536e-05,4.7504438176281633e-07,0.00010071357355340256,6.883563344206741e-07,5.947309904539666e-05,3.5704837048266484e-06,3.5322202983113064e-05,4.1828613579068704e-06,7.636864107360406e-05,1.1102470903246088e-06,6.588450699880512e-05,1.8798197407636995e-08,0.0007380107749141837,5.894270182303982e-05,0.0005357914779046353,2.5361264640780105e-05,0.0027929264162942654,8.421416755804165e-05,0.005578797198359766,0.00020951852667914356,0.00719624160627394,0.0004098359441982941,1.008096180696855e-07,7.81795422115521e-09,9.003684669142267e-07,1.968965874263684e-08,3.110862526790309e-07,2.6645693605958567e-08,1.3292944283842462e-06,3.919624874726774e-08,1.0621206138415168e-07,8.548611086262018e-09,6515.625,0.0,22031.25,46.875,7013.690654029461,28.515759140345835,11452.64036376643,9.682753371290346,5.4094131715136875,0.015015241466550311,6.127312912680718,0.8317727262228551,0.01681589729166686,0.00020752749999999355,1.939916221979645,0.289241644024433,0.011458749999999962,0.0014860416666667708,-4.3229309021342036e-17,4.74851639490718e-17,0.020000000000000018,0.001000000000000112,0.0018716780007810663,1.1549768660872603e-05,0.16446160291198403,0.06139714151346479,0.0018716780007810663,1.1549768660872603e-05,0.4083142321316941,0.0009376953531985976,8.855774612113268e-05,3.8932182303000264e-07,7.35537891056879e-05,2.9702608540751164e-06,6.822505171015912e-05,8.47786082883811e-07,4.328484183941284e-05,2.106094011174486e-06,7.356821957326564e-05,2.8132281059366408e-06,4.355501569674784e-05,5.101249847395686e-07,9.773672697581417e-05,1.486921037832935e-07,9.873593644684704e-05,5.245140680591547e-07,5.8818896456754686e-05,1.7476654222012562e-06,3.7672523591447625e-05,2.555515263714896e-06,7.703081599375386e-05,1.0399086125780749e-06,6.645279376758532e-05,2.9823572889947696e-07,0.0008286121016847421,1.2630861119881963e-05,0.000531877234613778,4.309903350776525e-05,0.0027588832134465206,0.00016528363656461787,0.0056495197530443755,7.0775607190300995e-06,0.007105133705258317,1.851994790330559e-05
bad/裂纹蛋10.xlsx,1,5.8167228327616555e-08,2.6372187155532596e-09,1.0338348323032904e-06,1.2089063927947456e-07,3.347812344959578e-07,8.940531929223988e-09,1.385329876725903e-06,4.820065739344169e-08,1.0141239731540606e-07,9.450345533805513e-09,6445.3125,23.4375,21984.375,0.0,6853.743068035717,5.415770229609279,11589.01515062252,172.8172391733351,5.450045441711529,0.0890790902202494,14.770603867982212,7.828809549772894,0.017924049479166877,0.001115509687499995,28.774604423480177,26.573843293969993,0.02899989583333329,0.01600968749999998,-1.7971735211119724e-17,7.121618110043452e-17,0.03849999999999998,0.01649999999999996,0.001931465150018281,6.016102634839133e-05,-1.1199787272194086,1.1654958981637902,0.001931465150018281,6.016102634839133e-05,0.4178995624088352,0.0007293186080433445,7.845426834420636e-05,2.0449753109602926e-06,5.220252247258127e-05,6.088281367626003e-07,7.167871400235701e-05,2.6396215871713757e-06,4.707628245875335e-05,1.4709210640278173e-06,7.702665511367895e-05,8.384892073192747e-07,4.5842678878336236e-05,7.3354986037029726e-09,9.822416032851419e-05,2.7652103573019287e-06,0.00010354643481406983,7.268656218027182e-08,6.274445771835727e-05,4.472682790147576e-07,3.2890450833575175e-05,2.1321459272301208e-06,7.943188665715066e-05,2.16761370059812e-06,6.905173530910396e-05,5.425784610481481e-07,0.00066180050992227,3.1572014275046316e-05,0.0006527798939275212,9.334146476004841e-05,0.002999965033646585,4.547430398733486e-05,0.0059864815167836845,0.0003494447512704191,0.0077015117205080945,0.0006147925966433045,4.837334566850785e-08,1.2794217491918436e-09,9.712525882555146e-07,7.858625584029224e-09,3.4751165482910315e-07,1.3470463181539079e-08,1.3644017834515732e-06,2.1375518327125015e-08,8.469532321699694e-08,5.249868571248418e-09,6445.3125,23.4375,22054.6875,23.4375,6853.52121213786,23.153999021149502,11707.426142993849,24.363883871628786,5.365925656464329,0.006860607625198689,4.7166762517389405,0.30072371490380334,0.015705969791666868,6.295500000001383e-05,1.4731789635222508,0.12318529625897545,0.008530833333333487,0.0005268749999999267,-1.422935843227909e-16,1.8503717077085938e-17,0.017000000000000015,0.0010000000000000009,0.0018088847107759387,3.6253346943202662e-06,0.07330309609635918,0.0065343410413013295,0.0018088847107759387,3.6253346943200494e-06,0.407793290268806,0.00020837674515522542,6.917280565765839e-05,1.0940967716061703e-06,4.4067013843765296e-05,1.1789690784786142e-06,6.759607736050325e-05,3.0854238013873774e-08,4.195617667426888e-05,2.690692273471691e-07,7.703284362288928e-05,9.61401336669762e-07,4.548781003555375e-05,4.4496855838663206e-07,9.20517679369653e-05,8.112410842939631e-07,9.812945775200524e-05,1.078127963683763e-06,5.735109366673904e-05,1.0799561614035235e-06,2.9590502316591774e-05,1.3236366108858304e-06,7.492123874077209e-05,5.405520027672108e-07,6.348781148593572e-05,7.782718756703584e-07,0.0006844488420837885,8.596928774056171e-05,0.0006153445127133399,1.989363326599736e-05,0.00269331794023688,6.112302970723337e-05,0.005352766083676864,1.0840975263498673e-05,0.0065567628356528905,0.00017851322575946228
bad/裂纹蛋11.xlsx,1,6.391033066303659e-08,1.717933961055567e-08,9.737218103809448e-07,4.3731952816753546e-08,3.419724415350801e-07,3.5509494388680466e-08,1.456297340999136e-06,4.058212114020558e-08,1.0774716600133478e-07,4.403141744221787e-09,6492.1875,23.4375,22031.25,0.0,6896.391496334571,58.43297459993255,11531.22660544423,38.741190533185545,5.34968586392972,0.011262536261312572,6.5198396935832355,0.9491900196992926,0.016072205833333547,0.000700893333333349,1.8983926983130606,0.3730827865503765,0.011965416666666617,0.0019966666666667576,-1.2490009027032991e-18,8.900287914078338e-17,0.020000000000000018,0.0020000000000000018,0.0018294216342999879,3.990863607019734e-05,0.18603146903291945,0.02862673534468274,0.0018294216342999879,3.990863607019734e-05,0.4027922483850802,0.001458637216086689,7.772067028395449e-05,7.0317280587744565e-06,5.030457299543137e-05,3.4896271195828597e-06,6.822715112348377e-05,2.1515818861007592e-06,4.2180951551110685e-05,1.2031835102771122e-06,7.780229010353562e-05,4.500710937443418e-06,4.544196948129025e-05,2.366612789984907e-06,9.424665708686352e-05,1.870097964591931e-06,0.00010030378487693991,6.714268985208948e-07,5.989630638890654e-05,9.752272752426287e-07,3.4307807286581356e-05,2.178783241000437e-07,7.59090282785654e-05,1.9563736948338117e-06,6.452468487579085e-05,4.3168680430817814e-07,0.0006445757369865609,6.622659924478206e-05,0.0006748402859696098,1.9214409686968523e-05,0.002919381427002445,0.00017031652056574112,0.005366184562019429,0.00030561633562806645,0.006541677375180516,0.00028507420035735675,6.167875453080893e-08,5.307352209948341e-09,9.080286706698746e-07,1.2033092797814062e-08,3.202518949978418e-07,2.2906529062042457e-09,1.3610222143215175e-06,2.9821008279078816e-08,8.151681884607324e-08,2.496630380641003e-09,6468.75,0.0,22031.25,93.75,6908.4107470482795,54.50817617721577,11647.436438730354,211.0139278768247,5.360011554927194,0.0024651233689563234,5.2696925000144645,0.7735630262892577,0.015607619791666864,0.0002913699999999948,1.4671097399623818,0.22669355894695986,0.009515000000000051,0.0014835416666666434,-2.0839811358068043e-17,1.3160768771077377e-17,0.01750000000000007,0.0015000000000000568,0.0018031373016288176,1.683235194527299e-05,0.16639025815763087,0.0004954434863411045,0.0018031373016288179,1.68323519452731e-05,0.4135236507605751,0.004480100020837652,7.4230829037845e-05,7.418172173615631e-06,5.346338823414805e-05,3.0098951762083583e-06,6.582439126358849e-05,9.445612337258171e-07,4.1143603883061404e-05,6.206436547568407e-07,7.49926223270366e-05,6.495503855791804e-07,4.354852957777802e-05,4.544844340946175e-08,9.328536940674446e-05,1.4481006300862717e-06,9.582272196920146e-05,3.5242856015373357e-07,5.580134451292214e-05,5.045849587018152e-07,2.9986359257316462e-05,9.917555394851925e-07,7.410109562741056e-05,8.996332981159064e-07,6.202163038275784e-05,5.958835862238175e-07,0.0005555234661473315,5.037276247865972e-05,0.0005906485260037173,2.3630046825142792e-05,0.00268614502185467,1.6707594589719828e-05,0.005405737976687574,6.841883453632394e-05,0.006432968558398385,0.00024171298160821902
bad/裂纹蛋12.xlsx,1,6.322187653915596e-08,1.7224254210582122e-09,1.115343445987856e-06,1.7531477279162487e-07,3.652333302767204e-07,4.6074432730604005e-08,1.519185412517773e-06,1.2318911675434028e-07,1.0738881613334147e-07,3.994656053063815e-09,6398.4375,23.4375,22078.125,0.0,6939.5472837492125,3.9108945536368083,11800.985504206696,171.78700602673325,5.430609555254639,0.07576466192075282,17.502914079231232,11.96908854260217,0.01743351114583353,0.001825678645833351,79.68024480571792,77.7793419441419,0.03450677083333331,0.024528020833333386,-2.6136500371383893e-17,3.0068540250264657e-18,0.044499999999999984,0.025500000000000078,0.0019031542910639037,9.99261383241094e-05,-2.5808117593685687,2.680434512973113,0.0019031542910639037,9.99261383241094e-05,0.4121692019170661,0.002083767451552393,7.498839423270183e-05,3.613535612728019e-06,5.178962664520511e-05,4.212364119956286e-06,6.97717025031169e-05,3.4344539291008587e-06,4.461721515035589e-05,4.308062894175714e-06,7.567892950006232e-05,4.038396818038929e-06,4.6089594265698606e-05,2.387409726376653e-06,9.570041349227058e-05,2.5781946703083307e-06,0.00010077674253208008,3.621148126729e-06,6.170149556270255e-05,1.631118498267075e-06,3.3396744671003304e-05,8.705111217444399e-07,7.736159035009514e-05,3.182242002617047e-06,6.63668625537339e-05,3.058366060240236e-06,0.0007184826911869892,2.518427525605106e-05,0.0005915719665520427,3.918622741025629e-06,0.0031712583618883597,0.0004895055846782467,0.005535212983433624,0.0003521406979170041,0.007487086855749488,0.0009257686178995974,5.531341786249002e-08,1.4850669619168838e-08,8.959966156500089e-07,1.0681228343332941e-08,3.3273385374827816e-07,1.3463443529714723e-08,1.3219556440152276e-06,5.316549453957582e-08,9.509772140804259e-08,1.064099349771293e-08,6468.75,46.875,22054.6875,23.4375,6920.746049170763,21.888317269503204,11570.808678156052,22.922554789950482,5.354491070957949,0.017572840574000104,7.378221236058518,2.4023310611566644,0.01597131958333353,0.0002202270833333332,2.4181560288644848,0.743284783853885,0.013488541666666687,0.004474791666666644,1.2443749734340297e-17,2.8403205713326924e-17,0.02200000000000002,0.0040000000000000036,0.001824061423856299,1.2576506953398893e-05,0.18647317870566804,0.06630240499950991,0.001824061423856299,1.2576506953398893e-05,0.4162325484475933,0.0030214628047509906,7.206030165107487e-05,3.5401474530885406e-06,4.863739530962248e-05,8.97619478009273e-06,6.734746290219481e-05,1.1522655232741765e-06,4.11908054085511e-05,8.336031000348145e-07,7.901185470153107e-05,4.341925062929122e-07,4.5171843993104326e-05,1.2764680908471156e-06,9.45095761868413e-05,1.5416521109912752e-06,9.808980647100384e-05,2.575866659872348e-07,6.145701866146458e-05,3.7429545504383286e-06,3.2250502798524174e-05,1.2368446311041118e-06,7.61116161903431e-05,1.2901718369349565e-06,6.390959574701596e-05,5.896532785071133e-07,0.0006388598829707091,1.1736192514759923e-05,0.000507545026775914,1.8176888361518635e-05,0.0028263690999141035,8.282522550132412e-05,0.005357268434576517,9.613834729527019e-05,0.00670077285768168,0.00019089278970746632
bad/裂纹蛋13.xlsx,1,5.075480505061006e-08,2.80990155537641e-09,9.72864209411447e-07,1.1109610781431148e-07,3.5044622351976634e-07,5.1876513169286035e-08,1.3475078268734727e-06,6.107447661716079e-08,1.0588062443477417e-07,2.1299581698811884e-08,6468.75,0.0,21867.1875,117.1875,6870.656199470054,8.137332018023699,11544.567174809774,7.581889374702769,5.475483729550007,0.157472999148069,17.972635210142563,9.811790667911588,0.017503566458333543,0.0012966583333333202,63.465039718334964,60.99182593966852,0.0349914583333335,0.019995833333333435,-1.3604857980927438e-16,1.389166559562227e-16,0.04300000000000004,0.019999999999999907,0.0019082889051236236,7.077994114320827e-05,-2.0880037290503934,2.2784668600598112,0.0019082889051236236,7.077994114320827e-05,0.4171702438007918,0.0018753907063971675,7.540751212186674e-05,4.5316038498187004e-07,4.549849767561598e-05,2.0907260787015323e-06,7.009909527813709e-05,3.395184072311847e-06,4.6470905815063704e-05,1.4065691111943683e-06,7.837982323443956e-05,3.90743268973898e-06,4.7860104014026456e-05,4.69768738085417e-06,9.761321317167686e-05,5.178775545083066e-06,0.00010124970058750856,1.8582856499770487e-06,6.18729032646758e-05,3.813282260813178e-06,3.6623039184457536e-05,4.823812209836874e-06,7.842426872061928e-05,3.5769947903745882e-06,6.740420988265528e-05,4.0988392426370826e-07,0.0006365313111083188,2.8988142179676318e-05,0.0006435497634848363,3.860416354582838e-05,0.00295498448332796,0.0002601994104693278,0.005914816600410234,0.00030669400299001334,0.007441981109152132,0.0006288068526726,3.3497143539713835e-06,3.1893413661912414e-06,9.129181654959053e-07,1.3482730125137037e-08,5.429094972142303e-07,2.161974920494953e-07,1.2935035682788344e-06,2.058231676737466e-08,2.470525791726524e-06,2.368028988620549e-06,3375.0,3140.625,14320.3125,7757.8125,6446.46346410799,754.3541266712441,7275.099084653498,4197.1146812326415,4.87899765780363,0.5385493387329938,10.238968719404674,5.3429010852815715,0.03591557822916682,0.01964745843749996,46.2795276585565,44.64123886615445,0.031013854166666688,0.022000312499999897,5.342948306008566e-17,1.1148489538944279e-17,0.04249999999999998,0.024499999999999966,0.002621636933337737,0.0007806612074619365,3.3485603697532254,3.2637268127342285,0.002621636933337736,0.0007806612074619361,0.4102938112106689,0.004167534903104814,0.00018135185266374268,8.587187689051805e-05,0.00043317335794920697,0.00033329929431759716,6.805710828981421e-05,1.72570469752859e-06,4.1315406165695275e-05,4.1989878708234086e-07,8.334522295127693e-05,7.1896985140131395e-06,6.386305965204361e-05,2.0270303043455002e-05,9.459091713977599e-05,6.594182087841263e-07,9.530872194755358e-05,2.126552510466916e-06,0.00010441421560740398,4.52398913096635e-05,0.0002114524391140401,0.00017788911789775463,8.282373608631716e-05,6.697162576037634e-06,0.00011650539936119846,5.310637669831812e-05,0.019355570000936483,0.01816083431908537,0.0012983018736704016,0.0006544762152502532,0.0031190424119850162,0.0004791209503254188,0.005417631121714892,0.00021171347992567525,0.0070050027070295545,0.0001233371167667155
bad/裂纹蛋14.xlsx,1,4.0011604006455987e-08,2.286897482813415e-10,9.591329187889172e-07,2.667013707231616e-09,3.301709777956115e-07,2.473808838044966e-09,1.2625587817955192e-06,4.970838355075951e-08,7.86861542305968e-08,5.625442276040455e-09,6492.1875,70.3125,22054.6875,23.4375,6877.39818748569,28.645318069358837,11892.136394037749,51.33952734860941,5.378536768572786,0.02128884200203629,4.960699581782752,0.03788047274537565,0.01571735166666688,0.0001276849999999963,1.756360172725302,0.11180377855614188,0.00897625000000013,3.2083333333376984e-05,-8.303543038342308e-18,1.22240180940499e-16,0.017000000000000015,1.1102230246251565e-16,0.00180952873352478,7.35026782770396e-06,0.08673995346321542,0.04320624559785804,0.00180952873352478,7.350267827703851e-06,0.4248801833715357,0.004584288393415292,6.848547914451789e-05,1.7610206341112127e-06,3.8796729107211196e-05,7.802773692432445e-07,6.819714758337598e-05,1.229013881434059e-06,4.293649318065437e-05,3.2274861884589736e-07,7.587890006240892e-05,8.972951059916403e-07,4.5279717250276355e-05,1.547668929423972e-06,9.182259672490761e-05,7.87110965666395e-07,9.385166136145924e-05,8.20369646097452e-07,5.53026560611396e-05,1.8836884638630864e-06,2.9438093255971208e-05,1.5899312463937084e-06,7.517312972862874e-05,1.9980016830978785e-07,6.213756689758213e-05,3.417490161103002e-07,0.0005136735984366292,3.269179354990824e-05,0.0005533127940944462,1.5471647163971367e-05,0.002517401138328464,6.621301852469856e-05,0.005269377270209459,0.0002268466211127855,0.006952170742842398,3.492350246084991e-05,8.725117774105633e-08,3.3701389864371196e-08,1.1743743910555282e-06,3.0932576952350107e-07,3.741208965701576e-07,9.28296029832796e-08,1.4798295391415997e-06,1.9626611712134154e-07,1.2233617687131063e-07,1.9673346858747133e-08,6398.4375,23.4375,21984.375,0.0,6944.688190425184,86.33263146124318,11642.870689153968,387.9459331416929,5.546101709649429,0.07594791132027678,17.76382527176515,12.291940961828988,0.018226551458333524,0.002167901666666687,86.21163407242582,84.33882489040143,0.03598083333333324,0.025972291666666814,-6.358339780613657e-17,1.250157385020619e-16,0.045499999999999985,0.02650000000000008,0.0019451787739571298,0.0001160937458814554,-2.671048262901905,2.886367122437591,0.0019451787739571303,0.0001160937458814555,0.42540112523442386,0.007814127943321508,8.220096937319274e-05,9.718901052342302e-06,6.0956936792857185e-05,2.3924168100803493e-05,7.225296819981085e-05,4.224250924186728e-06,4.7883351658493004e-05,4.250861405438023e-06,7.698411805432475e-05,6.05243896874652e-06,4.5652744138465246e-05,3.2619714403657353e-06,9.94080290167958e-05,3.932668542532378e-06,9.998907631321242e-05,2.2041384048116945e-06,6.103804578546302e-05,1.547841071918499e-06,3.76796203070791e-05,3.1578317300103416e-06,7.971361526227456e-05,3.9306814743864815e-06,6.808581384388262e-05,2.458768834225399e-06,0.0008401879284630232,7.203658662735871e-05,0.0005432736760366152,3.9607561448038006e-05,0.0030683922433744045,0.00029362186173321017,0.005866791596151665,0.0006578029536764372,0.007983331574858303,0.0012618326768888003
bad/裂纹蛋15.xlsx,1,4.899985239490548e-08,3.6703374697666503e-09,8.982617771025199e-07,4.628026548503306e-08,3.3514013236453976e-07,1.1070122131199234e-09,1.3254369599411203e-06,4.7106983359252684e-08,9.608724755158722e-08,1.211205339382115e-08,6421.875,0.0,22054.6875,70.3125,6957.721727235576,112.83027744690571,11690.146792877205,271.938732662622,5.33484571905843,0.006641494589187058,4.957315970405407,0.005259675588013213,0.01580235822916686,3.755843749998593e-05,1.4555779594583607,0.016893996691214497,0.008994687499999987,1.1458333333269621e-06,-3.055426282353816e-17,6.962023550253585e-18,0.01649999999999996,0.0004999999999999449,0.0018144291981383094,2.1562358253471086e-06,0.10147523340887238,0.0039280825201147285,0.0018144291981383094,2.1562358253471086e-06,0.4143571577411961,0.004688476765992933,7.549145108839546e-05,2.2715416816568445e-06,4.0368948645269927e-05,1.0646941936179086e-06,6.574106254234429e-05,1.0084440977457479e-07,4.2421062948925714e-05,7.51674365638889e-07,7.563410231657138e-05,2.6892587528407964e-08,4.662096001498347e-05,1.3199334891429272e-06,9.339061844441359e-05,5.809623004780697e-07,9.701965061931376e-05,1.2287172155901635e-06,5.9170205525456135e-05,6.695783724716909e-08,3.277558631864518e-05,2.407191568931729e-06,7.491809579933421e-05,2.6051940763047296e-07,6.456861674678088e-05,4.185811583511944e-07,0.0006359445091231103,7.727629360339245e-05,0.0005744836690708835,1.2091143757148428e-05,0.0028586314587081057,7.598838908501868e-05,0.00507235100310846,2.5958874539479433e-05,0.0067372337579053275,3.032821398357916e-05,1.0720858492525226e-07,4.686810632764486e-08,8.81698737996204e-07,5.425480079513301e-08,3.719768338201281e-07,1.948901203823733e-08,1.280432074871783e-06,1.436222694691889e-08,1.084186870054806e-07,1.1006069069173884e-08,6398.4375,23.4375,21703.125,187.5,6993.042725294203,175.1076692806655,11073.699163075058,239.94932685281674,5.415583970287131,0.0455238259459092,7.1852752138717975,2.3914897070463077,0.01693375229166686,4.787500000000625e-06,2.238453700867308,0.9241453920233704,0.013496458333333239,0.004493749999999963,-3.668361910532288e-17,5.033011044967376e-17,0.02199999999999991,0.0050000000000000044,0.0018782611613585966,2.6551042364415887e-07,0.13822114745038439,0.04076362641957444,0.0018782611613585966,2.6551042364415887e-07,0.4090435507397374,0.010835590748072527,8.570032608328824e-05,1.1079549740526511e-05,7.717881732346917e-05,2.4273832876489465e-05,6.877228084224623e-05,1.5303581047683667e-06,4.3354929024544575e-05,2.48738075709992e-06,8.214419331126736e-05,3.530109712890982e-07,4.885713678381889e-05,1.4838711998465092e-06,9.715411023009773e-05,2.5574210856266363e-06,0.00010142757728250368,1.5335177821705875e-06,6.003454605920137e-05,2.6369004994647665e-06,3.510728081415199e-05,3.854402559376666e-06,7.843537175291642e-05,1.2293345808029685e-06,6.737040338046073e-05,1.2469395895757887e-06,0.0008328359741891492,0.0002334300759124383,0.0006311672367823734,5.595553909440546e-05,0.0030778588918367504,8.14290329663233e-05,0.005425378377414982,0.0001588183691141132,0.007018301338685663,0.00011023190574655384
bad/裂纹蛋16.xlsx,1,6.881109679151888e-08,2.8737540435512807e-08,9.613922569303053e-07,2.0280131261779733e-08,3.543027637653109e-07,4.228496601355146e-09,1.4875783903095811e-06,2.7524522544518905e-08,1.1780150327234376e-07,3.952063683196305e-08,6445.3125,23.4375,22054.6875,23.4375,6982.4488986951565,129.53616203143702,11518.938276064519,92.96432753008594,5.397380344686432,0.03690371807292392,7.908843774193606,2.5609307114337,0.01631275729166688,0.0004920425000000152,3.060323786352996,1.0383941831826973,0.014507083333333282,0.004500625000000036,-6.020646943956838e-17,2.44480361880998e-17,0.023500000000000076,0.0035000000000000586,0.0018432899749169537,2.7805949026356628e-05,0.19547400495095063,0.19545509876050077,0.0018432899749169537,2.7805949026356628e-05,0.4175869972911023,0.0020837674515524207,7.667700581486084e-05,8.15222517015402e-06,5.36602887059194e-05,1.8267402194855717e-05,6.76792523232135e-05,1.4635891727320956e-07,4.2806626552604704e-05,1.1244293380886082e-06,7.743436321473728e-05,1.2717365147734674e-06,4.430020704154616e-05,8.76691858211878e-07,9.531070899442489e-05,1.2461943094760965e-07,0.00010132697302417967,1.833957271914258e-06,6.012163932262398e-05,1.8102212645079988e-06,3.9499740392569434e-05,7.396279874344408e-06,7.610217990423643e-05,2.1611002988177082e-07,6.604046128289235e-05,2.19432083704187e-06,0.0007699107030489805,0.00023691170956487758,0.0006646721276008722,3.7151239927050094e-05,0.002862075510756801,0.0001266513501305775,0.005470677801138291,0.00026602351101867074,0.006596257196113729,0.0001356986127592722,4.773507396215971e-08,1.3990780370942097e-09,8.991451041448326e-07,1.0550744044213423e-08,2.9137793073766343e-07,4.284770299056286e-09,1.3078247826170185e-06,6.296815203473413e-08,8.087588701790853e-08,4.068268967607697e-09,6445.3125,23.4375,21960.9375,70.3125,6802.236602186593,33.24479109964477,11530.866255958088,1.3604010557146466,5.355166237779953,0.014351415203350815,6.815560913584466,0.8146655941181664,0.01612992697916687,6.30521874999887e-05,2.350073599459706,0.16534969421022883,0.012496770833333337,0.0015178125000000486,5.111651842544992e-17,4.8340960863887025e-17,0.020499999999999963,0.0015000000000000568,0.001833136278854107,3.5828957583125976e-06,0.10803475146244867,0.089003041115193,0.001833136278854107,3.5828957583125976e-06,0.42290060429256093,0.0030214628047509906,6.84157889213157e-05,1.7813114406495576e-06,3.977802673891555e-05,3.444173175805384e-06,6.792577718838156e-05,1.5781943015082773e-07,4.348051740712883e-05,1.328485069415036e-06,7.448930114209021e-05,2.5353814892326346e-07,4.344721489399742e-05,1.8352558247245485e-06,9.538300530776076e-05,1.6779354864428515e-06,0.00010092422990858383,4.567962620582799e-07,5.67724331948732e-05,7.726295931605569e-07,3.1596876857845096e-05,1.0446086863106227e-06,7.558573855912383e-05,1.478640039734728e-07,6.589533206363956e-05,6.062556887083319e-07,0.0005502022486953881,3.6087839684370397e-06,0.0006072533193258578,1.4158207365044416e-05,0.002713812701613765,0.00016100683647906743,0.00557210433609205,4.8772588460328954e-05,0.006769990514930374,3.551290922502873e-05
bad/裂纹蛋17.xlsx,1,5.0425553609123955e-08,1.5246256624237496e-08,1.1074176219174138e-06,3.1736898590908723e-07,3.089741659714611e-07,9.553527118206632e-08,1.4097959399751304e-06,1.4650053669631437e-07,1.5701440444318399e-07,3.091961923798122e-08,6421.875,0.0,22218.75,234.375,7001.186228055927,9.009911227528846,11887.881458876564,103.72164526387314,5.4968329690766735,0.1715026921933136,19.23909151394419,14.275345428825375,0.01834744572916656,0.003117779062499983,133.00988058454567,130.49003078810654,0.0398571875,0.031015520833333143,-1.7324105113421716e-17,1.0697461435190311e-16,0.049000000000000044,0.03199999999999992,0.0019479703407991704,0.00016672155912317906,-3.9719748027970816,3.8627223361344294,0.0019479703407991704,0.00016672155912317906,0.4070639716607627,0.003854969785371948,6.78055243277019e-05,8.251735891601114e-06,4.109985296637035e-05,6.019696994677815e-06,7.062229482361157e-05,5.932325380617703e-06,4.563902541547128e-05,6.213444788568227e-06,7.151961715564231e-05,6.576563785755832e-06,4.105580221787799e-05,7.997294219859401e-06,9.756662177675229e-05,4.1450853661618e-06,0.00010088144110327729,2.057343074988568e-06,7.217807427082652e-05,6.253364168791601e-06,4.5350676054138436e-05,2.335451601130044e-06,7.843442799993451e-05,5.532228325480397e-06,6.757520265668934e-05,3.7930257054928515e-06,0.0009131057369873801,0.00037886245135960474,0.0006733743372330552,9.286870487945924e-05,0.002681829531400383,0.00047119103115902754,0.00624107609181076,0.0008462960612650944,0.008130462536199734,0.001566634024439047,5.063718438562885e-08,1.6861613765953095e-09,8.808196154507856e-07,3.059421325588028e-08,2.3361875724836776e-07,1.5619080326797568e-09,1.3257024958294698e-06,1.6283608266096985e-08,1.3379471819057058e-07,4.5404631093001505e-09,6375.0,0.0,22500.0,0.0,7064.893919397709,67.38404637861731,11942.72059590743,13.718709569490784,5.360277474694266,0.015543158650910716,5.072915808263772,0.0147891446489683,0.015299476458333237,0.00010539333333333539,2.6561114078467134,0.18339630161268117,0.009056666666666602,4.791666666670302e-06,-1.195802716106679e-17,3.307539427529113e-18,0.018000000000000016,0.0,0.0017853159705584496,6.149316089290482e-06,0.02834869870709457,0.043288952141273526,0.0017853159705584494,6.149316089290591e-06,0.39258178787247344,0.0,7.406065458500007e-05,3.0771448312382816e-06,4.297501444332379e-05,2.644375175805818e-07,6.61786964734682e-05,1.2785102046948955e-06,3.8933042080508215e-05,6.842804562577849e-07,6.527985814871833e-05,1.052272215339926e-06,3.632363120860906e-05,4.396490107228805e-07,9.331101931187388e-05,1.0113790321375526e-07,9.405727736764088e-05,1.47343429487831e-06,6.83640665446596e-05,6.490793187083127e-07,4.279716232210211e-05,1.919815577650821e-06,7.397515683658142e-05,6.076535583481564e-07,6.168438527133266e-05,4.3180027416030414e-07,0.0006147980308927846,3.4139071049841174e-05,0.0005268848807205107,1.5385406962468366e-05,0.002348626327545636,7.738133059980931e-05,0.005262698708077567,1.0453916319988748e-05,0.006604208562505404,0.0001968170351194106
bad/裂纹蛋18.xlsx,1,4.753137062684945e-08,3.907929118492496e-09,8.080140380946096e-07,2.8314793952231464e-08,2.2802235726977303e-07,1.682697391584604e-09,1.2756703827587698e-06,4.961848061423985e-08,1.153585405562379e-07,5.918215622515952e-09,6445.3125,23.4375,22382.8125,23.4375,7050.811171014676,27.269629123465165,11925.071940611924,30.137888451753497,5.307112567847449,0.013713747837581725,6.0030948750863224,0.7008829803255194,0.01467206322916657,0.00016062656249999068,2.6497579877001924,0.15565704061093522,0.01050197916666673,0.0012828124999999524,-4.5750440473094995e-17,1.1102230246251544e-18,0.019500000000000073,0.0015000000000000568,0.0017483101120445484,9.570346518319984e-06,0.0031743851594751606,0.04059159266056919,0.0017483101120445484,9.570346518319984e-06,0.4217545321942071,0.006668055844967713,7.611427722421929e-05,2.06421430960351e-06,4.78404243552494e-05,3.820858859335363e-06,6.272436921829014e-05,1.7572616136936976e-06,4.002042785326609e-05,6.615363663881388e-08,6.366588290003362e-05,2.150057399760107e-06,3.605714178659085e-05,1.5699306249660404e-06,9.100446458615501e-05,9.823448186710784e-08,9.359011351363805e-05,1.1839672426985519e-06,6.171812057272947e-05,3.435267767601044e-07,4.001848585084317e-05,8.344056961698982e-07,7.159913370324202e-05,9.26657249770746e-07,6.12402879061822e-05,6.761960535576605e-07,0.0006988600011842589,7.714732558642583e-05,0.0005090198737230752,1.0651955291924426e-05,0.0023005811925603825,4.17754225994116e-05,0.004927365908853329,0.00012324852774957653,0.006363342152306064,1.5193447642604559e-05,5.860430782638472e-08,5.647432041234877e-09,8.347331295696973e-07,4.584770139347759e-08,2.250472864418256e-07,1.3527910152725933e-08,1.2830832207925011e-06,7.428736250189262e-08,1.3031436776763363e-07,1.3428317574856173e-08,6375.0,0.0,22359.375,46.875,7101.04565881696,4.768172976071128,11851.968930936535,90.48255200085896,5.354087642420579,0.035635096577538494,5.3475095046422005,0.20473998123240156,0.015154029062499918,0.0003997009374999824,2.5055353656142856,0.16591479527222752,0.009495937500000107,0.0002384374999999661,-3.1063115043158025e-17,4.267419750902946e-17,0.018000000000000127,0.0010000000000000009,0.0017766654737758829,2.3434639180795443e-05,-0.007530443863221702,0.027240103053610798,0.0017766654737758829,2.3434639180795443e-05,0.42477599499895813,0.0003125651177328659,7.665688285235003e-05,1.3579464856977401e-06,4.4345825087142546e-05,8.240361238340933e-06,6.389112612878843e-05,7.568600088965464e-07,4.170549389066554e-05,1.4294380511639283e-07,6.374008722129224e-05,2.906728526300378e-06,3.530201560772374e-05,2.5662812704987664e-06,9.231836793426366e-05,1.3662126262693544e-06,9.787171936328804e-05,1.3744286746557538e-07,6.924310179312596e-05,3.026808554331874e-06,4.097559655163716e-05,4.007808790675421e-06,7.305074359940415e-05,1.344918518135228e-06,6.454501519674921e-05,4.104619509978717e-07,0.000770544966520195,6.806746391033869e-05,0.0005363690314167749,2.152305125640181e-05,0.002475443829111956,7.71085072364887e-05,0.004958952863470718,0.00011532969945549304,0.006512517114379312,0.0002791730402775974
bad/裂纹蛋19.xlsx,1,5.0538357416320754e-08,1.1435400156754526e-08,8.2335500356674e-07,3.7738304327198936e-08,2.2084871171608743e-07,6.279719424331386e-09,1.2972846765898383e-06,1.0768253403177263e-07,1.1091280094767451e-07,1.941854573916469e-09,6375.0,46.875,22289.0625,70.3125,6974.638790393332,50.9430042326635,11690.541885633866,81.96241067284336,5.34901238354639,0.019268416410752387,5.286898119394882,0.547740941853089,0.0145948628124999,0.0001411703125000054,2.2324099808998765,0.12974624245601962,0.009223437499999987,0.0009996875000000127,-3.094746681142624e-17,1.1703601051256858e-17,0.017000000000000015,0.0010000000000000009,0.0017437102106225653,8.433305486103067e-06,-0.0568815089626545,0.0645466328616677,0.0017437102106225653,8.433305486103175e-06,0.4144613461137737,0.0010418837257762104,7.28295362420319e-05,7.027642110850946e-06,4.510172571580382e-05,4.758430587487863e-06,6.390800556835078e-05,8.794905868811397e-07,4.13987129368383e-05,2.2076564568849322e-07,6.442235816244058e-05,4.4923015801509857e-07,3.6523737835386405e-05,5.707624009439374e-07,9.260567572284421e-05,1.355444546249824e-06,9.622442771330152e-05,2.1857030391361307e-06,6.16237366482985e-05,1.109038392138097e-06,3.9381193346128314e-05,1.949094525252349e-06,7.193555652918059e-05,7.125535444989301e-07,6.277361489397107e-05,6.206569850956164e-07,0.0005961548063476163,9.290172171710361e-05,0.0005959365423733224,3.633764466988681e-05,0.0022197772234573408,6.0228220378954946e-05,0.004999658298270348,9.78443296174858e-06,0.0062413426291902125,0.00018850749626034497,3.892467327719058e-08,3.8650963634019425e-09,8.38166845354217e-07,4.748131954925975e-08,2.2014777012350474e-07,1.2129546248097523e-08,1.2726484310538683e-06,5.8460777755811385e-09,1.0554936760328611e-07,4.514878817921998e-09,6398.4375,23.4375,22265.625,0.0,6925.640907465806,31.151529828992352,11809.82193856533,138.51892403086276,5.370416791717886,0.023189847255218776,9.816056705763073,3.977526848412719,0.015118261145833244,0.0003832619791666672,6.006914383301134,3.7781122621896186,0.017508854166666588,0.007279270833333351,1.4964881186093253e-17,3.9389787727846694e-17,0.02749999999999997,0.007499999999999951,0.0017745792778118812,2.2497232628055828e-05,0.17053440873579379,0.2534057767377832,0.0017745792778118812,2.249723262805561e-05,0.42237966242967284,0.0031256511773286033,6.47269156157612e-05,3.839512411756569e-06,4.2749546526001965e-05,2.589130518778797e-06,6.521339213053173e-05,1.6091567595703083e-06,4.190039694604903e-05,3.3271200688939012e-06,6.36434027096684e-05,1.7381150886116103e-06,3.5985929611116236e-05,1.2137425107964119e-06,9.44642224777078e-05,3.454214075538693e-07,9.57088354044065e-05,1.3499578785392742e-06,6.229261594497504e-05,2.630335731851269e-06,3.8346467791749634e-05,3.320175322011949e-07,7.338252874301089e-05,7.067062592831219e-07,6.274576106693751e-05,1.5113152235525214e-06,0.0005420973593275536,3.404179023145618e-05,0.0005773635201845373,4.0794921849329e-05,0.002242247867717917,8.925704036555219e-05,0.005156629077343537,0.00018271082284086835,0.006666584996499531,0.00032341906107613647
bad/裂纹蛋2.xlsx,1,7.29611127945107e-08,1.5059095881172438e-08,8.930950866588788e-07,8.749072503487227e-09,3.190831836040601e-07,1.674512148825848e-08,1.2781836334634652e-06,2.7832026675127606e-08,9.485161465127896e-08,1.0750174046127677e-08,6421.875,0.0,22031.25,0.0,6951.22554692392,81.00852796118033,11539.86431624639,52.99400793604036,5.406163005034841,0.050531509372700345,9.0276169378646,0.7599215170247673,0.01595330729166686,0.0001503174999999933,3.104630108379489,0.4930312983908398,0.016464374999999865,0.001462916666666536,-1.4499975294531473e-16,7.662851834548216e-17,0.026499999999999968,0.0004999999999999449,0.001823055653641993,8.588916572779934e-06,0.2503306741541433,0.040732552850737666,0.001823055653641993,8.588916572779934e-06,0.4217545321942071,0.0006251302354657318,8.148339614430533e-05,3.950324764562649e-06,5.306038765311895e-05,8.366290878301932e-06,6.744409219382855e-05,3.3083472723469224e-07,4.147370355578507e-05,1.1761333285830715e-06,7.626921427972338e-05,2.3370444639598864e-06,4.405274204350149e-05,1.2344251863334871e-06,9.360872742824764e-05,2.0159989145290355e-06,9.398302025187414e-05,4.4260362106241543e-07,5.9667688146169255e-05,2.6802931647635983e-06,3.367169809080496e-05,8.161769011997777e-07,7.609826147913461e-05,1.3686549568876386e-06,6.236192532689744e-05,3.9047790468194814e-07,0.0007129197079637363,7.893661240060504e-05,0.0005121746355988667,6.157599384629673e-06,0.002730835497490294,9.036481595293662e-05,0.005341138197503337,0.00015107814140649656,0.006723973538127231,1.0198046053502049e-05,3.7349404455682336e-07,1.0860315001819649e-07,9.530642717972007e-07,8.788866275300646e-08,4.53349268321668e-07,1.5103572325914103e-07,1.4720792973636097e-06,1.72023544539937e-07,3.913980423695777e-07,2.3473863277991446e-07,6468.75,46.875,20695.3125,1101.5625,7319.397761814018,60.92035072092085,9829.639243208,769.652187799421,5.427341059842847,0.041248037899341394,10.776257918404891,1.754236774386646,0.019584649583333533,0.0026223295833333327,12.932883986294954,10.282899466597598,0.021956041666666648,0.004996041666666562,2.079355206537533e-17,1.6884641832840927e-18,0.03600000000000003,0.010999999999999899,0.00201538209423472,0.00013553724248053633,0.6470618776555646,0.3596967071014059,0.0020153820942347194,0.0001355372424805361,0.40591789956240887,0.006251302354657234,0.0001186328370094164,2.024298247470401e-06,0.000163515230212695,2.286387996576863e-05,6.82224355317354e-05,9.75958876403019e-07,4.258627383606262e-05,1.90953766401833e-06,8.187337401506556e-05,7.234417290690601e-06,5.579126227888395e-05,1.173442008133195e-05,9.868960592852025e-05,1.8566215810447026e-06,9.938507712941844e-05,2.569713111705071e-06,7.903866445032955e-05,1.2522433241415473e-05,8.824581491125628e-05,3.650974654263331e-05,7.961919321815275e-05,1.8985063917922626e-06,7.39380978647864e-05,6.313196646368316e-06,0.0031176455822201506,0.0014971871323252394,0.0011217470556943616,0.0005187359286028879,0.00298165870428374,0.0001755371446833156,0.005607585268023088,0.000342812224636778,0.006816002557796229,5.4891829633363365e-05
bad/裂纹蛋21.xlsx,1,1.5508416762849653e-07,3.098657800447423e-08,7.852043624062959e-07,4.9304124162535275e-09,2.1427749875973107e-07,1.886630088246384e-09,1.1495263855019008e-06,9.566862677747005e-09,1.9776106334065183e-07,2.1936459659570252e-08,6375.0,0.0,22218.75,46.875,7411.05050743497,3.6290334489758607,11147.337809639861,13.6169416478715,5.427637056461287,0.005898538041063439,6.056480529957051,0.2712690291370605,0.015707803124999906,4.810500000000488e-05,2.4626490589288643,0.1097788119983587,0.010956874999999977,0.0005075000000001051,5.095461090102541e-17,3.4255006238955344e-17,0.020000000000000018,0.001000000000000112,0.0018089917941722126,2.7700167110451205e-06,-0.03868161707155685,0.10510829892766133,0.0018089917941722126,2.770016711045012e-06,0.4081058553865389,0.0030214628047509906,0.00012818845483046523,5.063084028916382e-06,8.356916192386566e-05,1.5151894987175805e-05,6.411665694877416e-05,6.726708723482776e-07,4.13950513163964e-05,6.722795322186643e-07,6.371286924367704e-05,2.491883184936494e-07,3.413223005194873e-05,9.58404785005709e-07,9.136395466948605e-05,3.6169194378464427e-07,9.671358588086077e-05,6.989191368737748e-07,8.336509424507454e-05,3.973296789530232e-06,5.252432367163401e-05,1.2490172045349915e-06,7.47294142018451e-05,4.607455993685199e-07,6.588915340708993e-05,9.129517482320314e-07,0.0016095366399211442,4.8103042016109745e-05,0.0005977350996429682,1.961650165780099e-05,0.0022349479125369095,6.81828695278208e-05,0.004753892889239695,4.710096890731116e-05,0.006620338947793264,9.325959255989443e-05,1.198283735922896e-07,2.3273537137890878e-08,8.466071254760931e-07,9.272481334057171e-09,2.3528070013251206e-07,2.1252506058183533e-10,1.2144223366961614e-06,2.513323391659864e-08,2.083789097824774e-07,5.107167524827124e-08,6351.5625,23.4375,22289.0625,70.3125,7300.893341502531,110.65213101534346,11230.815436124696,126.45379938749466,5.3962989049987335,0.01997792194744763,7.1642836618980414,1.88950313845907,0.015651561979166548,0.00019979718749999972,3.214113232532558,0.6795778374140635,0.01295843750000003,0.0034944791666666752,6.152485928131076e-17,1.8549976369778654e-17,0.02200000000000002,0.0040000000000000036,0.0018057157130473545,1.1525738454214954e-05,0.013821325611983709,0.20113333849189663,0.0018057157130473545,1.1525738454214846e-05,0.4206084600958533,0.002604709314440512,0.00010954033915571353,1.3071505974737203e-06,7.669642601679054e-05,3.663626905159473e-06,6.473628008569669e-05,1.434988805253504e-06,4.148796353077492e-05,2.1544256694529703e-06,6.561880657648362e-05,1.590534413703906e-06,3.654059880058823e-05,6.904395841948182e-07,9.003492798142536e-05,4.93577589058345e-07,9.739254432211694e-05,4.09916545717095e-06,8.320263048761861e-05,5.852776239574813e-06,5.257571459881407e-05,9.862130972758353e-06,7.440887276988293e-05,8.983678804911225e-07,6.495369280575676e-05,2.0649833919052056e-06,0.0013427844863414052,0.00016020049348788173,0.0006549857820260729,4.341682825325261e-05,0.0023371159287779893,3.216937014018616e-05,0.004784796947865894,0.0002131648924119157,0.0065733856844300605,0.0002384003070851244
bad/裂纹蛋22.xlsx,1,1.0105195186368997e-07,2.3234445458199873e-08,8.790578855658452e-07,2.3108092472754883e-08,2.0142737735222675e-07,1.544108901280112e-09,1.3144190216918886e-06,2.384061955763742e-08,2.236585200948018e-07,1.1231699034078634e-08,6421.875,0.0,22476.5625,23.4375,7358.821352549193,7.573601634113402,11698.992945711745,192.78949857062798,5.351219842690912,0.002690930812318193,6.144483418974971,0.27757480505172394,0.015390829166666556,6.8700000000025685e-06,2.6089073237869678,0.028148076148883927,0.011002499999999915,0.0004945833333332983,-9.443834603217737e-17,9.041378756791118e-17,0.020000000000000018,0.0,0.001790648648769172,3.996456817434175e-07,-0.028509414915038334,0.026798355464322764,0.001790648648769172,3.996456817434175e-07,0.42165034382162947,0.005105230256303411,0.00010556965464396042,1.030071488304704e-05,6.529393598974711e-05,4.15425690209728e-07,6.44437094620468e-05,8.13202848689181e-07,4.062116820534676e-05,1.5022011837915535e-06,6.016460742802318e-05,6.119929224076564e-08,3.357695076923089e-05,1.3907418975767879e-06,8.97397620710588e-05,3.959054362836126e-07,9.628273614315113e-05,2.034575705218694e-06,8.464825075381717e-05,1.1850663205713183e-06,5.2443846298192765e-05,3.249215135205473e-06,7.343426040474656e-05,5.78865015947272e-07,6.399835561026783e-05,1.6042413356390545e-06,0.0012843146887452823,7.979412670231943e-05,0.0005924926080742043,2.2665594292753735e-06,0.0022194472556675096,8.473974517494119e-05,0.0048050187098710485,2.5196088901190128e-05,0.006554468623412079,3.3568712162088295e-05,1.2338750536482116e-07,6.179347797121107e-09,1.009999318386909e-06,1.4825723132693555e-07,2.478899673283466e-07,2.4262540714151394e-08,1.330002142927648e-06,9.228054392628017e-08,2.3270192695697455e-07,5.0912536470941264e-08,6398.4375,23.4375,22242.1875,117.1875,7291.299320101526,22.738319107712414,11513.171612508691,187.63802263561593,5.44012842122755,0.12039974081795046,19.342814438067187,7.588555043208044,0.017129391145833242,0.0011427986458333317,58.38504096563943,52.36769908004021,0.03699822916666673,0.015546979166666808,-1.812901680627495e-16,3.0993726104118954e-17,0.04600000000000004,0.016000000000000014,0.0018880274785707746,6.305073785141749e-05,-1.7022401566917822,2.2304196410161863,0.0018880274785707746,6.305073785141749e-05,0.42383829964575953,0.004584288393415292,0.00011739150395721614,2.271541450922881e-06,7.309784074329911e-05,4.022070324532632e-06,6.881201565740665e-05,2.4138302797246578e-06,4.4961827093628434e-05,1.268294684165018e-06,6.673796142040102e-05,1.919486629005558e-06,3.7661363317646236e-05,2.425939423591751e-06,9.310635769824174e-05,2.4422176851195314e-06,9.62147970912022e-05,2.178508348764645e-06,8.747474145033278e-05,4.1757163980070245e-06,5.5995092945619824e-05,6.755518021011095e-06,7.791258727729837e-05,2.1837034911110977e-06,6.57711552667917e-05,6.736692553379144e-08,0.0015170283720058785,0.00014400398537611162,0.0006318719118015091,6.041582812961737e-05,0.0026101166977462384,1.3461428241405863e-05,0.0051053909796539895,0.0003942800850999899,0.00737227968847677,0.000519779571959293
bad/裂纹蛋23.xlsx,1,1.2467025730340905e-07,7.87037214473296e-09,8.716565072978687e-07,7.176520092045966e-08,2.220025618779115e-07,1.894900904551795e-08,1.2797775447270777e-06,1.7046278036974638e-08,1.610718645749967e-07,1.6868490945334714e-09,6398.4375,23.4375,22406.25,0.0,7276.356757491318,28.993817670811495,11542.525318568161,191.48226199836517,5.340627554399896,0.062110031257441634,9.112469423754671,3.3154255391372605,0.01569926864583323,9.956145833336927e-06,4.381008625407525,2.510016774421831,0.016478020833333384,0.005990729166666653,2.0955459589799827e-17,9.131584377541913e-17,0.02499999999999991,0.006000000000000005,0.0018085023193318993,5.734571159902654e-07,-0.17379729226082785,0.21713812691353895,0.0018085023193318993,5.734571159904823e-07,0.43071473223588247,0.001458637216086689,0.00011572142388603433,4.967458558405083e-06,7.054194669209459e-05,2.3708651388384567e-06,6.574426179797876e-05,9.618519167038748e-07,4.157480219647428e-05,1.6161942550386729e-06,6.267827415699155e-05,3.4684068609955115e-07,3.5572554983737444e-05,6.913517928491009e-07,9.171647992090975e-05,7.958197934474631e-07,9.696376227886176e-05,5.126943193463522e-07,7.688807546358429e-05,2.427767412401091e-07,4.488545387595509e-05,3.3029137111231133e-06,7.447797957077653e-05,1.2209215934606897e-07,6.413381699111281e-05,7.192789609473775e-09,0.00131859668820775,2.7372929073997648e-05,0.0005129267831016462,1.943068732816603e-05,0.0022630389154970412,6.999318940125268e-05,0.005064938416157717,1.6059423213428837e-05,0.006601427192110003,0.00010932757054976259,1.22343104771025e-07,4.455295763550691e-09,9.639448172404354e-07,9.27521593438655e-09,2.2234910683598125e-07,6.889052732839254e-09,1.3238794169727593e-06,3.46085234691138e-08,1.8434800747171207e-07,1.9194273718839107e-08,6375.0,0.0,22476.5625,23.4375,7328.850492436262,43.98868328906747,11872.970419794216,76.38250669915305,5.393712202881018,0.0039077294758751435,9.121215179176469,3.8271330411010545,0.01568320458333324,0.00021328791666666916,5.313321929326235,2.874933343388153,0.016533958333333376,0.007029791666666729,2.842633535967327e-17,5.645946673145848e-17,0.02650000000000008,0.007499999999999951,0.0018075351185699673,1.2291595937024983e-05,-0.1659120771226465,0.1642057304725862,0.0018075351185699673,1.2291595937024983e-05,0.42894352990206297,0.0007293186080433445,0.00011406821333132043,3.6467081709629366e-06,6.850043484365669e-05,1.606931550283768e-06,6.62689136168956e-05,2.749389465442654e-07,4.2664203333120005e-05,4.561079278585181e-07,6.314462500776766e-05,8.438589049742553e-07,3.576833184345121e-05,7.422955069189605e-07,8.998254983831754e-05,1.569537291309078e-06,9.543803216773093e-05,1.617538512902031e-07,7.983080898208118e-05,1.0189422571354583e-06,4.9630297765148554e-05,3.2429064888168715e-07,7.456678591082137e-05,2.9788171438140505e-07,6.451361604124074e-05,4.0072774375509915e-07,0.0013511735698009209,1.6307221529538547e-05,0.0005335803496689835,4.0843149397912e-05,0.002307966892585918,4.139443028334058e-05,0.004809291294932943,0.0001557994638208375,0.006744244955761712,5.4022454007926664e-05
bad/裂纹蛋24.xlsx,1,2.2078720118541034e-07,6.812738539468275e-08,8.61901432805179e-07,3.5510231252773606e-08,2.3319931215245565e-07,1.2713603249851538e-08,1.2473919002570071e-06,1.0366626763030886e-08,2.7782086168494063e-07,4.990526235665641e-08,6398.4375,23.4375,22101.5625,398.4375,7562.075112835333,38.08655011968949,10903.035872827177,702.7340346593337,5.398287402518752,0.035403084901783455,7.303253865648489,2.488672896103586,0.01608464322916656,0.0010891034374999947,3.323272464051913,0.8589165253239206,0.013515729166666768,0.005005937500000002,1.4682699500667695e-16,2.3129646346357346e-18,0.022499999999999964,0.00550000000000006,0.0018295141684208126,6.201005529107677e-05,0.1799508678824562,0.1440686849020584,0.0018295141684208129,6.201005529107688e-05,0.41633673682017086,0.00750156282558867,0.00013693402842733185,2.0459380919956705e-05,0.000122216999733642,3.0093147058251594e-05,6.515182537900096e-05,1.5442696855570866e-06,4.071729661657678e-05,4.929365622577244e-07,6.603914598787576e-05,4.042148319244954e-06,3.557349078169116e-05,1.8105874106068008e-06,8.767075996205873e-05,2.0746441336444543e-06,9.503020778980553e-05,5.626111334328194e-07,8.585586970467367e-05,4.850068883625599e-06,7.154640263338935e-05,1.4151776653793077e-05,7.492137371144097e-05,3.1719162343372075e-06,6.748084350593288e-05,1.7852044132411326e-06,0.002184020588131775,0.0006277090611837495,0.0005504845228595721,4.894152644540641e-06,0.0022322637295346544,6.787088359858041e-05,0.004735730099481642,0.00026740230327753495,0.006426958270346041,0.00013623204847595894,1.4994908949274505e-07,6.227284270640597e-09,8.307595275976578e-07,1.2673629898569081e-08,2.08232506727395e-07,1.0530729752731922e-09,1.20631324321639e-06,3.548303061079374e-08,1.8351405351338454e-07,2.100811273423085e-08,6351.5625,23.4375,22101.5625,164.0625,7265.217857439589,30.917007493889287,11101.96085356571,105.21979908165486,5.348758212456515,0.00514669131975376,7.725815304598713,2.44195812089607,0.015716838229166575,0.00018494843749998838,3.4225923089771477,0.7092023778243677,0.014005729166666647,0.004500937499999802,-1.4573990162839813e-16,3.2404634531246756e-17,0.02300000000000002,0.0039999999999998925,0.001809482782543666,1.0646944212699136e-05,0.15859141174846025,0.1367344228508724,0.001809482782543666,1.0646944212699028e-05,0.4214419670764743,0.0015628255886643017,0.00012240635075721687,3.346841323015742e-06,8.336475645869923e-05,9.547852399464932e-06,6.504131236798773e-05,5.574338995317031e-07,4.2013532418461985e-05,5.845335615425197e-07,6.382183743210506e-05,5.243435875854023e-07,3.4460596841540395e-05,1.2589558588707879e-06,9.069634983128056e-05,9.091723541506804e-07,9.570892204975665e-05,1.2528943540177182e-06,8.325228509490605e-05,4.121061734441679e-06,5.2025340863095105e-05,4.158821162907725e-06,7.480787976166284e-05,4.54743645992e-07,6.427564291407452e-05,7.974309832768777e-07,0.0015515128037520832,8.989434200686616e-05,0.0005298353259241583,1.2472878147011621e-05,0.002247779462626206,2.1733211872720665e-05,0.005088575709825761,7.978084649584456e-05,0.006378334046331307,6.811905397655169e-05
bad/裂纹蛋25.xlsx,1,1.3517806983296877e-07,1.4322797956760977e-09,8.881702394420008e-07,3.829169606685887e-08,2.3543245659615465e-07,8.439589302912011e-10,1.385616385958671e-06,1.4897726701576814e-08,1.7760335136812098e-07,1.2223519369372506e-08,6351.5625,23.4375,22453.125,0.0,7299.062636480182,14.870852100016236,11527.543897361365,172.36850494511418,5.361691243394615,0.03981084320610506,8.407375647743127,0.8887566967569738,0.015311780729166578,0.000183834062499999,3.488870183170203,0.09747015511931956,0.015006145833333373,0.0014971874999999413,-3.0993726104118945e-18,2.696916763985276e-17,0.02300000000000002,0.0019999999999998908,0.0017860121388673874,1.0721865262662946e-05,-0.08714607613918182,0.16369821204464782,0.0017860121388673872,1.0721865262662837e-05,0.41925401125234424,0.004375911648260067,0.00011578300244098979,2.5661626317108755e-07,7.705153660557149e-05,1.5475743063175603e-06,6.390228484905126e-05,1.641420501105663e-07,4.1626165086155965e-05,1.3584861654990459e-06,6.471174770847415e-05,2.09679814787482e-07,3.520256107205588e-05,9.220663663260113e-08,9.111692546879445e-05,1.0144143691066414e-06,9.784206492937691e-05,1.5571740325971022e-06,7.700062386072255e-05,3.1493335507728917e-06,4.6228752307905606e-05,4.514046485525005e-06,7.372109188901496e-05,2.6941704264044596e-07,6.508952794458837e-05,1.160684166805941e-06,0.001364153884384782,0.00011725345236074966,0.0005611631964965131,1.5788002857847834e-05,0.002245838139333925,1.1988880934710264e-05,0.004980778053957552,0.00013906692426311805,0.006260035827770533,0.00014682438400484684,6.09704273419744e-07,4.1238090107307134e-07,1.0394326878635637e-06,1.1335004772118207e-07,2.785941323578004e-07,4.7846558061810684e-08,1.3278745857664823e-06,7.949695092795593e-08,3.302287066374424e-07,1.8882314151772465e-07,6375.0,0.0,21421.875,1031.25,7669.037992104388,270.7724406693924,10339.55290471591,1328.988975275337,5.377818529513553,0.022599820992492248,15.59988501409263,10.270259272230183,0.01859938229166658,0.003461332500000018,50.02791822025645,47.49094534827255,0.032462916666666786,0.02299812499999998,4.1540844838057945e-17,3.441691376337986e-17,0.043500000000000094,0.026499999999999968,0.0019598535976260304,0.00018397061351253102,-1.524220815444748,1.7694704228191551,0.0019598535976260304,0.00018397061351253102,0.4210252135861638,0.010106272140029182,0.00015070418894694813,2.388968024055464e-05,0.00019138439470449067,0.00010182331478314836,6.721639639380153e-05,2.889027928146394e-06,4.4031084925039575e-05,1.2981800659477245e-06,6.668078775105184e-05,4.14900972804418e-06,3.83748843763319e-05,4.0136330835898854e-06,9.140942244322608e-05,4.584680373665233e-06,9.493204928636974e-05,4.545886040695774e-07,8.777494444336966e-05,1.4551922302968255e-05,7.211782966553818e-05,2.894340947858094e-05,7.730133729559512e-05,4.859184528712164e-06,7.379838446441319e-05,8.664169948957058e-06,0.00347627524378902,0.0018952542941062457,0.0005977491405830432,0.00011852803906691809,0.002337678738611083,0.00010591199648893063,0.005085153618032634,0.0005723726248051749,0.007197955715669395,0.0007316335573062738
bad/裂纹蛋26.xlsx,1,2.2015966153439936e-07,6.321420307510148e-08,9.413607790589907e-07,5.458413504522946e-08,2.3000967122714552e-07,1.625679358337912e-08,1.3297721063937075e-06,2.3552949559660476e-09,2.3181450876961695e-07,7.627992663442567e-08,6328.125,0.0,22382.8125,70.3125,7468.430988639628,228.70961680474056,11212.93210863789,356.8652860914208,5.3960647405274145,0.05190585803181724,13.766969697704383,5.857731311819876,0.016350949791666586,0.00022702500000000916,18.176732102691034,14.098714737861847,0.025483541666666665,0.010987500000000039,-2.838007606698056e-17,3.1710745140856036e-17,0.03400000000000003,0.010000000000000009,0.0018456120100968426,1.2813330955058146e-05,-0.6197069063419733,0.9738819787084021,0.0018456120100968426,1.2813330955058146e-05,0.41477391123150653,0.001979579078974808,0.0001386974723365281,1.1223536270152495e-05,0.00010533166751437265,1.1508930458465225e-05,6.573365260992766e-05,2.5326806954466323e-06,4.227080250600913e-05,1.7230352313609977e-07,6.363971632468776e-05,1.6208555410168775e-06,3.453612139109078e-05,1.3899965942592213e-06,9.135816988232491e-05,3.1256280476874324e-06,9.602485621430182e-05,1.5086585499363373e-06,7.87546727708489e-05,5.726116704874747e-06,5.445922864441769e-05,1.3454934215568342e-05,7.526642936421797e-05,1.6651392757732452e-06,6.62583003901773e-05,2.541497725000207e-06,0.0018231833349011879,0.0004403012938434944,0.0005727827986192038,1.508967467238082e-05,0.0023986712142380316,6.712491702506873e-05,0.004943521011719935,0.00013850953380884108,0.006738110154561901,0.0004407212595560414,1.7359091008302625e-07,7.388282870388841e-08,7.974241567975842e-07,5.232617478475023e-08,2.1607483258104042e-07,2.6278866004310296e-09,1.2902059512993326e-06,1.1460387643055501e-07,2.037281001818758e-07,2.7029016764718592e-08,6375.0,0.0,21890.625,562.5,7332.602015345414,94.10745507408319,10953.562929406195,586.2136241958569,5.294763426755365,0.022960868094468623,5.568782366615048,0.35711468534461543,0.015527396458333233,0.00041256833333334735,2.1357287027143044,0.165690107486125,0.010006458333333246,0.0005091666666665606,9.788466333778464e-17,5.1162777718142635e-17,0.018500000000000072,0.0014999999999999458,0.0017984168647605615,2.3896499692399576e-05,-0.028819026935550614,0.0009340887048975306,0.0017984168647605615,2.3896499692399684e-05,0.41227339028964366,0.002604709314440512,0.00012151735874869863,1.7332079301985263e-05,9.563891866284005e-05,2.8572302189251192e-05,6.308334313309143e-05,3.262630816036583e-08,4.067858408722351e-05,1.0219689760162247e-06,6.201336558711248e-05,1.3770897610174128e-06,3.3538700783867e-05,5.215870136583619e-08,9.057034573325138e-05,4.662537960631774e-07,0.00010013560958435328,2.763626631908418e-07,8.196926606593162e-05,5.3087735738913155e-06,5.242006123895386e-05,7.707518195079707e-06,7.319607081514881e-05,9.672786973472362e-07,6.661029133439589e-05,1.8135182173174781e-06,0.0015734893407149974,0.0003677689886960126,0.0006111009757424677,4.349435377143417e-05,0.0022391476864143402,6.544924519965483e-05,0.004955109643381715,0.00010204180401695087,0.0061784646666651405,3.886031397301853e-05
bad/裂纹蛋27.xlsx,1,1.6416001434495142e-07,2.3538408603583707e-08,5.534662485515555e-07,3.359272331794536e-08,1.41013526984618e-07,7.069556731026783e-09,8.727513978502663e-07,1.3518726000286948e-08,8.89882733975985e-08,3.295196191219455e-09,6421.875,0.0,20226.5625,117.1875,7081.397794358497,25.648257260427272,10447.068084199636,1.9042306759165513,5.291945114534213,0.03180766042458494,5.205259438766852,1.0751760057174393,0.009958814895833485,0.00019691510416667245,1.3659767426640088,0.21431909511753355,0.007481979166666597,0.0014744791666666535,-1.4109084271278033e-18,1.9822106918828314e-17,0.014499999999999957,0.0024999999999999467,0.001440329924789156,1.424117465334497e-05,0.0594042110455765,0.020027909278398436,0.0014403299247891558,1.4241174653345078e-05,0.34923942488018334,0.0004167534903104786,0.00011748315489316908,4.690550072215117e-06,8.990481710116616e-05,9.124245499935738e-06,5.308979583127658e-05,1.5172924785106108e-06,3.086794697709714e-05,8.393006279784353e-07,5.137595263706514e-05,4.835493718044926e-07,2.7556815692927433e-05,1.8948265259867896e-06,7.40886571869026e-05,4.957492298800968e-07,7.99008774204065e-05,8.54970886938332e-07,5.7518578970660525e-05,2.0384664716086508e-07,3.2861595440943746e-05,1.2667333047280407e-07,5.974075538753334e-05,6.735665193963479e-07,5.039399754148208e-05,7.374007601276556e-07,0.0010886443780036342,7.563160160558137e-05,0.00033726438460910687,1.096212602515233e-05,0.0016360573709006492,2.719423539108783e-05,0.0032598821532711132,1.3638135588633915e-05,0.0036880873763686203,8.527062487517344e-05,1.8130256035129493e-07,1.8686301418917223e-08,5.600703557421189e-07,2.3932844918660617e-09,1.3583507010205205e-07,1.245684301481547e-08,8.346382555121095e-07,7.681948308314539e-09,9.363232408456811e-08,3.884187617840893e-09,6445.3125,23.4375,20390.625,93.75,7147.195210727686,15.470359674911379,10443.182055728294,69.83829960246112,5.314129234893672,0.014444154768574524,6.511662908632285,1.8343643882692091,0.009844184895833493,5.370489583332583e-05,1.6882355406333396,0.5419350357477528,0.00933239583333334,0.002652395833333321,-2.683038976177462e-18,5.629755920703398e-17,0.016000000000000125,0.0030000000000000027,0.001432081210496815,3.906384597209683e-06,0.029451263625944617,0.08409747614682972,0.0014320812104968153,3.906384597209575e-06,0.3719524901021046,0.024171702438007897,0.00012386651986143554,3.972654029822523e-06,8.999425118704865e-05,1.4542306266456935e-06,5.420045406864876e-05,4.843630386189972e-07,2.9996608056008358e-05,6.924965272265622e-07,5.0276184270462974e-05,2.334516080020117e-06,2.692316794047461e-05,1.3370316819918664e-06,7.222951903604875e-05,8.985717008952397e-07,7.758676482762972e-05,1.1365012037230937e-06,5.791465643926342e-05,8.830429834943018e-07,3.427698253800604e-05,1.3632388107694997e-07,5.9950075592109145e-05,7.381173747813985e-07,4.9325826883376074e-05,6.569537247157607e-07,0.0012230694669909505,5.7375263975075115e-05,0.00032596654980947417,8.361688172440064e-06,0.0016245889791591758,6.601326507882257e-05,0.0030436578899073028,5.294937445407674e-05,0.003668128225558437,0.0001205583645605083
bad/裂纹蛋28.xlsx,1,1.8017207133547875e-07,9.729777850380137e-09,5.745528449149845e-07,2.179728993679219e-08,1.636992097244737e-07,3.743296876169224e-09,9.01729252322497e-07,1.2918212355449341e-08,8.973797171144151e-08,1.3849280375325352e-08,6421.875,0.0,19570.3125,210.9375,6979.466704814699,0.4892488489376774,10145.084509323868,77.3784204852218,5.299541725001927,0.03600120606743662,5.794986516154234,0.9591172122755522,0.010310975833333538,0.00012981666666666506,1.1368405422183248,0.08447934134358803,0.008502083333333244,0.001459166666666678,1.431725108839525e-17,4.2304123167487736e-17,0.015000000000000013,0.0010000000000000009,0.0014656175614253721,9.226533442525703e-06,-0.207445143188067,0.054524336004364723,0.0014656175614253721,9.226533442525703e-06,0.3975828297561992,0.0010418837257762104,0.00012537502748328862,4.766309220840158e-06,9.234667589298999e-05,1.5473959913546198e-06,5.409690010830707e-05,8.653926384296693e-08,3.1128320335274166e-05,9.654812360422996e-07,5.473293641377216e-05,8.848105663463873e-07,2.9716206381586623e-05,4.427351144084919e-07,7.407641642815139e-05,5.274668107921191e-07,8.346051170232441e-05,2.3347428678361016e-07,5.813543286856831e-05,1.6669278711705027e-06,3.240177439537372e-05,1.5169919153220932e-07,6.0796655466521804e-05,3.3869982488213233e-07,5.187775862682589e-05,5.947855319229982e-08,0.0011720254131965015,2.3491830309802192e-05,0.00035100237659580944,3.2383117757159524e-05,0.0017864606753856132,4.3019420216404035e-05,0.0034070968219268175,5.734980632656319e-06,0.0036223765927906196,0.00010262841789602096,1.875831721356525e-07,3.758957654040193e-08,6.141889190258757e-07,5.859043906189667e-08,1.7736532908609317e-07,2.9639985435626535e-08,9.577661066099641e-07,1.4949491868630527e-07,1.044369359966512e-07,3.089063502717884e-08,6468.75,46.875,19570.3125,117.1875,6991.197181053712,62.059435303101054,10209.394502062878,205.5635734394964,5.283468540301625,0.0012671905614376477,4.512956904031273,0.43009192593939805,0.010987919791666823,0.0015494700000000024,0.4190994943413202,0.5049921775147037,0.006765000000000021,0.00016645833333328586,4.940492459581946e-17,5.2041704279304207e-17,0.013000000000000123,0.0,0.0015092092693662802,0.00010694549011600865,-0.025657583990414002,0.08637281559700198,0.0015092092693662802,0.00010694549011600876,0.3779954157116066,0.022713065221921236,0.00012634548437493245,9.965187280398285e-06,9.643107554740243e-05,1.1319470256020408e-05,5.5691214008825044e-05,2.6684838259751696e-06,3.248807788610709e-05,1.7611602542524702e-06,5.7234266627154194e-05,4.2187992517512785e-06,3.1629012022890894e-05,1.2323431303728508e-06,7.536803078327784e-05,5.094114426136883e-06,8.577614795217322e-05,7.567993502221623e-06,6.186535192630698e-05,9.014156568754474e-06,3.2023841455684436e-05,5.50270671294814e-06,6.243970549315629e-05,4.211336544851148e-06,5.341301366488941e-05,4.415367929593501e-06,0.0013690334700454726,0.00026266524825042286,0.000389392285335421,4.517321366493351e-05,0.0019262907477707908,0.00035860093138193863,0.0035868974918037743,0.0004055997270637178,0.0038212665441816965,0.0004620028543830888
bad/裂纹蛋29.xlsx,1,1.9602767439662113e-07,3.2014518728211666e-08,5.542558284331924e-07,1.850975268692278e-08,1.7097092726222867e-07,2.625482469562614e-09,9.739433934183084e-07,2.6448627980204285e-09,1.0244101884021568e-07,1.7245173683666138e-09,6445.3125,23.4375,19664.0625,492.1875,7027.775063203465,158.26606305706537,9962.194956704177,15.011757943752855,5.242333723510248,0.057065192454848646,5.58825089046336,0.6933839717705754,0.011093755833333534,0.00011222333333334167,0.4356949536533241,0.3556937502623194,0.008500833333333402,0.0010970833333332486,-8.754571142096287e-17,5.1116518425449894e-18,0.015000000000000124,0.0020000000000000018,0.0015202434026638405,7.689512439306009e-06,-0.26832402665697297,0.038650507490520056,0.0015202434026638405,7.689512439306009e-06,0.4081058553865389,0.0059387372369243685,0.00012458501109256315,9.857733006519967e-06,9.782313976290958e-05,9.304192926191703e-06,5.4310957302308035e-05,1.2238187524261053e-06,3.1058086353088e-05,1.0195277205750463e-06,5.633590799490673e-05,5.492660709995979e-07,3.026851509520834e-05,8.589533443793317e-07,7.825796585510482e-05,1.6995272721528041e-07,8.703755188775556e-05,1.6625050085941251e-06,6.0725257918978e-05,3.8668595402220043e-07,3.4839390845623494e-05,1.3963834733439891e-06,6.24917066852064e-05,5.382723584565485e-07,5.3862812475294976e-05,2.1399687569758988e-08,0.0013148763667311762,0.00017637646235435685,0.0004122300644594512,5.281100750939116e-05,0.0019684653138020564,2.7112893421098313e-05,0.0036128950503722564,0.00011517457627698252,0.003861067857298615,6.970650284306352e-05,2.0073475715582502e-07,7.357406082881097e-09,6.431955764317603e-07,7.504545533829125e-09,1.8088887434056147e-07,7.4225135680614615e-09,1.056352585995724e-06,9.316057426342252e-09,1.0809089348174813e-07,2.044103242273841e-09,6445.3125,23.4375,19664.0625,23.4375,7012.525024069619,19.571352697720158,10186.594985347076,72.97904517526695,5.238971313311151,0.003643240724608088,4.4284313358691065,0.08872719321435785,0.011848536562500178,0.0001565365625000011,0.1376351050999074,0.07152307449250195,0.006956562499999874,9.343749999990436e-05,-4.616677410732943e-17,1.308212797349976e-16,0.013500000000000068,0.0004999999999999449,0.0015710943320188402,1.0378684204232673e-05,-0.1759939642853684,0.011023112521088244,0.0015710943320188402,1.0378684204232673e-05,0.3927901646176287,0.008751823296520106,0.00013972816164609754,9.417976834440276e-07,0.00010031828228213976,1.3215487049562771e-05,5.756507488956496e-05,4.0931192449757944e-07,3.318177496379281e-05,1.6677997556319615e-07,5.656275891412286e-05,7.398879236247298e-07,3.0572812409219865e-05,4.6376860219071957e-07,7.851423057260787e-05,7.928133219972566e-07,9.037704310627822e-05,9.489592925957359e-07,6.407516555701233e-05,8.61551232939039e-07,3.7881415938916344e-05,2.3264960918550188e-07,6.490982376719992e-05,2.130122836437875e-07,5.5936743610351817e-05,1.2078181860269833e-07,0.001471471807334225,4.2654943859033725e-05,0.0004327691003560071,3.4616074443125284e-05,0.002076023909534783,5.020531528623093e-06,0.0037511697732888283,5.587837528822355e-05,0.004197847533546621,0.0001363359956809483
bad/裂纹蛋3.xlsx,1,7.479148721813989e-08,1.9791383490112e-08,9.536579028566087e-07,2.6103535352987495e-08,3.112690310405841e-07,2.2102324458570673e-08,1.4245425786647758e-06,7.850132506152922e-08,9.739111909701837e-08,2.1465852446766364e-08,6421.875,0.0,22125.0,0.0,6998.611904864758,43.76850839988629,11805.711413769935,89.37758274737826,5.355853130635988,0.015102708400859477,4.856302231744087,0.051257625403734686,0.016299387291666863,0.00040093749999999505,1.676484863920698,0.02438841261910696,0.008947083333333272,1.5624999999963585e-05,-1.2064423534260034e-16,3.6868656276093735e-17,0.017000000000000126,0.0,0.0018426046624291266,2.2665916226222876e-05,0.14975719461641485,0.024635454347375838,0.0018426046624291266,2.2665916226222984e-05,0.41727443217336946,0.003854969785371948,8.45266584031313e-05,7.371294278329557e-06,5.47599234022413e-05,1.140019610539663e-05,6.7152335845776e-05,5.563959205856563e-07,4.221947609232939e-05,5.433914893556646e-07,7.253760169659778e-05,1.0923842256497325e-06,4.200087834767289e-05,2.6288543895983762e-06,9.572485453406877e-05,1.5316197049049007e-07,9.877813490804381e-05,2.5214298695455027e-06,5.781602486513709e-05,3.2285576313288657e-06,3.384434008061341e-05,5.509914816215799e-06,7.556598777276347e-05,6.88831742910105e-07,6.50845093163754e-05,1.264028484704504e-06,0.000684796063088513,0.00014538285022579482,0.0005220844265766173,3.380395688220135e-05,0.0028659785368869684,8.690241343677465e-05,0.005359559561286616,4.92397255008898e-05,0.00692685127873272,9.753745811590282e-05,2.804055450831794e-07,7.564932781992826e-08,9.493931403667147e-07,7.730289534034202e-08,3.0513067838471183e-07,8.761135279758434e-09,1.3663744752319972e-06,7.709540245025277e-09,1.9586624106006082e-07,3.877567776415952e-08,6445.3125,23.4375,21937.5,46.875,7311.654649230286,148.10875604232888,10704.288635034636,392.0872968484582,5.406179418108421,0.02018952160364762,5.522116986603199,0.36849756358122576,0.017588585833333538,0.0006151066666666705,2.2147982253310223,0.12534505276939267,0.010556666666666548,0.0005204166666665788,1.3244035497924263e-16,3.252028276297854e-17,0.020499999999999963,0.0004999999999999449,0.0019139404337145448,3.347732770698532e-05,0.19931767075897056,0.13404617905068483,0.0019139404337145448,3.347732770698532e-05,0.4066472181704522,0.008022504688476761,0.00010628671934055097,2.2687997249634903e-06,0.00014085239365777593,2.302306464548627e-05,6.840513027745485e-05,1.4856897282182889e-06,4.256564155871398e-05,5.267469354250048e-07,7.384077137025856e-05,3.4997817132610996e-07,4.253120099046636e-05,1.4749022124703752e-06,9.687401032248817e-05,1.8849469903160228e-06,9.844789155809624e-05,1.519258957128517e-06,6.660541028560436e-05,3.7344030238353014e-06,5.871319005208608e-05,1.1209507075218329e-05,7.770069083696526e-05,7.144878607403315e-07,6.893068236934556e-05,2.772907923093932e-06,0.0017638104972419518,0.0003473098871826651,0.0005402387826609304,5.427629269626105e-05,0.002844755554492386,2.4557210726271206e-05,0.00558955416233941,0.00026260401566162873,0.006915140764866845,1.1620923060090983e-05
bad/裂纹蛋30.xlsx,1,1.831262541634754e-07,2.456504476466046e-10,5.665704755296886e-07,1.1805697287198491e-08,1.5954920575767224e-07,7.379723604445998e-09,9.418569747321182e-07,2.4712567061091413e-08,1.0344642305868987e-07,1.0881372605586076e-09,6468.75,0.0,19546.875,187.5,7001.008259223079,54.35610305918817,10032.163003937365,129.0159830045468,5.227702753237148,0.00166039907872495,4.316264838852989,0.020800631476375564,0.010929114583333524,0.0001214154166666757,0.43848328879787446,0.06506394627144085,0.006512708333333395,4.79166666655928e-06,-1.0769163338864018e-16,1.1074474670635936e-16,0.012499999999999956,0.0004999999999999449,0.001508916371742395,8.38180264523718e-06,-0.36125301994852665,0.07996777111303241,0.001508916371742395,8.38180264523718e-06,0.4071681600333403,0.0039591581579495605,0.0001278269452874218,2.0046632629633403e-06,9.638266290231015e-05,3.996676221710687e-07,5.4473524613187044e-05,3.7293988153421986e-07,3.153120771133002e-05,3.992023240321219e-07,5.534950868470877e-05,7.260471780984635e-07,2.93406970704965e-05,1.0370311353410455e-06,7.615810588680623e-05,2.3171076050125452e-07,8.62493981887993e-05,9.241782218182373e-07,6.238212466393891e-05,1.4987115770830453e-06,3.472495114492275e-05,3.583326607840839e-07,6.216790856360824e-05,3.3803936421497447e-07,5.359913147396336e-05,2.410564106699482e-07,0.0012916745717176886,1.0986879335035064e-06,0.00036735839145037605,4.985209418302382e-06,0.0018850109497556627,4.641195202123452e-06,0.0035840784579733286,8.694475296342776e-05,0.003856753610358631,3.539801974571338e-05,1.7909414760052487e-07,5.063475195085068e-09,5.879293663227303e-07,1.0343645388313373e-08,1.6513386107643927e-07,4.645733151488519e-09,9.300770834060724e-07,1.7272563904914495e-08,8.607403085502291e-08,6.721958287483934e-09,6421.875,0.0,19828.125,562.5,7005.88491431084,112.187217915975,10249.270258019405,154.47078552668154,5.247103219322009,0.023765622470749204,4.592825214682108,0.3709392816151569,0.010519878958333537,3.487916666666466e-05,0.5140767334032124,0.09287204669937688,0.006800208333333391,0.0005604166666668409,5.2342389681806863e-17,1.175217330858421e-16,0.013000000000000012,0.0010000000000000009,0.0014804173149940239,2.4542042915731742e-06,-0.2260759527878563,0.04880757820509751,0.0014804173149940239,2.4542042915731742e-06,0.39747864138362154,0.004688476765992905,0.00012773362068555465,8.954322803035505e-07,0.0001052656911770197,3.5117112675212337e-06,5.51545464842591e-05,6.32801274219298e-07,3.1284772927042174e-05,1.2956960599479209e-07,5.4645877993274766e-05,2.177733605942442e-07,2.940456837930808e-05,7.464992424842597e-07,7.445683658154889e-05,4.1904909360231563e-07,8.461926111102275e-05,1.1389508655387676e-06,5.680478397090018e-05,3.0354432337413497e-06,3.102190283750037e-05,8.939800597126165e-07,6.122311564497941e-05,3.188230642515256e-08,5.2927109542292165e-05,5.525060423203969e-08,0.0012697757776336872,2.9039380420827453e-05,0.00035104236940445806,2.197087135892377e-05,0.0018413323933230115,7.305323927199719e-07,0.0034046663631652173,2.9993338410651575e-05,0.003762945070099786,5.0945247153963685e-05
bad/裂纹蛋31.xlsx,1,1.7778185941002077e-07,1.1859050749258276e-08,5.54892653613993e-07,3.688689311847271e-08,1.677983977379238e-07,7.663334618417525e-09,8.646927009988868e-07,1.9442941430364307e-08,8.455691520813425e-08,1.0664186331846487e-09,6445.3125,23.4375,19945.3125,585.9375,7040.607084658386,65.8213438870439,10188.682779232466,103.29776405805751,5.224571748913215,0.03861807641662418,12.415424601893765,5.523297977309014,0.010398204895833534,0.0005039151041666664,11.466855148025438,10.301590690481842,0.01846510416666658,0.00856989583333334,4.047688110612551e-18,4.878042414446781e-17,0.02399999999999991,0.009000000000000008,0.001471400704286233,3.567427725915831e-05,-0.7451023895432197,0.7339031541288893,0.001471400704286233,3.567427725915831e-05,0.4033131902479683,0.00010418837257761271,0.0001251650758173247,1.3792393121836915e-06,9.222314838168225e-05,3.92686524077134e-06,5.44037231827489e-05,2.2851828217543337e-06,3.171220252516353e-05,1.7270537883438187e-06,5.581666820521319e-05,2.3283025315702626e-06,3.0408794086428185e-05,1.0518044055430273e-06,7.311020253292244e-05,2.135807672674637e-06,8.247405368705634e-05,6.602422968674288e-07,5.8338404985117364e-05,5.097079954887345e-07,3.448654130302456e-05,2.3235202448707033e-06,6.116067889859137e-05,1.7861885788817035e-06,5.189553292900915e-05,9.48045047131815e-07,0.0012347182768151126,5.057129869407773e-05,0.00034685427486190956,6.369840109913703e-05,0.0017636349391892303,4.735623531935008e-05,0.0033290484266506404,0.00017464256564545498,0.00379417826519962,0.00015902047043274197,1.5450102814875787e-07,1.7203857298443043e-08,5.854855392513167e-07,4.786775849716274e-10,1.7964776085256992e-07,9.762717942251413e-09,8.531978836860035e-07,1.8078056464220062e-08,9.624791230683366e-08,8.667448808262944e-09,6468.75,46.875,19921.875,93.75,7023.08074560529,24.44269924242417,10400.945352241913,115.90788008455547,5.356863032111281,0.04077436224804165,4.790705483672403,0.016481761147078,0.010043953125000208,3.777999999999074e-05,0.8741014924924597,0.05913614925310817,0.006930000000000103,3.6874999999936264e-05,4.501029179001155e-17,6.420789825748822e-17,0.013000000000000123,0.0,0.0014465416803115473,2.720569147940475e-06,-0.21541947049344018,0.009822998310665132,0.001446541680311547,2.720569147940475e-06,0.4000833506980621,0.01146072098353823,0.00011872599554612477,6.025531202929392e-06,9.350112921831229e-05,1.7696240453760731e-07,5.3630500239734116e-05,5.647460741829599e-07,3.1821332509941286e-05,9.286194915019724e-07,5.725036509414142e-05,9.479128185897141e-07,3.110798143031177e-05,2.9460878953991925e-07,7.135668948762667e-05,2.934954224811481e-08,8.040024806514753e-05,2.269875789944724e-06,5.8334896555410656e-05,2.9114421792775274e-06,3.4260189042959625e-05,1.9657214350027397e-06,6.018142123513514e-05,1.673690341732051e-07,5.0838265742608884e-05,1.1010807975669997e-06,0.0011667161495494522,1.7644312956312702e-05,0.0003444883119005121,3.8161835887836964e-05,0.0017315064340353934,3.802137663405083e-05,0.0032076218852699575,0.00014143185549925956,0.0036641437191238585,0.0001387329888358291
bad/裂纹蛋32.xlsx,1,1.681505519610929e-07,3.970321010332087e-08,5.832525899478595e-07,3.2592944367066004e-08,1.631159394371926e-07,9.867355621610384e-09,8.176846176664481e-07,1.1820252035756831e-08,8.725964477401155e-08,6.065287891039185e-09,6445.3125,23.4375,19992.1875,117.1875,7084.307248972495,71.05349685343253,10435.285052897743,59.94596879045548,5.3694751986901545,0.037992875277805815,13.813075244855224,7.0332701839951675,0.01027087833333353,0.0006269583333333318,20.641002310553635,19.298603324726532,0.02051041666666653,0.010900416666666635,4.938179494947311e-17,9.901801600875615e-17,0.026499999999999968,0.011500000000000066,0.0014621118897232576,4.4667005433204855e-05,-1.09528410098049,1.0302941144836242,0.0014621118897232576,4.466700543320464e-05,0.41487809960408417,0.0016670139612419144,0.00011891253127782671,1.1967839474817726e-05,9.01365017006129e-05,8.397784104808563e-06,5.4884871397018614e-05,2.235370174242277e-06,3.170413026573744e-05,2.082155113507096e-06,5.452631964633029e-05,1.5318517935630512e-06,3.05754281636264e-05,2.133853607405871e-06,7.326950995568626e-05,1.4261695492730008e-06,7.928677135745614e-05,3.9388601668235263e-07,5.598924491586684e-05,1.6226517199962264e-06,3.13233160463369e-05,6.531385813362888e-08,6.098419384034231e-05,1.9470699394314437e-06,5.082679622747915e-05,2.1183810925892473e-06,0.0010955380520118916,0.00012505471544507616,0.00033823330238686,1.5279491996703348e-05,0.0017301052506304036,6.667726373321475e-05,0.0032086140690693143,0.00012292381714639833,0.003917842290194585,0.0002883258013997316,1.9373407933372174e-07,3.1064431409761394e-08,5.427053918327605e-07,4.904937250680414e-08,1.6242085920086406e-07,6.5310560584121054e-09,8.459842143081842e-07,6.507564661030474e-08,9.971955004555158e-08,1.2484850914532123e-09,6492.1875,23.4375,19359.375,656.25,7015.063894740287,119.15078943839853,9949.327737053587,213.75690596020104,5.341337471278858,0.05043710205927887,10.44298325866692,5.905264675335581,0.010242822916666864,0.0005008437500000108,8.319435385995211,7.190361551452009,0.015461458333333344,0.008996875000000126,6.605826996519681e-17,1.1823875212257917e-16,0.021500000000000075,0.009500000000000064,0.0014603578905066526,3.5724957763767274e-05,-0.6209788801876017,0.3746835604304157,0.0014603578905066528,3.572495776376738e-05,0.39747864138362154,0.002396332569285259,0.00013719581724912515,3.093925867671138e-06,0.00010788938002346792,1.0564150698163586e-05,5.322778155058887e-05,1.2369940394359825e-06,3.1080258893501296e-05,8.7739800001449e-07,5.46892443182491e-05,1.2168844207917056e-06,2.988684924769657e-05,4.428984820700689e-07,7.359269395070483e-05,5.28357318084408e-07,8.067524056410649e-05,2.257275046653329e-06,6.26459686803829e-05,4.1754906723286887e-07,3.747800766697711e-05,6.755407829901413e-07,6.078919190597845e-05,1.4056456121348904e-06,5.227118240107215e-05,1.587404603804003e-06,0.001443115872809065,9.260691410824858e-05,0.00034506185055126795,2.5396290804230914e-05,0.001675090513124531,8.192375266889772e-05,0.003304971969030058,0.00013595129569898465,0.0035384328753937603,0.00016333389745358268
bad/裂纹蛋33.xlsx,1,1.7488056362842954e-07,3.714734807202816e-09,5.203868460466631e-07,2.1494922591686425e-09,1.4627296066901536e-07,1.596649170512464e-08,8.410945710073748e-07,2.198941708307583e-08,8.7483232097578e-08,3.5715618607634666e-09,6398.4375,23.4375,19570.3125,117.1875,7013.122428735667,32.59488610342987,10083.441751710092,5.188151993977044,5.2834413087296745,0.026153146101893565,4.592290527661646,0.19561154788266633,0.009647024479166837,8.792531249999895e-05,1.112605396663532,0.022743556305880208,0.006511562500000068,0.0003069791666667765,-9.827786732567272e-17,5.435466891393995e-18,0.012500000000000067,0.000500000000000056,0.0014176582900941865,6.4605743025290515e-06,-0.0015273232627987868,0.02917231639636444,0.0014176582900941865,6.4605743025290515e-06,0.379245676182538,0.004167534903104814,0.00011949703799559523,2.3297390294439756e-06,0.000100884211600216,4.86444954491138e-06,5.180987225156995e-05,1.3497780816313553e-07,2.8742495440728933e-05,1.619112068541119e-07,5.225812765514496e-05,3.578957143164414e-06,2.7117711981309905e-05,9.126854433005302e-07,7.153447342932581e-05,6.96755767823183e-07,7.968871825321823e-05,7.89099314518715e-07,5.5960680557464956e-05,7.021614453854496e-07,3.3682521286695146e-05,1.076423448342645e-06,5.837061942832616e-05,6.812328756200216e-07,4.997088708658534e-05,5.860022269947972e-08,0.001249677811816886,3.617901590105381e-05,0.00036104825598167747,5.785781975723472e-06,0.0017420686987654806,5.732322200468034e-05,0.002976427520555251,1.0722153241951799e-05,0.0033883495155348784,5.736403014438337e-05,1.8287024247392862e-07,2.838938584597017e-08,5.233077280160017e-07,9.203451180361718e-09,1.4646583210847298e-07,7.774703018788378e-09,7.70229115167482e-07,1.0332063120622289e-08,9.513383396704337e-08,2.111367544472917e-09,6375.0,0.0,19781.25,562.5,7110.436236455783,42.58347052627596,10105.955052604862,285.8076558568364,5.310153235361374,0.027097214830413385,5.616744999012317,0.2022103375515596,0.009733432395833495,0.00029431239583333196,1.4061020678725922,0.128953207710786,0.007993020833333309,0.00016697916666663648,-7.440807229623184e-17,3.027670706738187e-17,0.014000000000000012,0.0009999999999998899,0.0014238450792393178,2.1531514684882368e-05,-0.08435396972348615,0.10312887831868785,0.0014238450792393178,2.153151468488226e-05,0.38039174828089184,0.009064388414252972,0.00012562073650853957,5.856808436966567e-06,0.00010362309274974229,6.550458771866725e-06,5.302646300880064e-05,2.356746067772634e-07,2.9951889261027897e-05,3.64608312911894e-07,5.290847267112261e-05,5.887738830920882e-07,2.911295619566862e-05,1.5584447318393926e-07,7.134750105155054e-05,1.5471424970283547e-06,7.673138017875875e-05,2.117930544524804e-06,6.0475766675704035e-05,9.26160235334171e-07,3.5338047557492415e-05,1.6181238445915647e-06,5.941075545093479e-05,8.114019567558096e-07,4.9964463462454786e-05,1.5009859172270694e-06,0.001333286867866287,0.00013228045717102491,0.0003254085687093921,3.457606694560954e-05,0.0016538897612155827,5.9689289245833696e-05,0.0029926347137286167,8.374130006058448e-05,0.003477714343427827,6.466314463712515e-05
bad/裂纹蛋34.xlsx,1,1.890657948882585e-07,1.5297016977480547e-08,5.344412847007802e-07,1.4375268431543475e-10,1.4994371380970558e-07,1.7839659915226895e-09,8.302329709439359e-07,1.053875032989218e-08,9.99895233946407e-08,1.605877399884311e-08,6398.4375,23.4375,20109.375,93.75,7149.3161301624605,81.62528576425439,10161.78688450384,102.48793914661928,5.285691381548576,0.0467987928846636,4.718131127327249,0.36107622589135424,0.00970257291666685,0.00010190625000001171,1.1916501875411702,0.08854006658799474,0.006705208333333212,0.00047812500000010694,-1.1671219546371958e-16,1.61907524424502e-16,0.013000000000000012,0.0010000000000000009,0.001421729091679866,7.466425521657325e-06,0.08422174132417265,0.012726924460206047,0.001421729091679866,7.466425521657325e-06,0.3860179204000833,0.0073973744530110574,0.00012452319628879636,2.1824985951545165e-06,0.0001030746218808961,6.342592516523782e-06,5.2138732166331545e-05,5.736553915713218e-07,3.001780765856252e-05,1.0582927022191034e-07,5.234631547651505e-05,1.442407638920114e-06,2.8232421640039293e-05,3.271909074017259e-07,7.183793301090624e-05,3.947721421840094e-07,7.924966598657807e-05,9.350818036422872e-07,5.800201475011634e-05,3.5811643012398887e-06,3.5129251314474794e-05,3.922108932504402e-06,5.8852460686957933e-05,3.6713267105136903e-07,5.0837303734758686e-05,4.0014734858317033e-07,0.0012891949554840747,0.00015461615146244003,0.00032383123069340384,3.72313670597074e-05,0.0017162688805288607,3.717678125191731e-05,0.0030301097978057074,1.3348359507937358e-05,0.0034267000160470578,1.1093214998691807e-05,2.2363081219819126e-07,4.767584823482897e-09,4.951175914294394e-07,3.139317040480843e-08,1.4226523633514015e-07,2.712648403509899e-09,7.858247817201407e-07,5.320909596562755e-08,9.23630622612828e-08,1.0200949999939434e-08,6398.4375,23.4375,19945.3125,351.5625,7233.028344153983,0.18706066867616755,9925.167527766247,174.15006367928345,5.2388994488255625,0.0393154991186071,5.2423004771844095,0.21242699626588646,0.009774397291666834,9.27750000001646e-06,1.4548390567778768,0.24183677212922783,0.0074806249999999075,0.0002995833333334641,-1.188169932812381e-16,4.322930902134203e-17,0.013999999999999901,0.0010000000000000009,0.001427001159935913,6.772287767763119e-07,-0.12657587747816962,0.09973753614953058,0.001427001159935913,6.772287767763119e-07,0.3751823296520108,0.001146072098353823,0.00013297662197681254,5.96768960893081e-07,0.00012589502565050234,4.427305835629042e-06,5.086265220744688e-05,3.122252313396855e-07,2.9630926973373867e-05,2.7219934332863985e-07,5.070781042619024e-05,1.5058204912847402e-06,2.8593765967697976e-05,1.7324379614342082e-07,6.981037720089919e-05,1.1905811827623371e-07,7.943695340393515e-05,5.749426912830854e-07,5.8701137695544344e-05,3.156320577678598e-06,3.4318734566058593e-05,2.0974440219426477e-06,5.799035682130805e-05,6.326420285412999e-07,5.247085687136846e-05,5.951589112554384e-07,0.001527412938433493,2.7228948585276535e-05,0.0003227150101544435,1.7208624500161763e-05,0.0016387692276504436,5.001632468801644e-05,0.002935902956192911,7.01039423746672e-05,0.0034187470944182213,2.719256716376961e-05
bad/裂纹蛋35.xlsx,1,1.4467302508501288e-07,1.1560897432084943e-08,4.98715363385657e-07,3.323499145795338e-08,1.5018345926305954e-07,5.364621409753562e-09,8.026412878968718e-07,3.103914572224664e-08,9.622849087516387e-08,9.34165780956795e-09,6398.4375,23.4375,19195.3125,23.4375,6944.686945328592,21.874205008622084,10029.851065797138,105.4914540353193,5.297057192854549,0.012963648477832379,4.888336104596295,0.008926357382372352,0.009342866458333494,9.348333333333847e-05,0.9674522529241549,0.033756576933196,0.006819791666666797,2.166666666680861e-05,-5.67138928412684e-17,1.427099179570253e-16,0.013000000000000123,0.0,0.001395127877008879,6.979895809336488e-06,-0.0043515646165361715,0.014958333075695048,0.0013951278770088793,6.9798958093362715e-06,0.3715357366117941,0.0035424046676391097,0.00011571880639829427,1.5662123082775986e-06,8.778030564124569e-05,4.734065115988982e-06,5.156858184947835e-05,4.846533992469235e-07,2.919987208329256e-05,1.1506890455433325e-06,5.305410891842171e-05,5.798309246200365e-07,2.742711992188594e-05,1.8277671956752828e-08,7.135082632351172e-05,8.898139305567131e-07,7.760941174129566e-05,6.249352485298654e-07,5.925827816557109e-05,3.3342041158174274e-06,3.375160566360072e-05,1.1186645704428034e-06,5.817665745770962e-05,2.346640652562834e-07,4.840173676602716e-05,1.8424849030659565e-07,0.0011006429547770406,2.1425500986421557e-05,0.00030512576259426476,1.2858034262048796e-05,0.0016522348414436461,1.7492911717543287e-05,0.00304198765268491,2.505158371341235e-05,0.003261771351682058,1.7141342446207273e-05,1.5670253588871597e-07,4.817974975815925e-09,5.162408365289975e-07,1.711684856985744e-08,1.504838436667524e-07,9.429198559938225e-10,8.312677273276671e-07,3.996268325215111e-08,9.272244400476087e-08,4.711674013516123e-09,6421.875,46.875,19851.5625,445.3125,7035.90255430084,9.839813441721162,10173.028827611057,199.43857785151522,5.302530565953703,0.00376525620801349,4.3719536368438305,0.008934472224748635,0.009606354895833493,2.9231770833347895e-05,0.9905579135606297,0.0329189817721689,0.00618489583333337,3.2291666666184327e-06,-1.2860083368574731e-17,4.8248442278501593e-17,0.01200000000000001,0.0,0.0014146799297891578,2.152413464243802e-06,-0.024585138465337344,0.014236430595678263,0.0014146799297891578,2.152413464243802e-06,0.37507814127943323,0.004584288393415292,0.00012525780827910455,6.696606347310033e-06,9.271918726055855e-05,4.527305280505789e-06,5.1667607881108255e-05,1.783008343609325e-07,2.9937376300507283e-05,5.102673469024881e-07,5.199055735336504e-05,1.7887756093919015e-07,2.873392480136722e-05,5.857907139398187e-07,7.122294820478616e-05,9.586596015246718e-08,7.976231007742301e-05,9.591215339114836e-07,5.746594123745339e-05,3.8647068437653315e-06,3.396414831803107e-05,1.2242049912958704e-06,5.8578117307747636e-05,3.522523704713762e-07,5.023285790452509e-05,2.483398778937853e-07,0.0011893247951354096,0.00014095482790879056,0.0003373466915531705,3.7855426127058846e-05,0.0016513845308106186,3.906922537593328e-06,0.003036155617920835,6.164586404722129e-05,0.0034311863947360383,5.643132354238626e-05
bad/裂纹蛋36.xlsx,1,1.2027262695460026e-07,3.986401424787829e-09,5.21226001604756e-07,2.0647388894238217e-08,1.488060587564986e-07,4.605745732845028e-09,7.925955524764222e-07,7.363953056198281e-09,8.506701309405647e-08,1.316794508798277e-09,6421.875,0.0,20109.375,46.875,6998.458397924686,12.734720930729054,10507.964309418709,85.55096782419878,5.3192755398911356,0.0337597555169471,5.704567320634258,0.3198369740428597,0.009527235833333512,4.1923333333335894e-05,1.2671325911586822,0.09173310309421989,0.008035833333333464,0.00043291666666678275,7.005969878311664e-17,1.2436810840436388e-16,0.014500000000000068,0.000500000000000056,0.0014088403707776562,3.0997222818639897e-06,-0.16798136802166858,0.0624356922616835,0.0014088403707776562,3.0997222818639897e-06,0.40247968326734734,0.001146072098353823,0.00011324911322874723,6.018116389031912e-07,7.993097364646102e-05,5.3371461804203955e-06,5.225021176895515e-05,1.7798838628008313e-08,2.9256955962670927e-05,7.095999423785737e-07,5.259569496157351e-05,6.234030774458585e-07,2.8526375695276116e-05,2.7319834871849625e-07,7.129586047017947e-05,1.4105984947428618e-06,7.844178656278733e-05,1.2259583131164048e-07,5.731758060896209e-05,2.801361567280201e-07,3.1191072846886624e-05,9.947804782925795e-07,5.876371418598739e-05,2.983234904194283e-07,4.8930196979622264e-05,1.1236378403411753e-07,0.0009896661454183203,7.467199978399984e-06,0.00036073834365279983,8.645627352538512e-06,0.0015891764218988825,3.734211013812626e-05,0.0031082101518453372,2.371385130407874e-05,0.003533528509248647,1.4710438781419645e-05,1.078909217886057e-07,6.1633539681961634e-09,4.772033695273414e-07,5.40880789129879e-09,1.417746049329394e-07,2.1854902185954802e-09,7.637203914563845e-07,1.8720757831741718e-08,1.0034789210100223e-07,2.2071446299783e-09,6445.3125,23.4375,19757.8125,164.0625,6945.985710671182,15.34031289025188,10278.535806428803,42.140686526776335,5.28911354360647,0.018112207526237434,4.9574136514200084,0.2828926848409683,0.009189097395833526,0.00021256739583333517,1.0314036780369147,0.02428275596708218,0.006863229166666707,0.0004707291666666835,-2.5858944615227604e-17,7.184068155178617e-17,0.01200000000000001,0.0,0.001383524177902919,1.6004373049363554e-05,-0.3006898355077996,0.04986114131880934,0.001383524177902919,1.6004373049363554e-05,0.4143571577411961,0.00010418837257764046,9.804621223038824e-05,2.0927860922920693e-06,7.084861666301801e-05,8.235906088931876e-07,5.1120103876883845e-05,6.627894813302091e-07,2.993174804082445e-05,5.499705044403542e-07,5.1341067315450884e-05,4.2124586655494425e-07,2.942280272806067e-05,5.854593621801676e-07,7.084729945686945e-05,9.771620267674108e-07,7.692685172981995e-05,1.3538935552826416e-06,6.0257692268127225e-05,8.841203705769537e-07,3.6163186248932176e-05,1.3088134413922017e-06,5.8014250484999256e-05,6.61273575341718e-07,4.822132248763405e-05,1.1127985536574262e-06,0.0009081466453786909,2.9045021901079478e-05,0.00030062907112145287,8.149230242950539e-06,0.0016314367414569197,7.949193675081277e-05,0.003030669786053785,0.00010948507646219691,0.0033552641847156787,5.920395608723355e-05
bad/裂纹蛋37.xlsx,1,1.9257201425826978e-07,3.0366926744236916e-08,6.234124167109325e-07,1.4702783928637401e-08,1.9662270504458547e-07,1.6564287596698445e-08,9.805408366436812e-07,2.4653311267814446e-08,1.2720465435182167e-07,6.939800462392848e-09,6445.3125,23.4375,19382.8125,23.4375,6995.462089673625,23.002837554297457,9981.636681993055,68.80407744845797,5.319934255642111,0.003896794499679501,4.923247544281515,0.19568444943315733,0.01169641947916678,0.00012917968749998586,0.44236771424012167,0.09499858204674227,0.00768343749999989,0.000263020833333405,-1.3220905851577907e-16,1.7115938296304497e-17,0.013499999999999956,0.000500000000000056,0.0015609867866552144,8.62032757929245e-06,0.08998864808857299,0.0052860981104441915,0.0015609867866552144,8.62032757929245e-06,0.4021671181496145,0.0016670139612419421,0.0001295962825375467,4.689546898115846e-06,0.00010220696495552062,2.4105359815042006e-06,5.71794860758692e-05,6.199178317827327e-08,3.1973318194530004e-05,3.156944183075713e-07,6.0276944974737915e-05,1.8151963457328874e-06,3.286919261966462e-05,8.727812475907028e-07,7.891545643080194e-05,6.644468058728236e-07,8.526938698942874e-05,2.3362069728450713e-07,6.820722195274062e-05,1.0925758303409114e-06,4.359625348233475e-05,3.1927834004966265e-07,6.48500580710345e-05,3.635839300677272e-07,5.401990239543378e-05,7.770024762299953e-07,0.0014990446739952328,1.652641440254136e-05,0.00046888036079291526,2.7914318641920118e-05,0.0020025389782818083,5.8377958464966764e-05,0.0037691431321921916,4.502151088133909e-05,0.004008907943279533,4.903956208877295e-05,1.4060757127382576e-07,1.8078109766442603e-08,5.953575607374034e-07,3.1188213473794635e-08,1.778765340521778e-07,1.8600883669096387e-09,9.832495796604919e-07,5.896827491106683e-09,1.1240376716938076e-07,3.887595961699683e-09,6445.3125,23.4375,19523.4375,23.4375,6894.078657892424,18.071540140299476,10233.421193380866,189.0842295468574,5.2723129622757945,0.0625634999872422,3.7355792574865108,0.06675433185172541,0.011216463645833372,8.48644791666452e-05,-0.03162121271191465,0.024415842415902667,0.005710729166666595,0.0001236458333332413,4.806340510773074e-17,9.265736326350787e-17,0.010999999999999899,0.0,0.0015286365875770921,5.7829637109523685e-06,0.1509704163061588,0.05197415455914798,0.0015286365875770921,5.7829637109523685e-06,0.39560325067722446,0.009897895394873929,0.00010528767633238357,2.7808601782630606e-06,8.290798656975605e-05,8.000343336464109e-06,5.645131820064365e-05,1.2846332821524293e-06,3.2506795870087976e-05,3.3853672814756886e-07,5.777638298042375e-05,4.6842513360351864e-07,3.074965884491993e-05,1.3106032623950036e-06,7.793433663007646e-05,6.822544596576003e-07,8.748302410341909e-05,2.2197128294232962e-07,6.330077565233752e-05,1.344859009318117e-06,3.887431826740938e-05,2.1897594310870526e-06,6.356398151202361e-05,5.618621090041294e-07,5.28369545216616e-05,4.607736184744186e-07,0.0011282870580115888,5.0419527834353163e-05,0.00038948071231462085,3.0635822060013263e-06,0.0020550633148280957,1.7998539554486999e-06,0.003712881737465484,0.00014080414476356075,0.004052965838315598,5.3758468924749395e-05
bad/裂纹蛋38.xlsx,1,2.1083282765600455e-07,1.0721424504057697e-09,6.663893414723456e-07,2.5174942419634032e-08,2.0283708930655807e-07,1.2122130609533686e-08,1.0462430837581224e-06,9.24776262473295e-09,1.391679893483078e-07,1.6504590103272278e-08,6445.3125,23.4375,19148.4375,164.0625,6960.636674591709,81.42013335547836,9882.696305443777,78.7197482397105,5.283792817361619,0.04473225240456724,6.881578130739921,0.9851995895367569,0.012578987916666628,5.099124999998275e-05,0.4400516764754703,0.2716066952913554,0.011136874999999935,0.0015722916666666142,-4.8618516620043315e-17,1.5728159515523044e-18,0.017000000000000015,0.0019999999999998908,0.00161883035455919,3.2811273440144003e-06,0.04660060770579968,0.00891407729127501,0.00161883035455919,3.2811273440145087e-06,0.39497812044175873,0.008647634923942465,0.0001344262152381578,1.0734575640981072e-05,0.0001124800423775813,4.449548717738623e-06,5.980007901375797e-05,4.3648397986083067e-07,3.311000128603134e-05,1.0158818186718578e-06,6.041887655692126e-05,1.373425126074079e-06,3.363482665712051e-05,2.2888550571737495e-07,8.154764614494312e-05,9.882941143415084e-07,9.05988837104071e-05,8.26575734820111e-07,7.025646002974315e-05,2.6995472154689107e-06,4.030527358354107e-05,1.9439221114864633e-06,6.747464853490605e-05,3.366872190843035e-07,5.659355322390483e-05,6.394899714704215e-07,0.0016290415545404978,0.0001475149596280288,0.00043381460392810894,1.803131142275643e-05,0.0023157406140183355,4.327958309040843e-05,0.0039591347740718826,2.609063739638989e-05,0.00440653699200465,8.781481652803645e-05,1.5987936991839652e-07,6.071899377173323e-09,6.422112705829587e-07,1.6778226857925042e-08,1.9938894585066812e-07,8.621030894495655e-09,1.0345112804345987e-06,1.2449160254403916e-08,1.2833418274011205e-07,7.224563953645123e-09,6375.0,0.0,19195.3125,23.4375,6878.695712365072,6.100323666362328,10056.174541203229,34.448285102024784,5.285950732038135,0.05046984332449256,4.783749219540429,0.6651202771815132,0.01182992447916661,6.267468750000525e-05,-0.10815795379385174,0.017941590203980784,0.007507187499999901,0.0010242708333332295,-2.4216739724636222e-17,1.047541683026528e-16,0.013000000000000012,0.0010000000000000009,0.0015698886283676563,4.158647411847964e-06,0.0023659107721094278,0.009954998940718851,0.0015698886283676563,4.158647411847964e-06,0.4038341321108564,0.0010418837257762104,0.00011879624372283169,3.7028701999728366e-06,9.367480876497544e-05,1.3145410575274161e-06,5.806355142555976e-05,5.095084875927146e-08,3.2693691105016606e-05,1.2887664206550275e-06,6.048400368595337e-05,1.8175700679508624e-06,3.299914275981191e-05,1.0528570988566973e-06,8.074672656371374e-05,6.644023897170185e-07,8.853838910979802e-05,1.510379045555513e-07,6.679300830834857e-05,2.038149532943221e-06,3.9662803022223364e-05,1.043276731086888e-06,6.563981585153836e-05,3.0572294100196214e-07,5.460761654206793e-05,9.979344492084321e-08,0.001327803004001853,9.888742709028239e-05,0.00040018705528553785,2.4278550493068448e-05,0.0021687530090675655,0.00010353673417658193,0.0038934580647408306,8.327657507231222e-05,0.004092526142349608,5.868472958588979e-06
bad/裂纹蛋39.xlsx,1,1.802618785621296e-07,1.283248325575883e-08,6.778922702754954e-07,2.815933840490874e-10,1.957986542720838e-07,6.573021780705952e-09,1.0615152923390166e-06,1.62947383433064e-08,1.1685061200843093e-07,3.1265549614683117e-09,6492.1875,23.4375,19101.5625,164.0625,6841.457209524006,46.61539004746737,10080.220532488636,5.561758743775499,5.2274857683666,0.012767773092380086,5.303262834302621,1.2083414357378937,0.012324659895833265,0.00017051322916666715,0.1297765913506448,0.10833543678288504,0.008484270833333252,0.0018773958333333507,4.1170770496516223e-17,3.2705319933749406e-17,0.014499999999999957,0.0015000000000000568,0.0016023465929941108,1.1084864399824902e-05,-0.004339511270187148,0.07955901418353165,0.0016023465929941108,1.1084864399824902e-05,0.41591998332986035,0.0010418837257762104,0.00012830939876327116,3.999343879988274e-06,8.756369881276802e-05,3.850629621645272e-06,5.966752171647392e-05,4.7261753386946694e-07,3.439599926561064e-05,8.462786818389835e-08,6.036476392803934e-05,1.0546661079484459e-06,3.2479970635360876e-05,5.222913792967311e-07,8.19129141196641e-05,7.448396703918427e-07,9.128973693820489e-05,1.9413207407528732e-07,6.630719480082674e-05,1.4933410144092843e-06,3.7618252760151105e-05,3.389995338263366e-06,6.680459282179109e-05,6.678479102776609e-08,5.580087992603923e-05,8.085865627807208e-07,0.00135916618429066,0.00016104196225428255,0.0004595279454075668,1.777245968610352e-05,0.00212606657642336,4.0654954014332154e-05,0.004143217251774946,8.071371201444138e-05,0.0043484068215834705,0.00013150234844118468,1.7877217207177662e-07,1.4727183047226427e-09,6.817753578518573e-07,2.888109194928673e-08,2.202175023643545e-07,1.1281719132152182e-08,1.0714842696125887e-06,3.868984011833488e-09,1.2635901583761103e-07,9.6417349084965e-09,6421.875,0.0,19453.125,0.0,6949.270755332899,41.47691790688259,10158.213140993365,56.82139563779765,5.290122814057714,0.02949410073116354,11.354398692134,7.3703428184750015,0.0124748744791666,0.0004040153124999996,12.608066853052328,12.687524039240785,0.01849468750000005,0.01217677083333335,1.787921662573429e-17,9.059882473868205e-17,0.025000000000000022,0.013000000000000012,0.0016119089665139572,2.610875009674573e-05,-0.7093631863703438,0.7003130287867307,0.0016119089665139572,2.610875009674573e-05,0.4085226088768493,0.0007293186080433445,0.00012663587082804888,2.2011680544645245e-06,9.378690224256283e-05,6.500463615198439e-06,5.861543165502405e-05,1.401661168923134e-06,3.328645026285328e-05,3.4326677574540173e-07,6.348939634878435e-05,5.364311705005514e-07,3.3526990449825905e-05,1.782196426943349e-06,8.207995277529311e-05,5.199749212159071e-07,9.017776907937328e-05,1.0992469751195996e-06,6.79335425139259e-05,2.130774955353566e-06,3.9267003012173385e-05,2.1515993162812576e-06,6.690040833148963e-05,1.1832897307154718e-06,5.577053398531796e-05,8.989091105174035e-07,0.001379492284096613,9.509296133873394e-05,0.00046078928322043763,1.89280991320582e-05,0.0022760251524744477,6.307078262433787e-05,0.004079760771905876,0.00020968870706343986,0.004371768959943866,0.0002473181631883646
bad/裂纹蛋4.xlsx,1,6.106654251724299e-08,1.0727737337443815e-08,9.429727420866329e-07,1.0898761133167691e-08,3.149449035241968e-07,2.0201326413808525e-08,1.3378801796461855e-06,1.701883320690837e-08,1.1578984976480389e-07,9.969285803114279e-09,6398.4375,23.4375,22031.25,46.875,6962.410594149011,58.47457211371329,11600.064101415492,17.23071235684074,5.4026947402939545,0.04729330231670481,12.304354137177693,5.799023254121909,0.016814500625000204,0.00017557749999999941,12.569157318586345,10.774708112943221,0.02308562500000011,0.010973750000000115,-2.905083581102493e-17,1.0500859441246272e-16,0.03200000000000003,0.01200000000000001,0.0018716103953868729,9.77197121887442e-06,-0.4036404648071659,0.5862677595444516,0.0018716103953868729,9.77197121887442e-06,0.4191498228797666,0.0003125651177328659,7.815878929154092e-05,3.4671034308309632e-06,4.713606340976346e-05,7.142977217797893e-06,6.901424212644106e-05,3.864594527003924e-07,4.163002304780091e-05,9.735039577025604e-08,7.37784032410495e-05,1.4006768993271243e-06,4.426055087281686e-05,2.0007410274268098e-06,9.6278078794285e-05,2.3080452105630347e-06,9.754348497945122e-05,1.3055435903898185e-06,6.0783022928405686e-05,1.4742939965602643e-06,3.5372361383324605e-05,5.182632781872145e-06,7.710873235433334e-05,1.1407393953997646e-06,6.43593881764823e-05,3.1769628370338686e-08,0.0007179271189591498,9.157113687815267e-05,0.0005227222825627913,4.8100860184127246e-05,0.0028967559618579023,0.00019796854048935528,0.005487587607104671,6.651714775513093e-05,0.007272713452011005,3.532317705353012e-05,4.898888370635494e-08,5.553633747185868e-09,1.0018053212945553e-06,3.64424847122477e-08,3.615092652482785e-07,1.2413661720738756e-08,1.4476961656859456e-06,6.043750584901255e-09,9.493756172867166e-08,8.663694530740832e-09,6445.3125,23.4375,22101.5625,23.4375,6976.337964219268,95.43669854102609,11919.655431290434,133.75641932788585,5.36651105846148,0.03407055537108983,10.511923491733999,5.547060937630856,0.016439486458333555,0.00040333666666666004,8.347389192219769,6.816141890138437,0.019578333333333364,0.010503541666666671,-9.5062846483529e-18,6.113165529342269e-17,0.02950000000000008,0.011500000000000066,0.0018505073717130917,2.270417116588725e-05,-0.300637416075211,0.514784264274332,0.0018505073717130917,2.270417116588725e-05,0.418212127526568,0.012294227964159216,6.985256180372208e-05,1.298343615941446e-06,4.3369413383121134e-05,1.8603317553701059e-06,6.743268457680114e-05,5.483356167928973e-07,4.3825744381800463e-05,5.528120151011867e-07,7.819912414093577e-05,6.384461944993337e-07,4.497240414638531e-05,5.152111102802354e-08,9.468856429666739e-05,1.5228629760365408e-07,9.964570906789241e-05,1.7924691286142302e-06,5.741203538344193e-05,1.7602565599260209e-06,3.126376597738534e-05,5.671022669379361e-07,7.600254502721621e-05,8.912559702875571e-07,6.61313969917444e-05,1.587529972193948e-07,0.0005686023365588305,9.664041890526686e-06,0.0006255401646531655,3.201269444851778e-05,0.002929880027659787,4.7651752781550536e-05,0.0053531178692954595,2.1587346144771695e-05,0.007029497998099813,0.00030684360993490315
bad/裂纹蛋40.xlsx,1,2.1074600617604645e-07,4.368487063473718e-08,6.694407734823269e-07,1.9139616210597413e-08,1.8833281935838832e-07,3.1176416327623014e-09,1.0370803350000122e-06,1.1512088962835512e-08,1.0783887486629647e-07,1.3228610779751903e-08,6421.875,0.0,19242.1875,23.4375,6968.037217456423,111.68721737540272,10061.77085534318,92.38554451777509,5.250545197782399,0.015638553069864614,10.485615931741007,4.68224859709319,0.012500236458333253,0.0003117616666666618,5.471104758674873,5.183666933731065,0.017014166666666664,0.007766458333333337,-2.80331313717852e-17,1.7717309101309792e-17,0.02300000000000002,0.007999999999999896,0.0016136328246892403,2.0125503840915456e-05,-0.39483233988613176,0.4154086377144771,0.0016136328246892403,2.0125503840915347e-05,0.40904355073973747,0.008335069806209627,0.00014245873650347375,1.0702424189407917e-05,9.990704185138837e-05,5.37554105642729e-06,6.0202077874676465e-05,1.2261634995585387e-06,3.481760716419071e-05,3.4064364738073136e-07,6.048104209761132e-05,2.8626419675280334e-07,3.3127710443597353e-05,5.193706641515968e-07,8.213405074748054e-05,8.16280304982215e-07,9.025341558478695e-05,1.2065837230449655e-06,6.303771824016153e-05,1.922331517678028e-06,3.408243264952791e-05,2.4209083833072413e-06,6.726565979260545e-05,1.0024273216408628e-06,5.64035456284499e-05,5.443107263631986e-08,0.0015412838101620022,9.916277384484007e-05,0.0004279831507607326,1.3105487091898734e-06,0.0022304383070067286,1.5545403712660796e-05,0.004057486739570265,1.376800562593759e-05,0.0044054649579799085,0.00015252591090808175,1.6251287830424254e-07,1.797592280603987e-08,6.298031227873929e-07,2.725620787063562e-09,1.8540054008361822e-07,1.2256257525154822e-09,1.0149371495950919e-06,5.805422084395597e-08,9.970791686060739e-08,1.717194130046899e-08,6398.4375,23.4375,19242.1875,117.1875,6840.162075307582,65.92418494089134,10115.369053189812,157.75176048119647,5.239498923452558,0.04655581602591363,3.986021206148263,0.3078508989540174,0.011841971979166577,0.00010050718749998744,-0.10410108666872642,0.09273741860154594,0.006262812500000048,0.0005101041666667472,-1.780982768669523e-17,1.3475331961387839e-16,0.011499999999999955,0.0014999999999999458,0.0015706791733544724,6.665587011990331e-06,-0.05442929334000428,0.05177532740949514,0.0015706791733544724,6.665587011990331e-06,0.4145655344863513,0.008647634923942493,0.0001312880973594346,7.272877647570418e-06,8.755362189716466e-05,5.289789595011319e-06,5.879306598802887e-05,1.6456634611919255e-08,3.3754505405054114e-05,5.568402959037982e-07,5.89088543351519e-05,1.3817707739555953e-06,3.1870988676111416e-05,5.525379824428256e-07,8.064073762383431e-05,1.4624345533720195e-06,8.916624493175251e-05,2.9800324545298424e-06,6.16103643913119e-05,5.038849671773293e-06,3.174405296840742e-05,4.197872580117374e-06,6.57271604046802e-05,1.391455798650912e-07,5.4700606180390824e-05,9.83240610368781e-07,0.001194943358865452,0.00011178566976380625,0.00039440526484814473,5.992731429631896e-05,0.0021983079408918285,0.00010819865524206015,0.003934260537920654,0.00011877633112791623,0.004193320816802138,6.558447954819937e-05
bad/裂纹蛋41.xlsx,1,1.6783262834306644e-07,4.688010297377562e-08,6.447865768383493e-07,1.8014756756195686e-08,1.8903360180020937e-07,7.356870684677585e-09,1.0380960780853274e-06,1.0115446319995215e-08,1.0950375089633169e-07,3.292793202204187e-09,6398.4375,23.4375,19593.75,375.0,6904.79966116078,148.0429547251806,10171.544773784502,79.6103872055046,5.360826792035764,0.12377811622240609,4.117182379317054,0.41308783966566986,0.011886988958333244,1.7339166666669077e-05,-0.11886590493681859,0.06991666562555277,0.006479583333333427,0.0006547916666664877,-1.545754265327067e-16,3.268219028740305e-17,0.012000000000000122,0.0010000000000000009,0.0015736755433346,1.1477354414605057e-06,-0.051319495536315346,0.009464398520966366,0.0015736755433346,1.1477354414605057e-06,0.4109189414461346,0.00041675349031050635,0.00012530582687721306,1.1871413057536622e-05,8.839008524832772e-05,1.0229882254166242e-05,5.865043567281596e-05,8.79759992046349e-07,3.2688109440028636e-05,8.614866521198818e-07,5.9767775694304584e-05,9.54559537184379e-07,3.0830851114847336e-05,8.737244171840066e-07,8.152185478059989e-05,2.1722425507769542e-06,8.802886420682202e-05,6.066049137537998e-07,6.424314624358282e-05,1.583941646722668e-06,3.801550903752969e-05,1.890955084105821e-06,6.606708454201171e-05,5.026215751356168e-07,5.416031691580196e-05,9.174851743721692e-07,0.001416766424134449,5.3527468442382585e-05,0.0004755193464928307,7.56026771957195e-06,0.002180997203605273,1.997344473503044e-05,0.003896476514921076,8.60811572514753e-05,0.004127449812415851,1.98616095528183e-05,2.011463912796265e-07,2.252940426869047e-08,6.86430749631142e-07,1.777964340302989e-08,1.9200236154875296e-07,5.401605265419264e-10,1.0937492697512472e-06,1.854593004034489e-09,1.222781120211507e-07,3.26138654065122e-09,6421.875,0.0,19500.0,46.875,6995.435241103265,29.670532008124155,10191.383884145993,109.11668038778771,5.281893100157933,0.00965240126135658,4.046677431108622,0.24729375299032186,0.012373309479166575,0.00012083031249999869,0.04737798619931621,0.17609909906807064,0.006495104166666543,0.0003653125000000479,-2.3222164931742858e-17,7.336723821064577e-17,0.012499999999999956,0.0004999999999999449,0.0016055252569291477,7.839484823484138e-06,-0.03099497458428953,0.016028234707813713,0.0016055252569291477,7.839484823484138e-06,0.40800166701396123,0.004375911648260067,0.00012974372070256385,1.4425483440215877e-06,0.00010041247678402184,4.259275262294797e-06,5.968804084277163e-05,8.602994647135505e-07,3.364583506353657e-05,1.9640181402149468e-07,5.9855674207139175e-05,2.170535096768579e-07,3.167655492937125e-05,1.152375474072046e-06,8.238903671755354e-05,3.411014211694184e-07,9.063754351013012e-05,5.051719582952079e-07,6.550297969662614e-05,1.2760362304259056e-06,3.666019311581204e-05,6.195741367245369e-07,6.690271694056765e-05,7.150123187292843e-08,5.5848566576746834e-05,5.440023332860575e-08,0.001459329047277135,7.014837145186289e-05,0.0004525101810694252,3.788621454512412e-05,0.0020949476143213245,5.126272710899004e-05,0.004036397388719445,1.7836032789410317e-05,0.004450315332233574,2.3233219330202545e-05
bad/裂纹蛋42.xlsx,1,1.651624687362801e-07,1.6177680720852214e-08,6.752041286013213e-07,4.432789941201475e-08,2.1570956262415557e-07,1.2727054793663469e-08,1.053579427146164e-06,7.665158169432197e-08,1.1904903649318239e-07,9.040606443823415e-09,6421.875,0.0,19125.0,46.875,6837.205534072245,70.15765788672616,10080.780236012042,69.84292602277856,5.286585992432382,0.03784272039170711,10.706439723043385,6.175155554891377,0.01253551447916659,0.0004551446875000198,8.207159226126391,8.251719603456625,0.01748031250000004,0.010291770833333436,-6.75385673313637e-17,3.2057689836051396e-17,0.023500000000000076,0.010499999999999954,0.0016157674724982837,2.9342653416962483e-05,-0.5805472780177554,0.4901508441041403,0.0016157674724982837,2.9342653416962483e-05,0.4032090018753907,0.0006251302354657318,0.0001265900842329083,1.667530187483566e-06,9.333700048944117e-05,1.468931247374502e-06,6.015517538725186e-05,9.023819998234622e-07,3.504748804072182e-05,1.0288551264174886e-06,6.334591611057508e-05,5.922825799007465e-07,3.5332824328701205e-05,1.2668789139724088e-06,8.293287383593135e-05,3.432374178897519e-06,9.05867532327215e-05,1.0488958206282832e-06,6.602132759556893e-05,3.2368665004940043e-06,3.732139099961179e-05,1.100547444063212e-06,6.749769155208011e-05,1.509222646568969e-06,5.608586487614351e-05,9.316438972959813e-07,0.0013282020521201898,2.0317688017619062e-05,0.00048691085783840704,2.9676446807800846e-05,0.002270930573818669,0.00011014682283569063,0.0041460322608986785,0.00015404399131957154,0.00438548538200827,0.0001650207665239204,1.6084737299665116e-07,1.3315806005744163e-08,6.95474974567859e-07,7.461552903759058e-08,2.3153521988497316e-07,1.3235945446862673e-08,1.089709466829286e-06,7.71610236298891e-08,1.35667057661126e-07,1.1031936444320644e-08,6492.1875,23.4375,19218.75,515.625,6834.096632601895,121.64896780520849,10070.05273915496,272.439682461516,5.321228927717347,0.05468435259708837,13.39812628351342,8.43453311756632,0.012691295729166573,0.0008886290624999854,23.257841557240763,23.353113479219505,0.02225302083333347,0.014469687499999995,-9.212538139754163e-17,3.744689743475267e-17,0.028000000000000025,0.014000000000000012,0.0016250462452346499,5.696178038944503e-05,-1.14655767447166,1.0296260715139747,0.0016250462452346499,5.696178038944503e-05,0.4036257553657012,0.0004167534903104786,0.0001230605855549687,9.581056477344701e-06,8.853836901736629e-05,5.804278186652839e-06,6.036329751873688e-05,2.5092961489047657e-06,3.449131500078473e-05,1.8429080537797862e-06,6.425634054523226e-05,1.8993378752456277e-06,3.52707477352037e-05,1.6226503723014638e-06,8.142595868607162e-05,2.6513992930053156e-06,9.108337173870185e-05,3.2890108631610535e-07,7.165102261813829e-05,2.7615309352621413e-06,4.003937429562234e-05,1.7846003295616375e-07,6.764642578641357e-05,2.755415019953262e-06,5.626484519062552e-05,1.4122882168256628e-06,0.0013446467597314046,0.00010265485647620093,0.0005559088442625567,5.5876708999941444e-05,0.0022032010034626955,6.756028933351758e-05,0.004208547947933209,0.0002310523313548648,0.004475379529972273,0.00046021954713122704
bad/裂纹蛋43.xlsx,1,2.0185280900386993e-07,2.063502212693216e-08,6.693352437666723e-07,2.3572776127765606e-08,1.945206931530732e-07,1.1939763697844915e-08,1.05979822244484e-06,3.2520632013223235e-08,1.1038104509531738e-07,3.1173206868466325e-09,6421.875,0.0,19148.4375,23.4375,6858.645834061833,78.2005709425357,9968.129751181976,84.01581409110076,5.252251194855221,0.00034390430924302606,6.921078712942573,1.7092298809312707,0.012128168229166592,1.75784375000005e-05,0.547820289258591,0.5641422140876102,0.01100343749999999,0.0027248958333333517,6.492491729422529e-17,1.9359513991901167e-17,0.018000000000000016,0.0020000000000000018,0.0015895598093276847,1.1519461103875334e-06,-0.15140408908734335,0.05346839706080634,0.0015895598093276847,1.1519461103875334e-06,0.40102104605126065,0.0003125651177328381,0.00013256058401956046,1.1224251368946355e-06,0.00011290879521579596,5.3810707790817616e-06,5.945266247791999e-05,6.177616744188399e-08,3.312231881778168e-05,4.464545656735294e-08,5.9560809733194726e-05,2.560761900140176e-06,3.1209838810253765e-05,3.475737748571336e-07,8.078574703265063e-05,2.09994757379245e-06,8.996351746017438e-05,4.033998884309448e-07,6.357519959125435e-05,1.0496983555693802e-06,3.8080885107540417e-05,6.204414706438322e-07,6.604944971100904e-05,1.9066653508424333e-07,5.5623814316578055e-05,9.725575760622087e-08,0.0014935193179160915,0.0001311252697962658,0.0004385281595926813,1.3027488300439968e-05,0.002189238322434669,2.6587267111414592e-05,0.0039452516195500695,7.681435395902412e-05,0.004183648461636852,1.2939292667424156e-06,1.7273700274153274e-07,1.3053708054696178e-08,6.882704090286842e-07,5.3707913721217766e-08,2.2879914384599364e-07,1.5000497557202736e-08,1.081495405353429e-06,1.1059781948066608e-08,1.299613010561496e-07,1.2241638912666554e-08,6445.3125,23.4375,19335.9375,23.4375,6873.821102634336,50.99189859993339,10050.76917822987,45.72853127735107,5.3050102223214495,0.08045629789654152,10.10880101086748,4.929071430513608,0.012644509166666582,0.00031094999999999734,5.11742644053209,5.081721612938469,0.016504166666666542,0.00820125000000016,-1.275137403074685e-16,8.426130163978012e-17,0.022499999999999964,0.008499999999999952,0.0016229215669669938,1.9958219583299502e-05,-0.3038708360291035,0.3666888236294137,0.0016229215669669938,1.9958219583299502e-05,0.4030006251302355,0.009793707022296289,0.00013790968035044295,2.923487322354466e-06,9.859996472200356e-05,4.7928084472566196e-06,6.033116308360983e-05,1.7799784870408544e-06,3.370424651281342e-05,4.082037262638117e-07,6.562042306891103e-05,9.143556353685917e-07,3.322327574276359e-05,1.6305010355879708e-06,8.297319501272214e-05,6.905213025701777e-07,9.079114642655917e-05,6.007008984658678e-07,6.853319375980417e-05,3.3185763228972334e-06,3.966957937384201e-05,4.728413059860736e-07,6.841856385838362e-05,9.017485339758277e-07,5.634763304173246e-05,4.492196203923019e-07,0.0014819979052974163,0.00011757399120794986,0.0005015003757863786,7.040514189981525e-05,0.0023415276726625684,1.9611276971557776e-05,0.004056238682327568,4.823255236598026e-05,0.00440088183608662,7.894772960391743e-05
bad/裂纹蛋44.xlsx,1,1.9357736166370487e-07,3.694841435921364e-08,6.397888505439288e-07,9.109829843717629e-09,2.0226266225262348e-07,2.989915097427753e-11,1.0109922326559566e-06,1.4241767572616088e-08,1.0402081833097351e-07,8.721259115968368e-09,6398.4375,23.4375,19546.875,281.25,6966.274218825413,116.08636066887084,10092.937811877917,91.18575390613114,5.262934621126266,0.028315473689556114,5.149325721941802,0.30771757792278054,0.012085973645833276,2.20255208333341e-05,-0.0006443270242291188,0.007773660804065274,0.0081713541666667,0.0004957291666666253,-1.0408340855860836e-18,1.4548547551858822e-17,0.014000000000000012,0.0,0.001586792073845997,1.4458889256011888e-06,-0.07766130571352442,0.022625761097968516,0.001586792073845997,1.4458889256011888e-06,0.4053969576995207,0.003438216295061469,0.00013340401573534066,8.803583731014348e-06,0.00010146195365661509,2.6543074654476997e-06,5.8013477756169026e-05,1.1754513202996697e-06,3.2811419478098275e-05,4.443197369294795e-07,6.151744309319233e-05,6.744221485704785e-07,3.4122693758207325e-05,4.691269558235311e-07,8.020920154788517e-05,8.207820701452935e-07,8.80828450788258e-05,1.9267788937767143e-06,6.120630187980315e-05,1.632892362694108e-06,3.5935055211631085e-05,6.380820743992006e-08,6.590982514128146e-05,1.36240796033605e-07,5.545762490944787e-05,6.574748570854773e-07,0.0014674859714328995,6.667864492451334e-05,0.0004134362310192982,1.5175569993079106e-05,0.0021702086721707846,8.678966499692459e-05,0.0038743476262374362,4.4115824784166265e-05,0.004306704296548898,7.387155972408228e-05,1.958693045755055e-07,3.709045481072859e-08,5.581800596657154e-07,1.1620037171828226e-08,1.7536722058122452e-07,2.972064111911491e-09,8.946169712540091e-07,1.1276790489279246e-08,1.139951490570304e-07,1.652069352959707e-09,6468.75,0.0,19382.8125,70.3125,7046.241633269723,75.04436136114646,9954.385963434841,111.39893210675382,5.289091762129258,0.029400438797897,4.311363011179749,0.2774015294763421,0.010785979479166832,3.372031250001035e-05,0.3647351149025324,0.13587008172026227,0.0064621875000000495,0.0004057291666667018,-1.218932362453036e-17,9.971190539914687e-17,0.012499999999999956,0.0004999999999999449,0.001499024205112782,2.3432126980366206e-06,0.19280307976272454,0.004220042157137546,0.001499024205112782,2.343212698036512e-06,0.4062304646801417,0.009272765159408197,0.000130440803450426,7.3987925137645875e-06,9.634957538113596e-05,9.355385273765596e-06,5.425572023528163e-05,2.03908439841565e-07,3.0635481637202364e-05,9.808059354040466e-08,5.8374291916609375e-05,6.267223708379891e-07,3.074132541963568e-05,8.445069166473172e-07,7.55238726222186e-05,9.216153813339304e-08,8.255207733010807e-05,3.9165966725176224e-07,6.564921381186378e-05,6.246785412976729e-07,3.629505030846284e-05,1.145329976227349e-06,6.267759955005363e-05,3.1984157882000046e-07,5.192278816417139e-05,3.7736142115115526e-07,0.001362276878290073,9.213007626229514e-05,0.00039761604364080353,7.613714786617709e-06,0.0018762182182669406,3.7139246761177516e-05,0.0034065424549019293,2.074896258886594e-05,0.0037970524935588856,8.289023860419019e-05
bad/裂纹蛋5.xlsx,1,5.526242669080369e-07,4.866379167182412e-07,9.239423456436056e-07,1.4251065176811944e-08,5.443053177303594e-07,2.3911793756218463e-07,1.3305915209880251e-06,6.145314613657722e-08,7.951840521192014e-07,6.948886825767317e-07,6445.3125,23.4375,19617.1875,2273.4375,7112.333778463633,248.96172525629527,9170.21595373327,2200.829246585353,5.343143166168724,0.05585065078583984,11.11995612338419,3.6248102059655305,0.021715322395833524,0.00518492572916664,16.77428310800311,14.686081892649177,0.02440739583333329,0.01049822916666665,4.9613091412936685e-17,2.875015040852228e-17,0.03499999999999992,0.0129999999999999,0.0021115398291117167,0.00025578320743716823,1.2760654756983132,1.0989400969111722,0.0021115398291117167,0.00025578320743716834,0.41300270889768703,0.007709939570743896,0.00011995308799826548,4.227504312884601e-05,0.00016774188844518388,0.00011219914228839084,6.912488306167375e-05,2.2841880009982942e-07,4.304312208824392e-05,1.5007146919108458e-06,8.203238586717547e-05,6.596209483340047e-06,6.080682843094502e-05,1.7420928496843412e-05,9.538263498235519e-05,1.110396073083742e-06,9.79594617378366e-05,4.181419478467701e-06,8.764609544299244e-05,2.834317675786208e-05,0.00010902560101438508,7.394929146664129e-05,8.035756990323821e-05,3.953813500679486e-06,7.96856135107653e-05,1.2198626419290369e-05,0.004223284907671637,0.0035278425308357384,0.0014054113377120908,0.0008412674363019429,0.0035844575831351917,0.0007548392174383917,0.00548436040962068,0.00017982519301317163,0.007078538903058449,0.00011392156142666417,8.832525301212997e-08,7.059862393269649e-09,1.0952192432508263e-06,1.9023310358871417e-07,3.788035874196408e-07,7.628889655289633e-08,1.365851566227748e-06,6.408054075168888e-08,9.763512400396374e-08,3.4521487843483404e-08,6421.875,46.875,21984.375,0.0,6907.194158531554,65.55647768550034,11638.02413643523,141.03635877986835,5.541591648416645,0.07482091321515716,17.57493361549252,11.590563116831346,0.018373509791666853,0.001967889999999998,76.84700058555718,74.5749896785862,0.03555166666666687,0.02448812499999997,-1.6692665768166157e-16,1.0604942849804882e-16,0.044499999999999984,0.023500000000000076,0.0019536645703699096,0.00010492514670921906,-2.5139263740540327,2.595338905843331,0.0019536645703699096,0.00010492514670921906,0.4200875182329652,0.0020837674515524207,9.044278280850206e-05,6.9688390321553766e-06,6.0932859287714414e-05,1.8163812305661492e-06,7.302786292699739e-05,3.461421306802338e-06,4.702635986653686e-05,2.9138188839847782e-06,7.823060376202604e-05,6.090029334720401e-06,4.6278056165926734e-05,3.8531894427997535e-06,0.00010009786172323983,1.4001152256573848e-06,9.855833117334566e-05,7.58969372982189e-07,5.620195332441928e-05,7.502065524649986e-06,3.170657784218902e-05,3.904717512717125e-06,8.04681801925606e-05,3.6297455358988128e-06,6.797787249802851e-05,1.9210044054566284e-06,0.0008240847945140455,0.00011408295366565149,0.0006801164896488588,0.00024952081198312964,0.0029541494133872312,2.9154742047597182e-05,0.005843621837227288,0.0004502164095594578,0.008209610170420873,0.001080920058094759
bad/裂纹蛋6.xlsx,1,5.871773600700111e-08,1.0798728097544925e-08,9.158128544564344e-07,5.2381028225270126e-08,3.405247062323825e-07,7.021252685283014e-09,1.3130790758662784e-06,7.982598064372394e-08,8.777009910409243e-08,7.782104004018208e-10,6445.3125,23.4375,21960.9375,70.3125,6895.289459940176,5.2133549048912755,11546.993613437462,242.53814079194854,5.3854037782796516,0.02153101691660808,5.465607714997939,0.014245661555223776,0.016142392291666866,0.00010777249999998836,1.792301619298899,0.10597600909359306,0.01002312499999991,5.95833333333351e-05,5.893433889051873e-17,9.769962616701378e-17,0.019000000000000017,0.0010000000000000009,0.0018338377567918888,6.121753160416728e-06,0.17422261374408204,0.06187138186494197,0.0018338377567918888,6.121753160416728e-06,0.41269014377995417,0.002396332569285259,7.562765998243436e-05,4.219410419308058e-06,4.9597181780560215e-05,1.0047723056784304e-05,6.881247604856876e-05,1.1868237134328154e-06,4.351645032163233e-05,1.587635543565705e-06,7.712286585686308e-05,5.518438246924953e-07,4.56538358669497e-05,8.67857839425888e-08,9.439936592720691e-05,1.2658241512704312e-07,9.851987105148774e-05,7.845225312940699e-07,5.733727060190309e-05,4.6393341313969764e-07,3.2300321028335506e-05,9.61085140908009e-07,7.606687832643663e-05,4.291731007998874e-07,6.481057854092163e-05,1.518693873574349e-06,0.0006101213409608743,5.599961869410776e-05,0.000579856470626233,1.7940687834384753e-06,0.0027024609438658664,6.672008450434074e-05,0.005450693128504337,0.0001276105217203607,0.006850512120815566,9.174524268138352e-05,6.207649126477873e-08,1.4446499062314152e-08,9.85971321750115e-07,3.803511302828359e-09,3.0797153720971735e-07,1.6660238031242024e-09,1.392535830065527e-06,2.3659246617191463e-08,9.956745138432646e-08,2.0311311766142028e-08,6421.875,0.0,22101.5625,23.4375,6927.891681007899,61.91762318053907,11786.935074452796,103.12262597231347,5.394905749865606,0.029191072125822615,6.268976689073133,0.31298368842856883,0.016113068125000192,4.998999999998588e-05,2.0608953888811334,0.12073578835015164,0.011484999999999967,0.0005556250000000595,-5.4771002548174385e-17,9.848603414278992e-17,0.02100000000000002,0.0010000000000000009,0.0018321793348376175,2.8421298983412942e-06,0.06816559880223239,0.11000336046347411,0.0018321793348376177,2.842129898341511e-06,0.4140445926234632,0.004375911648260067,7.723123522035196e-05,4.92163935563031e-06,5.0987581476031914e-05,5.179770208024142e-06,6.73059504287458e-05,7.886771595164212e-07,4.340111591092093e-05,2.1335201895521743e-07,7.37885289565869e-05,9.199237675518689e-07,4.3536509700422735e-05,1.3992628273679878e-08,9.562616080454762e-05,9.422889124766507e-07,9.74260596085552e-05,1.6435623365185345e-06,5.817223149926298e-05,1.7545442982629218e-06,3.30294917541711e-05,3.857439855978867e-06,7.558849635081266e-05,7.369988397239248e-07,6.44687741239602e-05,1.022180794168744e-06,0.0007155746028003798,0.00013884207164659553,0.00048230196750717944,3.2116119248955005e-06,0.00277099792377253,2.940302765849995e-05,0.0053567705163416034,0.00010873665443805964,0.006862834746082543,0.00010992496869430442
bad/裂纹蛋7.xlsx,1,3.781374255372875e-08,4.997884917016165e-09,9.043413094707611e-07,3.6150108531171116e-08,3.3772427904942834e-07,6.057690217336267e-09,1.3250689302888859e-06,5.690464295466134e-08,9.357193911661779e-08,8.712000696807782e-09,6445.3125,23.4375,22078.125,46.875,6883.805814821211,35.08501700720808,11678.047184624626,150.32882738390254,5.366665572115446,0.024580925007813725,6.756040733281483,1.8968734363508508,0.016260352916666866,5.5006249999989265e-05,2.200524015133006,0.4573653139647784,0.012440624999999983,0.003512291666666556,-2.3430331748860073e-17,5.817106056108893e-17,0.02100000000000002,0.0039999999999998925,0.0018405335728358518,3.1131286018889126e-06,0.20110625893710765,0.04421688175787859,0.0018405335728358513,3.1131286018889126e-06,0.41102312981871225,0.0005209418628881191,6.410899641991685e-05,1.7574920883023948e-06,3.8689062084278685e-05,2.229163861164016e-06,6.8084379722258e-05,1.360734623974615e-06,4.251194193455204e-05,9.447868110825107e-07,7.764018092274474e-05,1.1243637775702395e-08,4.572497536299028e-05,1.1266334686152968e-06,9.519889749656958e-05,8.119744224164427e-07,9.953122706990711e-05,2.4544800750551086e-06,5.978133988553057e-05,3.6424149559868215e-06,3.1068972089534513e-05,2.46032514644711e-06,7.623117802194791e-05,5.788475703890361e-07,6.494435467648768e-05,1.3657582586449577e-06,0.0005648863311390832,4.281983193384477e-05,0.0005915927699783327,2.4904376285245764e-05,0.002804731476289064,2.750582911154975e-05,0.005465966354877817,3.7546556825230736e-05,0.00694519595591205,6.257611755541327e-05,6.954259804128856e-08,4.085855116149649e-09,9.311547400665938e-07,9.759631270240979e-09,3.2910827764532953e-07,4.553405083732477e-09,1.3187701314580038e-06,2.1971947372822345e-08,1.044627660795176e-07,1.1895414223423953e-09,6421.875,46.875,22054.6875,23.4375,6988.074120159192,11.34042391617595,11624.010663869874,17.198670479880093,5.361431143289272,0.024374927555056658,6.229668101107982,0.8079064745662352,0.01626938739583353,3.547072916668462e-05,1.942314981157959,0.009187948917585231,0.011470729166666693,0.0014998958333334311,2.0261570199409106e-17,4.1309548374594365e-17,0.020499999999999963,0.0015000000000000568,0.0018410463545661757,2.0069389411981556e-06,0.16091008214391547,0.07676290103255307,0.0018410463545661757,2.006938941198264e-06,0.41373202750573035,0.0036465930402167224,8.156474612306162e-05,7.058387852857225e-07,5.4272896984707605e-05,8.941064617394776e-07,6.849134358306555e-05,5.729940493083557e-07,4.226510917693392e-05,5.374175163200147e-07,7.845545306870344e-05,6.078939744547077e-07,4.716124935814063e-05,7.609733797762457e-07,9.393203655552751e-05,4.151808314814098e-08,9.566301404545605e-05,1.951262613626756e-06,6.143444411072264e-05,6.892835863156374e-07,3.366265219815861e-05,6.27888686581429e-07,7.70049984902971e-05,1.9745847955556813e-07,6.36288776796722e-05,2.135448754381981e-07,0.0006828375670656782,1.4464346900964445e-05,0.000651712094745372,3.199467716959365e-05,0.00280358245701044,4.0373687510428594e-07,0.005317326724146233,0.00016836218516365353,0.0068529890136366034,0.00013140504527073358
bad/裂纹蛋8.xlsx,1,4.564298452634577e-08,1.09379611487611e-08,9.223581620333369e-07,2.8865025972069647e-08,3.4738975772455776e-07,1.1595014767342225e-08,1.401749706030177e-06,8.448253490936406e-08,9.682739872549944e-08,1.2367237696715377e-08,6468.75,0.0,22078.125,0.0,6909.514595268972,49.046427923226474,11655.653558803166,27.581092631640786,5.37741745063082,0.008088087524135368,5.789433663929453,0.2044229144708658,0.015733011458333532,0.0005051366666666661,1.6188843595733493,0.0676219376299878,0.010486041666666557,0.0005383333333335294,-1.9181415715034216e-16,6.279698983036042e-17,0.018999999999999906,0.0,0.0018102115341563079,2.9067543646108624e-05,0.11531094964964671,0.058523353073358715,0.0018102115341563079,2.9067543646108624e-05,0.4103979995832465,0.01052302563033966,6.935500325003642e-05,3.159072238852129e-06,4.170116252572008e-05,8.977436722898177e-06,6.616668242686758e-05,8.306801286411136e-08,4.1187966096527956e-05,8.867400184440802e-07,7.754812059004312e-05,1.5768032863990475e-06,4.686727197263842e-05,1.2805356376000782e-06,9.407029749349858e-05,2.953338846375326e-06,9.779442674770206e-05,3.4192871759447833e-06,5.8056467738427195e-05,3.3769961039584415e-06,3.314018488732951e-05,2.1196412599983434e-06,7.467488585374414e-05,1.3592904757755655e-06,6.367354628834016e-05,2.522502920743178e-06,0.0006506209029836822,3.9291038033116967e-05,0.0005899843615075468,3.416559741029968e-05,0.0027770303569901993,0.00012386797163145905,0.00533587315350547,7.070279115550153e-05,0.0065104336397330135,0.0001885015616545577,6.559342701062735e-08,7.600458421629733e-09,9.290946757757938e-07,3.564814518116412e-08,3.141476804999648e-07,3.078301116759127e-09,1.340837231480651e-06,3.662303714275398e-08,1.0050258467823115e-07,7.084645652876945e-09,6445.3125,23.4375,21960.9375,23.4375,6909.413608545164,47.43623151178508,11481.445692422374,71.56116347619991,5.380188913925604,0.017866225289983717,7.3690642632603565,0.7895532325298378,0.016089958333333553,3.017166666667917e-05,2.044826418303386,0.28407536572732095,0.013490416666666616,0.0014329166666665616,-1.0227929614359254e-16,1.1763738131757388e-16,0.02300000000000002,0.0010000000000000009,0.0018308663812607738,1.7166091292154058e-06,0.10900196358383032,0.08230690232819637,0.0018308663812607736,1.7166091292155142e-06,0.42675557407793285,0.010210460512606795,7.970846620015445e-05,9.194346781555532e-07,5.708789442485237e-05,5.805046867170849e-06,6.832535978773953e-05,1.0829843636034946e-06,4.188186799375558e-05,1.3192043582897462e-06,7.497958936964087e-05,6.174738740923074e-07,4.243451433138852e-05,8.151437987820705e-07,9.446397588794351e-05,1.0340455008876008e-06,9.650232631248454e-05,2.2543634499248556e-07,5.889806321974579e-05,3.204685900575952e-07,3.550911283191714e-05,2.402784221545316e-06,7.5857182161117e-05,3.53243155224879e-07,6.278588104557993e-05,8.171326733398462e-08,0.0007226311768285372,8.462806956325197e-05,0.0006236639486259977,6.592330225190543e-06,0.002690236183094353,0.00015699364372667246,0.005478132590951778,6.001644812056537e-05,0.006689639050846159,0.00010363031776888278
bad/裂纹蛋9.xlsx,1,6.188230972729499e-08,1.1893880093606036e-09,1.0014082373084563e-06,9.214856336953508e-08,3.274336099861714e-07,1.7460487390329582e-08,1.3301064591700872e-06,1.492641303225311e-07,8.741476130291666e-08,1.508086077300902e-08,6421.875,0.0,22078.125,46.875,6922.8924225538485,16.355454650437878,11854.598927379826,81.13126629288945,5.412732566231846,0.009035639196002698,10.705773974208714,5.274293523584108,0.01655114322916687,0.0003995965625000122,8.371927450140937,6.607532122498611,0.019996562500000148,0.010033229166666824,-8.770761894538737e-17,1.301273903446069e-16,0.029000000000000026,0.01000000000000012,0.0018567854726367107,2.241758272051534e-05,-0.3360822833925929,0.40377933706857005,0.0018567854726367107,2.241758272051534e-05,0.41633673682017086,0.006251302354657207,8.089881313367976e-05,2.1536808720076236e-06,4.714335246367682e-05,1.8715193986440348e-06,6.938221398421868e-05,8.368833326790465e-07,4.493909494705381e-05,5.669078515513857e-07,7.592966961203506e-05,6.652437989206484e-07,4.2796810793139084e-05,2.2578060252429375e-06,9.346690305980517e-05,1.5415369842681858e-06,0.00010075548016187476,7.293206300123604e-07,5.766525876572812e-05,2.9228877264223774e-06,3.1765212312215936e-05,7.380017437163252e-07,7.67370544974089e-05,5.927792806385035e-07,6.637019288329983e-05,3.248019421431023e-07,0.0006454899047947647,5.652952591373795e-05,0.0005749220005344907,1.710237789569755e-05,0.0027778902030866125,9.849311405680725e-05,0.005473610426344414,0.00023922557700520927,0.007159571943402627,4.713159928158763e-05,1.5129207723317014e-07,3.651731837339306e-09,9.598469349162371e-07,7.564126538181592e-08,3.176333014185733e-07,5.535139206459203e-09,1.34955330002245e-06,3.776998671451597e-08,1.3889479335425927e-07,1.2955892825568595e-08,6421.875,0.0,21984.375,0.0,7108.912417382713,66.00848269411017,11188.481198381807,124.60562861594735,5.421116555267993,0.027865473799725038,9.096361509816097,0.5500261763069894,0.016730061458333535,3.978666666666804e-05,2.924617122548997,0.11178870386978712,0.016981041666666585,0.0010066666666667112,-3.712308238590367e-17,4.3275568314034746e-17,0.025499999999999967,0.000500000000000056,0.0018669291744506837,2.219925908900143e-06,0.26660108537161664,0.002158744515734279,0.0018669291744506837,2.2199259089002513e-06,0.4027922483850802,0.0016670139612419144,9.083431494895608e-05,6.525396755037681e-06,0.00010121599251579183,3.818106713449488e-07,7.007839313891427e-05,1.8711860342421997e-06,4.210129888386226e-05,1.0209204549703107e-06,7.471693178944054e-05,1.0074015225885262e-06,4.298920375310512e-05,1.0048715565785447e-06,9.41333585561084e-05,3.763101633172484e-07,9.648332384112174e-05,2.5527253266716614e-07,6.304032412224068e-05,5.773878315095005e-06,4.230468644378939e-05,3.4733514153520575e-08,7.715506581535553e-05,6.809506104771084e-08,6.458534476763613e-05,3.1508411094513706e-07,0.0011341656849906219,6.383451256936578e-05,0.0006072432087437557,8.648016886578984e-06,0.002816118919285125,0.0001911405222073813,0.00532023776751622,0.0001535582646674796,0.0069708173722348495,9.736500812570397e-05
