id,y,small__small_f_bp_0_500__meanch,small__small_f_bp_0_500__stdch,small__small_f_bp_10000_20000__meanch,small__small_f_bp_10000_20000__stdch,small__small_f_bp_2000_5000__meanch,small__small_f_bp_2000_5000__stdch,small__small_f_bp_5000_10000__meanch,small__small_f_bp_5000_10000__stdch,small__small_f_bp_500_2000__meanch,small__small_f_bp_500_2000__stdch,small__small_f_f_dom__meanch,small__small_f_f_dom__stdch,small__small_f_rolloff_85__meanch,small__small_f_rolloff_85__stdch,small__small_f_spec_bw__meanch,small__small_f_spec_bw__stdch,small__small_f_spec_centroid__meanch,small__small_f_spec_centroid__stdch,small__small_f_spec_entropy__meanch,small__small_f_spec_entropy__stdch,small__small_t_crest__meanch,small__small_t_crest__stdch,small__small_t_energy__meanch,small__small_t_energy__stdch,small__small_t_kurt__meanch,small__small_t_kurt__stdch,small__small_t_maxabs__meanch,small__small_t_maxabs__stdch,small__small_t_mean__meanch,small__small_t_mean__stdch,small__small_t_ptp__meanch,small__small_t_ptp__stdch,small__small_t_rms__meanch,small__small_t_rms__stdch,small__small_t_skew__meanch,small__small_t_skew__stdch,small__small_t_std__meanch,small__small_t_std__stdch,small__small_t_zcr__meanch,small__small_t_zcr__stdch,small__small_tf_stft_0_500_mean__meanch,small__small_tf_stft_0_500_mean__stdch,small__small_tf_stft_0_500_std__meanch,small__small_tf_stft_0_500_std__stdch,small__small_tf_stft_10000_20000_mean__meanch,small__small_tf_stft_10000_20000_mean__stdch,small__small_tf_stft_10000_20000_std__meanch,small__small_tf_stft_10000_20000_std__stdch,small__small_tf_stft_2000_5000_mean__meanch,small__small_tf_stft_2000_5000_mean__stdch,small__small_tf_stft_2000_5000_std__meanch,small__small_tf_stft_2000_5000_std__stdch,small__small_tf_stft_5000_10000_mean__meanch,small__small_tf_stft_5000_10000_mean__stdch,small__small_tf_stft_5000_10000_std__meanch,small__small_tf_stft_5000_10000_std__stdch,small__small_tf_stft_500_2000_mean__meanch,small__small_tf_stft_500_2000_mean__stdch,small__small_tf_stft_500_2000_std__meanch,small__small_tf_stft_500_2000_std__stdch,small__small_tf_stft_mag_mean__meanch,small__small_tf_stft_mag_mean__stdch,small__small_tf_stft_mag_std__meanch,small__small_tf_stft_mag_std__stdch,small__small_w_wav_E_L0__meanch,small__small_w_wav_E_L0__stdch,small__small_w_wav_E_L1__meanch,small__small_w_wav_E_L1__stdch,small__small_w_wav_E_L2__meanch,small__small_w_wav_E_L2__stdch,small__small_w_wav_E_L3__meanch,small__small_w_wav_E_L3__stdch,small__small_w_wav_E_L4__meanch,small__small_w_wav_E_L4__stdch
good/蛋1.xlsx,0,6.964956536311884e-08,4.717187563962284e-10,7.016108156735365e-07,8.61849835441244e-09,2.532146696221923e-07,1.3681483285798267e-09,1.0090613063934274e-06,2.6114399204671836e-09,8.557639401032655e-08,4.394614932265217e-09,6445.3125,23.4375,21023.4375,117.1875,6865.809187531822,41.522662591220524,11053.404292930305,41.96587020630068,5.459340161356501,0.016675098184371517,9.119565812678786,0.24950392075814154,0.012641789895833479,0.00013130989583334633,2.7668499098547192,0.2165415845509111,0.014801770833333339,0.0004817708333334503,-2.151057110211241e-17,6.106226635438361e-17,0.022500000000000075,0.000500000000000056,0.001622847863880032,8.428463600157932e-06,-0.04284303058367347,0.06624860543681554,0.001622847863880032,8.428463600157932e-06,0.39664513440300064,0.0009376953531985699,8.266649789053643e-05,1.5476232755817846e-06,5.678584995144685e-05,3.0848349831172616e-06,6.150290308886436e-05,3.595782791975048e-08,3.641256894144573e-05,6.880494565515191e-07,7.039377338136776e-05,3.920994496535622e-07,4.1095803733820775e-05,1.254448808201041e-06,8.781204788535638e-05,8.477681418455956e-08,8.496735593694619e-05,1.1591398823535372e-06,5.66930520949901e-05,2.0950877931422386e-06,3.0268655532454825e-05,6.137179598334315e-07,6.977818613138893e-05,1.417788413716559e-07,5.538101658462874e-05,2.6934607917415514e-07,0.0006083449145552368,6.487015088764989e-07,0.0005344377348252883,5.8027380030854786e-05,0.0022304609750966927,3.6505560570368814e-05,0.004257636856590745,4.611106051270915e-05,0.00506922737089043,0.00013511976011942265
good/蛋10.xlsx,0,8.557565209644585e-08,3.0879971813215504e-08,8.382907937987994e-07,1.1039862535889847e-08,2.741693836199029e-07,6.785847135465893e-09,1.1849134266474575e-06,2.1267019520892457e-08,1.277182454391444e-07,2.292983744151514e-08,6468.75,0.0,21843.75,234.375,6997.153887406428,85.84659950543983,11340.019621678603,249.25037663906824,5.492650216362964,0.023420094732725882,5.065748508216727,0.3158772915217538,0.014758069062500104,0.0001468109374999976,1.896842399082201,0.16042705833028892,0.0088796874999999,0.0005096875000001333,9.358254911736215e-17,7.716050021144837e-17,0.01650000000000007,0.000500000000000056,0.0017534313942279868,8.721644907194325e-06,-0.3079321591642422,0.03756557139498956,0.0017534313942279868,8.721644907194433e-06,0.42863096478433005,0.0,8.524685121879111e-05,9.141034877540918e-06,6.688397528155788e-05,1.756320310043815e-05,6.559648876725322e-05,2.6509506894251697e-08,3.930725308036905e-05,7.289400429716536e-07,6.984890793554935e-05,1.4771524065707956e-06,4.156655254989344e-05,9.61399661599879e-07,9.414657112373235e-05,4.6608161556231594e-07,9.030857441698817e-05,3.3566925669864663e-07,6.287540147567254e-05,2.7785924803420935e-06,4.130482906802344e-05,7.49994094872206e-06,7.40857916332553e-05,3.7738205782181466e-07,6.004758226260851e-05,7.720433519973582e-07,0.0008501757266747719,0.00020790310167207723,0.0004893231915061312,1.0515067152167402e-05,0.0026490584017623007,5.572070353073409e-05,0.004689843719104282,6.0346685932613844e-05,0.006151855417002,6.175636412891544e-05
good/蛋11.xlsx,0,8.528936177460475e-08,7.095586669675127e-09,8.89398562446125e-07,4.2249624827088085e-08,2.508913917459687e-07,2.9375083856680672e-08,1.306012072231656e-06,2.155738251167992e-08,1.1267372944688683e-07,1.6169813339594066e-09,6445.3125,23.4375,22125.0,46.875,7006.440014303801,21.347567079452347,11656.76530535542,100.9489012897684,5.434966331285301,0.012252762347888524,6.370358049135167,0.34175478177246355,0.014685699895833446,0.00023324677083333065,2.2786786747870087,0.16128626693468195,0.011137604166666759,0.0005092708333332974,6.811680849002262e-17,9.309682654408866e-17,0.020000000000000018,0.001000000000000112,0.001749093437649979,1.3890932357001951e-05,-0.15805611973100286,0.0019324778717762642,0.001749093437649979,1.3890932357001951e-05,0.4267555740779329,0.0031256511773286033,7.702023478787349e-05,2.249244125399046e-06,6.904785399442198e-05,4.903056744116998e-06,6.454747298645545e-05,1.2773551784919115e-06,4.062943248523792e-05,1.1685682181076569e-06,6.635183087525219e-05,4.209665355842294e-06,3.810129082242729e-05,2.706113483192523e-06,9.411464500428834e-05,1.2478755039234109e-06,9.187952341301767e-05,3.6203655711328773e-07,5.704404244834994e-05,7.765073471067369e-07,3.865150671412576e-05,1.3731031164320515e-06,7.246068135456445e-05,1.413603482076372e-06,6.105119692570215e-05,5.279535113698403e-07,0.0008196637651251544,1.8732079584145246e-05,0.0004325644952599459,5.120613161781773e-05,0.0023893591355060558,0.0001222537316436824,0.004963283009763742,2.8947334759583422e-05,0.006198586049521964,1.1517277930231731e-05
good/蛋12.xlsx,0,1.19089141517166e-07,2.2623252623163765e-08,8.203232515925812e-07,7.661189611449873e-09,2.633374349684814e-07,8.089816562354606e-09,1.2536956235898647e-06,7.2353962662274106e-09,1.1988052999775984e-07,5.501719830339448e-09,6468.75,0.0,21984.375,0.0,7047.080820784739,42.34424929202851,11238.744552400944,48.285361970532904,5.476175377806483,0.03042167802389706,8.550929519809575,1.5376908255990647,0.015236933229166773,0.0004929834374999935,3.1849248881954653,0.9946382968370218,0.015188645833333458,0.002492812500000108,9.654314384969591e-17,4.986751752274662e-17,0.024499999999999966,0.0035000000000000586,0.0017814404650361275,2.8826358452123694e-05,-0.008090244098460552,0.014742837402904569,0.0017814404650361272,2.8826358452123586e-05,0.42477599499895813,0.0017712023338195548,8.3060866358782e-05,6.110997109194766e-06,8.816001970149778e-05,7.595598514159787e-06,6.498490458031362e-05,3.81791519028416e-07,3.9568973538152056e-05,1.2865145478420082e-06,7.086112822682545e-05,2.30862662818652e-06,3.90642654912799e-05,2.306033415726154e-06,9.686488901407462e-05,6.140711905457523e-07,9.171329482755524e-05,1.8450972538459746e-06,6.335057580476928e-05,3.5034347384804547e-07,3.8440158262092875e-05,1.3962984321369888e-06,7.458817623597628e-05,1.0108358798101844e-06,6.151550392784608e-05,1.7666370440321359e-06,0.000974900436954123,0.00010019901968036376,0.000530595045396859,1.873930815406914e-05,0.0024556899239559704,0.00014393053168439466,0.005012705564819777,0.00010988757432034034,0.006328330858073816,0.000163039902845343
good/蛋13.xlsx,0,1.8744624293855623e-07,2.5878898817386176e-08,1.0764499503057693e-06,1.355415327447785e-07,3.4458977410438264e-07,8.442399603488778e-08,1.449417716113136e-06,9.755717295743649e-09,1.7727873977665678e-07,3.2644717025537664e-08,6445.3125,23.4375,21492.1875,632.8125,7112.521710121739,31.93035351335493,11064.122081516514,217.7573690531699,5.531830853003673,0.16568271552729374,18.971019082220714,12.246275845215703,0.01784016239583344,0.0018600823958333478,100.39556640949681,97.71498088920133,0.03775635416666656,0.02548635416666678,1.2402116370916854e-16,3.608224830031759e-17,0.04700000000000004,0.026000000000000134,0.0019252459318139304,0.00010064095173376183,-3.303257943587707,3.1229264172363327,0.0019252459318139304,0.00010064095173376183,0.4224838508022505,0.0051052302563033836,9.507650017693281e-05,2.9144506793611263e-06,0.00011104634224256657,4.561811995241478e-06,6.957797677252578e-05,2.9327811914356546e-06,4.554603212915966e-05,3.552331224775349e-06,7.507865229595818e-05,5.991741399044192e-06,4.399995398138343e-05,3.6125903624229984e-06,9.909429352047475e-05,3.3400835882535726e-06,9.816142844841395e-05,1.662238505992556e-06,6.785240686717298e-05,4.100006732292639e-06,5.0761879687914835e-05,3.213112422238732e-06,7.836192963635584e-05,3.384993225983928e-06,6.800890992508885e-05,2.677158276466052e-06,0.0013168303394336185,0.00014818184187247467,0.00076691017987479,0.00026816293516076584,0.0026776806991240226,8.755952369688368e-06,0.005853525236805211,0.0005523931353060992,0.007279929195944878,0.0008668991980293563
good/蛋14.xlsx,0,1.448881425015928e-07,1.70633308553377e-08,8.171904601994994e-07,1.94115160939398e-08,2.60243262927787e-07,1.6907914061761368e-08,1.2972488842426302e-06,4.9615480019372866e-08,1.2907777724418784e-07,2.2418243576190957e-08,6468.75,0.0,21421.875,328.125,7000.024395950493,5.081015398303862,10908.779691921149,113.76405663527294,5.47791285447212,0.011367831676873053,8.656869048917443,0.0021655416533130634,0.01586867291666677,2.608625000000142e-05,2.6442531280582267,0.06121351422142274,0.01574020833333334,1.6875000000027285e-05,-7.857140863857619e-17,2.731611233504812e-17,0.02400000000000002,0.0,0.001818233013347618,1.4944826589253016e-06,-0.016500069471763544,0.03337327740587437,0.001818233013347618,1.4944826589253016e-06,0.42831839966659724,0.00802250468847679,8.9157706841831e-05,3.595871814114663e-06,9.615538537780758e-05,5.383279321684034e-06,6.616205016487413e-05,5.827041797392882e-07,4.1319443042829564e-05,1.2803341036656535e-06,6.815010073521591e-05,4.7075306093668227e-07,4.0192195956162644e-05,2.9053209359181238e-06,9.91347483044386e-05,6.968771255504359e-07,9.673636392506458e-05,6.682304274951943e-07,6.356453183784449e-05,3.389519340556587e-06,4.266032186399772e-05,5.566643561322083e-06,7.521954504096867e-05,3.2656457580212104e-08,6.510130236420747e-05,4.888101569310835e-08,0.0010380610771536644,0.00015443328784901057,0.0005140817175635919,1.3922711931863539e-05,0.0026889263202213736,0.0001440160426600394,0.0052795597804979905,5.297832620308404e-05,0.006378123392807964,0.00010525378732986887
good/蛋15.xlsx,0,1.087637113006866e-07,4.079267496481965e-09,9.643923115344327e-07,1.753916520606528e-07,3.4222435420204655e-07,7.034694480452457e-08,1.399532886314383e-06,9.304672422300618e-08,1.5245663295739085e-07,3.0230166392190317e-08,6492.1875,23.4375,21257.8125,70.3125,6930.26059034689,6.157759850198545,11024.344148632605,174.19189788556196,5.559667657958895,0.11513469381579178,17.138078134276103,11.46404080674597,0.017087534895833416,0.0014540148958333433,70.95621819998107,69.13813957914289,0.03322739583333334,0.022987395833333313,-4.78089789979208e-17,4.1517715191711584e-17,0.04200000000000004,0.02400000000000002,0.0018850589840409145,8.034755743184345e-05,-2.5809268096316824,2.3556316394116257,0.0018850589840409145,8.034755743184345e-05,0.41883725776203373,0.008960200041675331,8.436108969255192e-05,9.7883685132219e-07,7.829584524333543e-05,6.291277302901742e-06,6.761657399674739e-05,2.6024212825249374e-06,4.220760046953389e-05,3.0057226425060247e-06,7.611176340473712e-05,4.0125011135249176e-06,4.451059771885002e-05,3.0074452162122316e-06,9.949124295614153e-05,1.582286057489673e-06,9.700142210258806e-05,2.441783892440555e-06,6.711031522317764e-05,3.124742501440993e-06,4.42186016026684e-05,3.6902495896979798e-06,7.740529346610258e-05,2.5299216789601315e-06,6.447975681953723e-05,5.288481208712005e-07,0.0010009291696713336,5.807427538359795e-05,0.0007512985842329922,0.00017866471206477708,0.002799216029586214,3.9907564589164316e-05,0.005595708170555901,0.0005529136169118553,0.007037804934238125,0.0006953322617557238
good/蛋16.xlsx,0,1.5210000804683835e-07,1.3358818377561147e-08,9.02998639913739e-07,3.343377285063821e-08,3.0254476805033275e-07,2.061358579275569e-08,1.3792305750294972e-06,2.1505315819914378e-09,1.4251949297790099e-07,9.075388668377815e-09,6468.75,0.0,21960.9375,164.0625,7087.636324103141,40.9018703984425,11173.21269608332,63.255896844125346,5.412275459840608,0.03427073268505598,7.633707349936134,0.6027190927567121,0.01568192989583342,0.00018875989583333128,2.7451498042170197,0.18869755960593793,0.013791145833333185,0.001006354166666612,-1.2020477206201956e-16,5.581183663376048e-17,0.02300000000000002,0.0010000000000000009,0.0018074707155336575,1.0878455169604237e-05,-0.1810934167718148,0.09799449384220013,0.0018074707155336575,1.0878455169604237e-05,0.4265471973327777,0.000625130235465704,8.676605637253514e-05,4.803804771313644e-06,9.984741399771261e-05,1.0024045442126676e-05,6.599810981266078e-05,1.4769620030641068e-06,4.056765356317495e-05,2.6152782008720084e-08,7.321492141637855e-05,2.500193045245025e-06,4.21619115517596e-05,9.762863693107369e-07,9.448302971091782e-05,8.621844904178899e-07,9.476627696059734e-05,8.317437692878708e-07,6.582112445523502e-05,8.837197328882696e-07,4.5508362361175386e-05,5.816934088548914e-06,7.479025307490216e-05,4.816567166383089e-07,6.361484223312396e-05,4.177097479377622e-07,0.0011477600112596404,6.992361849010652e-05,0.0005591010639353384,1.216669513129609e-05,0.00264812278417162,8.856290087941917e-05,0.00507045167045044,0.00010469817063222262,0.006312769915337257,0.00012613208833570826
good/蛋17.xlsx,0,1.0160753246199967e-07,6.939375165885861e-09,7.834212964817514e-07,1.6716088206042303e-08,2.6492473125806804e-07,8.53286629112597e-09,1.258352717553309e-06,2.7592909183624317e-08,1.532933448973895e-07,1.6972837914987932e-09,6468.75,0.0,21984.375,46.875,7065.933138484726,18.90790867015994,11056.541780250554,168.8032793008124,5.453447431762788,0.011934337788654048,6.09576815301478,0.13408439034952835,0.015691169166666758,0.00011369000000000743,2.070708990764511,0.12263693019241106,0.011020416666666755,0.00020250000000010537,-6.490178764787894e-17,7.799316747991725e-17,0.020000000000000018,0.0009999999999998899,0.001808023969086804,6.550083702328187e-06,-0.2619353285136347,0.053482057144041986,0.001808023969086804,6.550083702328187e-06,0.4230047926651386,0.0027088976870181525,8.631495025838312e-05,7.148419975184614e-07,7.146650571595434e-05,3.7281873903852343e-06,6.432886295391701e-05,4.278586550421774e-07,4.2104497821972436e-05,7.806652455880738e-07,6.9988456492712e-05,1.1151048442593783e-06,4.0868529975863e-05,2.2343061015344523e-07,9.725904426476726e-05,1.0292907876950974e-06,9.513963914857815e-05,1.4381493697392832e-06,6.56578167692509e-05,2.2431272403429351e-07,4.7476235254260785e-05,1.0576154683554799e-07,7.458739435781815e-05,5.613650265192077e-07,6.47771650856486e-05,1.1775025430762302e-06,0.0010055052708941876,6.433155894301963e-05,0.0005800474629856346,3.0324103858277043e-05,0.002596293190218233,5.157366802345845e-05,0.005185773246475082,5.911563372408297e-05,0.006464142857218837,0.0001669402040876413
good/蛋18.xlsx,0,1.127137921510877e-07,2.1684939955937564e-09,8.044874228029167e-07,1.4086807043534053e-08,3.0603088888346504e-07,2.6409314091237876e-09,1.315791490140677e-06,5.347062977247178e-08,1.416823466774309e-07,4.50354817700421e-09,6468.75,0.0,22078.125,0.0,7134.013102322291,28.586757954788027,11182.867853695658,110.8540835413196,5.449410792972731,0.015256678391021072,8.26071872993479,3.158532913700763,0.015822671979166755,0.00012419281249999303,3.662992798692328,1.3226436519404836,0.015020520833333273,0.005793437500000054,8.858654550654894e-17,7.44312019425782e-17,0.024499999999999966,0.00649999999999995,0.0018155823375235298,7.12540050358079e-06,-0.098495659777068,0.16029570547953811,0.0018155823375235298,7.1254005035805736e-06,0.4246718066263805,0.007918316315899149,8.641240076034398e-05,3.71832143073919e-06,8.104670243536126e-05,7.642035092763879e-07,6.370758375734574e-05,7.704879480808404e-07,3.967915850257874e-05,8.077450145664718e-08,7.372516482641382e-05,8.810370829544242e-07,4.434378712067149e-05,6.888311680963014e-07,9.652700711003956e-05,9.90664647277864e-07,9.265361568732805e-05,4.4948542573716564e-07,6.3606996163087e-05,3.030675133709927e-07,4.3288557685528355e-05,1.3650318924973317e-06,7.483791882927491e-05,6.358349087226596e-07,6.283596891984368e-05,1.637894036273031e-07,0.001022659184561079,9.979866768297684e-05,0.0005871210013931782,6.370547277230481e-05,0.002712485727025678,3.6732082237368e-05,0.005203899524199043,5.3780175323865035e-05,0.006453500028991376,4.358006100871337e-05
good/蛋19.xlsx,0,6.293226570705459e-08,3.0469269983140874e-09,7.909901313436689e-07,1.3801845197079897e-08,2.923097272565119e-07,4.1434365131992164e-09,1.2697382504021648e-06,7.141522137689929e-09,1.0565632528503109e-07,4.38783053785825e-09,6468.75,0.0,22101.5625,23.4375,6991.943084916613,5.580577629113122,11429.913020843695,53.38866481933019,5.414893751588368,0.021374265737511777,6.166288756168882,0.4114599574570095,0.015259561250000088,0.00015823124999999813,2.169939940796535,0.09860588333309561,0.01099812499999997,0.0007906250000000448,-2.5743296383495814e-17,4.045375145977914e-17,0.019000000000000017,0.0010000000000000009,0.0017829721821662928,9.244351672931818e-06,-0.20129172260035877,0.10006310267424338,0.0017829721821662928,9.244351672931818e-06,0.42727651594082106,0.0015628255886643017,7.820977340954483e-05,7.102255366320796e-07,5.024340896129197e-05,1.7482939234140034e-06,6.429819096525351e-05,1.267830156836177e-06,3.974340123355295e-05,1.3190479691507044e-07,7.226127941471144e-05,6.843596388013331e-07,4.045641172771554e-05,1.9413084726138268e-07,9.65596520352361e-05,1.2673564369455038e-06,9.498790524960435e-05,3.7423931876277123e-07,6.137742484331922e-05,2.2198036192882784e-06,3.367138293540144e-05,6.643942158374427e-07,7.451913365855033e-05,1.0482322650768759e-06,6.215433736092013e-05,8.730967026625503e-07,0.0006271720704129148,3.301730532835796e-05,0.0005864328814173916,1.5229392501950984e-05,0.0025597921497925507,7.920745681779125e-05,0.005078789298915875,8.228309297805348e-05,0.006458433162544561,0.00017194780328497758
good/蛋2.xlsx,0,4.989042704395612e-08,5.952119928068421e-09,7.815576753553582e-07,3.9295320344558185e-08,2.774514325348005e-07,1.1872444681588498e-08,1.212795314179586e-06,3.0392014944283126e-08,8.469350969747591e-08,6.202859680849521e-09,6421.875,0.0,22125.0,93.75,6964.398787379025,0.8291273270197053,11662.320540844888,262.33766637437293,5.426123416679602,0.011360390775567275,5.273499166107147,0.30633032453063924,0.014253778958333461,0.0001077041666666511,2.16387199554365,0.35626255354675207,0.009085416666666513,0.0004935416666667081,1.4897805211688819e-16,1.4594806844551538e-17,0.017000000000000015,0.0010000000000000009,0.0017232222419860817,6.510584505249585e-06,-0.2046362354633658,0.03853495660299515,0.0017232222419860817,6.510584505249585e-06,0.41321108564284226,0.00937695353198581,7.141615119548802e-05,1.0282449576625027e-06,4.834629024331532e-05,3.381746057761868e-07,6.194931410292329e-05,2.614865793358406e-07,3.8732666242168566e-05,3.3894070869831187e-07,6.97445103732231e-05,1.669575228115534e-06,3.91091324294863e-05,5.861966283517173e-07,9.230371242297536e-05,1.16446125912032e-06,9.178457365103377e-05,1.6486190386153394e-06,5.682792726218541e-05,1.9912045070479624e-06,3.1233322304118484e-05,2.5245140579654844e-07,7.153484123355162e-05,7.513579294069048e-07,5.983486875976844e-05,7.911093782069309e-07,0.0005931276797018371,4.282535760303618e-05,0.00045065322642221325,2.9864341816257154e-05,0.002428806634004855,0.0001307950228030064,0.004913583942793343,3.911403285437615e-05,0.005959020914192208,5.215111417092733e-05
good/蛋20.xlsx,0,7.283974092880412e-08,1.2806646529429258e-08,8.089333037113139e-07,4.644437268794154e-08,2.721368533251993e-07,1.6859024523130605e-08,1.2660992039290014e-06,1.2055647780317236e-07,1.0002431953056245e-07,7.036621311184771e-09,6468.75,0.0,21398.4375,726.5625,6922.687823942753,138.57747191712178,11340.856881482561,274.75606750376573,5.433462531655448,0.0012256109854735797,6.448778888972246,0.8156032114863438,0.013838081562500066,0.001082048437500001,1.8868222541085689,0.8355130408872129,0.010995312499999965,0.0018121874999998955,-6.550315845288423e-17,4.5102810375396984e-17,0.019500000000000073,0.0024999999999999467,0.0016966202208488809,6.64340655151779e-05,-0.20585446358387122,0.03843414200344682,0.001696620220848881,6.643406551517801e-05,0.4313398624713482,0.0008335069806209572,8.120896158559686e-05,7.668084921088846e-06,5.912068193862944e-05,4.9926675587721145e-06,6.234499318403288e-05,1.0284114869227396e-06,3.782788091592227e-05,2.323220714127169e-06,6.854682527981088e-05,1.4016067008024193e-06,4.09889193713143e-05,1.2747545923421078e-06,9.104492440075167e-05,3.1038724720244506e-06,9.174795205207678e-05,4.9368243774392185e-06,5.8699950649936214e-05,8.913075745020296e-07,3.389506782170447e-05,2.53938369357352e-06,7.086386970913167e-05,2.2579617465818915e-06,5.8999810738614103e-05,4.503188867310613e-06,0.000778899314073893,0.00011878255562206404,0.0005020479167027388,2.591621859462286e-05,0.002430880795818738,9.087558411236853e-05,0.00477008998151805,0.0003118686453220743,0.00548998762540925,0.0005857235079764385
good/蛋21.xlsx,0,9.139090821960234e-08,1.1817336794864579e-08,9.102263902102358e-07,2.046834467343979e-08,3.229437869768758e-07,7.079803139375865e-09,1.4467022491535402e-06,3.066716202870285e-08,1.3595089868563008e-07,2.346688522032659e-08,6492.1875,23.4375,22125.0,0.0,7079.871185929174,66.52916845978461,11499.392583457462,87.69646681753693,5.4126909910366425,0.03183563618651419,7.8579922031333425,2.4081578202344,0.016089079166666742,0.00023477999999998826,3.1431240721725686,0.9140468415707961,0.014418333333333533,0.004513749999999983,1.7166823518266482e-16,3.501828456838515e-17,0.023500000000000076,0.0044999999999999485,0.0018307684300740822,1.3358461724735475e-05,-0.10891288079132537,0.1309941283442896,0.0018307684300740822,1.3358461724735258e-05,0.42883934152948533,0.0012502604709314358,8.19641622432961e-05,5.302584284855515e-06,6.625548311600424e-05,4.696249661387637e-06,6.615887963740716e-05,5.902873198201231e-07,4.100152668854745e-05,1.034191551926143e-06,7.333900266810197e-05,1.723081679130531e-06,4.3735364398631265e-05,1.3294822414171891e-06,9.713335266296242e-05,6.022684635207946e-07,9.72980572397573e-05,7.283853022756914e-07,6.031758678131388e-05,5.595810435872162e-06,4.4912039670467384e-05,5.903861119499902e-06,7.597308402380133e-05,8.7750854033848e-07,6.428697858858895e-05,4.390393058634892e-07,0.0009741806727361045,0.00020138476010479744,0.0005558359042338635,3.8250923873072156e-05,0.0026107514771315883,8.662812908461566e-05,0.005325179322233101,7.619506740073846e-05,0.00667307834191668,3.2551316482237573e-06
good/蛋22.xlsx,0,2.5362133380341696e-06,1.8636351985266938e-06,8.461105121300867e-07,4.554845650680908e-08,4.0926248058850674e-07,6.651234809335092e-08,1.3181402124645587e-06,2.8899860384846213e-08,2.036325571065537e-06,1.0514838763028517e-06,3398.4375,3023.4375,13335.9375,5039.0625,6960.322352489036,595.6737179782508,5698.038373291163,1893.0657696792182,4.744641309173906,0.44012366053352414,10.036483554382727,0.10755336495921153,0.033073933229166755,0.011465266562499993,19.35895384291941,8.517065237767843,0.025983437499999984,0.004916770833333195,-1.0163166604589454e-16,3.867276869110961e-17,0.0495000000000001,0.010499999999999954,0.0025839454860817866,0.00046219961167656546,-0.36556467642618273,0.04926611810943099,0.002583945486081786,0.0004621996116765657,0.41050218795582416,0.009793707022296289,0.0002147262565060163,7.20144987378669e-05,0.00042305990354635757,0.0001767401194434439,6.481173432537474e-05,1.6334587786834487e-06,3.876909400569226e-05,1.2232032927646565e-06,7.765653959078682e-05,3.336525875450597e-06,5.3802506283526236e-05,3.8479682888480845e-06,9.410715382472738e-05,2.21699613674619e-06,9.231461814194946e-05,4.3815986423503426e-07,0.00011699885732920185,2.2121913674510752e-05,0.00022646048538837223,6.497360547696974e-05,8.11599268103575e-05,3.2439560375290325e-06,0.00010911522478544505,2.68553719721759e-05,0.017906767636531994,0.011549268621025427,0.0010920619573966013,8.435461677457577e-05,0.0029354039143441096,0.00035587778424009896,0.005043551739909327,7.164223506546559e-05,0.006205872029528431,0.00017284115231010677
good/蛋23.xlsx,0,3.171730285638058e-07,1.0194518440045654e-07,1.019042116988396e-06,2.2987500420750785e-07,3.411883677126521e-07,4.3603374032729807e-08,1.4318531170792284e-06,1.8054653285993573e-07,2.9221604113599775e-07,6.063397010801495e-08,6468.75,0.0,21375.0,703.125,7406.708745338977,162.11443089047225,10360.052556608596,908.4542032701947,5.470019438238032,0.11214062178120887,17.910446609277646,11.195656542936224,0.01876284291666675,0.0009968562499999955,76.58950321386797,73.86201948536507,0.03598645833333336,0.023068124999999995,6.58501031480796e-17,5.0191332571595576e-18,0.044499999999999984,0.023500000000000076,0.00197640208656189,5.2539507731935806e-05,-2.656455343381248,2.7236139772313166,0.00197640208656189,5.2539507731935915e-05,0.4178995624088352,0.005730360491769115,0.00011330973723958094,9.757969920238968e-06,0.00014706838034018278,2.906202385363148e-05,6.85889504378716e-05,4.007910311503624e-06,4.3704748997645075e-05,4.028842541964534e-06,7.638788865206375e-05,2.636390842586282e-06,4.398575351736144e-05,2.2673295113828236e-06,9.785371323971946e-05,3.3782614946860736e-06,9.711708635352234e-05,2.939370719691734e-06,7.507122767596483e-05,1.72016648582658e-06,6.749881504557247e-05,1.0030613466539643e-05,7.896108630737385e-05,2.923123831893794e-06,7.018124002285462e-05,5.988378814606281e-07,0.0022698534686656203,0.0007740684590349412,0.0008190609160723423,0.00017247929183018053,0.0028275660806667746,0.00017621609152027994,0.0056372286237448156,0.000524048676661901,0.007250634241631778,0.0008910913317568842
good/蛋24.xlsx,0,2.4292862453137554e-07,9.698374527757044e-08,8.584670153101907e-07,5.490071073413185e-08,2.7732975275032027e-07,7.691398548519452e-09,1.2999955039746666e-06,7.811996973454079e-08,2.0040114218894106e-07,4.763612884331076e-08,6539.0625,23.4375,21679.6875,445.3125,7310.982124453485,145.96290229946817,10674.464778004301,589.5766222147286,5.3973861753610475,0.012970065376897821,5.408034494466175,0.18796127573488342,0.016494863645833416,0.0008316311458333552,1.8147086712400937,0.04654427244811066,0.010013229166666693,9.552083333319583e-05,6.622017748962131e-17,1.7601660869578002e-17,0.019000000000000017,1.1102230246251565e-16,0.0018531715364110144,4.6745939410127e-05,-0.1699507494566962,0.032565681117540934,0.0018531715364110144,4.674593941012679e-05,0.42696395082308813,0.006668055844967713,0.00010658224442213831,1.6337695410780897e-05,0.00012329195726021064,2.7199592261039035e-05,6.651000607702523e-05,9.290624246515049e-07,4.0766121254066055e-05,3.114045002284489e-08,7.067847183670833e-05,1.6610444948712578e-06,4.072780069113163e-05,1.1890931176914056e-06,9.453682292799482e-05,7.942265502703982e-07,9.651588674976878e-05,1.219038553773038e-07,6.611079508122681e-05,4.374803607417666e-06,5.847178233135663e-05,9.666585260443067e-06,7.569835579698776e-05,1.9316833660070775e-06,6.692367690117474e-05,2.3601953177805084e-06,0.0017602143550945522,0.000590394247468342,0.0005398466209083922,2.157844206255536e-05,0.002534750449907581,3.50702419581665e-05,0.0052417717694910725,8.5157760232732e-05,0.006505919790386939,0.00017195784268752125
good/蛋25.xlsx,0,1.941809234169592e-07,6.136728601609584e-08,8.45582809720133e-07,4.3132381195704366e-08,3.0265259819231134e-07,1.4747535763920647e-08,1.2819504186812467e-06,5.6467923888814977e-08,2.426772056630817e-07,4.965957507687318e-08,6492.1875,23.4375,21304.6875,726.5625,7240.062222807081,238.96463783237232,10476.382336191644,14.427258832915868,5.40957120792941,0.018501991052492617,5.159803507072354,0.15503885961162167,0.016028957395833418,0.0007413707291666818,1.7779078769710912,0.4088609543003878,0.009433020833333305,0.0005013541666667454,-5.150972241333799e-17,2.3846665383094504e-17,0.01750000000000007,0.0015000000000000568,0.0018269042772524687,4.227157305563471e-05,-0.2375494624770771,0.015638044670046647,0.0018269042772524687,4.227157305563471e-05,0.4211294019587414,0.0037507814127943073,9.989950602576274e-05,6.600676329136607e-06,0.00011659721678863562,2.0905789505596577e-05,6.437992495785159e-05,1.932559013276039e-07,4.080704156123726e-05,4.661357483366932e-07,7.279033556435851e-05,1.3155000637508145e-06,4.343867320439424e-05,8.451698387230579e-07,9.371723379659775e-05,3.0463926851004443e-07,9.580984912011289e-05,3.201161071595554e-07,7.109433320376724e-05,3.9552654617409734e-06,6.518757618807739e-05,6.280292038132959e-06,7.463617614596611e-05,9.856854532338982e-07,6.61584136716205e-05,1.1338925137489666e-06,0.0016287474773362897,0.00046057150321965465,0.0006585905326912315,2.7992313363638815e-05,0.0025715464561015906,0.00012465471516444576,0.005059198044210669,3.2948933722464456e-06,0.00619527369474264,0.00016779166566408422
good/蛋26.xlsx,0,5.562269696580943e-08,1.3113110898813188e-08,8.653424744115466e-07,1.5775417031378228e-08,3.006756422480017e-07,1.9277041406725777e-08,1.3322802715716029e-06,1.1815351231358157e-07,1.4357505604006869e-07,1.005951029532727e-08,6421.875,0.0,22007.8125,117.1875,6992.714336561422,10.761809162939244,11416.481091515014,216.46189831694937,5.444276056965039,0.08151575731020877,4.883074086819606,0.32592643987628955,0.014607257291666745,0.0005797675000000016,1.6465800461306044,0.05009311779135839,0.008505416666666599,0.00039937500000009063,7.366792361314841e-17,2.033095913844818e-17,0.01649999999999996,0.0004999999999999449,0.0017441271830459376,3.4626172049676755e-05,-0.22327250684502747,0.007202369292870867,0.0017441271830459376,3.4626172049676755e-05,0.4260262554698896,0.001771202333819527,7.456364348977116e-05,4.572117779514206e-06,4.7701673328407756e-05,8.961472318190592e-06,6.442498283631211e-05,1.192637526061644e-07,3.918539930143777e-05,2.3856772836989713e-07,7.122463688631996e-05,2.456223258607441e-06,4.072818463039422e-05,1.1605661172461962e-06,9.125723270034876e-05,3.1904072183488528e-06,9.345786429167998e-05,3.4552920821687133e-06,6.298566610653993e-05,1.1014702268042465e-07,4.163322622986183e-05,3.3806459853547617e-06,7.267700877441438e-05,5.073245042640906e-07,6.056435708239663e-05,1.963122542780449e-06,0.0008265991428019297,5.5320533991440454e-05,0.0005368986123891646,4.0547223368436476e-05,0.002467459008261112,0.00020355170082886212,0.004999560252977123,0.00016225279562544995,0.00588891227754163,0.0002822689831591817
good/蛋27.xlsx,0,1.3381454910870605e-07,4.4967471159895994e-08,7.940743600905778e-07,9.27445251919253e-09,2.899899311198614e-07,8.857770587911935e-09,1.2733686888962044e-06,1.0045597922204176e-07,1.3969056350243044e-07,1.306860152410659e-08,6445.3125,23.4375,21515.625,281.25,7026.442968985986,84.1089712795947,10785.804672130927,189.6089027205635,5.432459759598581,0.015067021931305824,5.6493954758478875,1.1178360407726609,0.015089258229166753,0.0002626584375000039,1.916948226667973,0.21463821432154617,0.009998854166666571,0.001894687500000214,1.4051260155412137e-16,1.0456913113188193e-16,0.018500000000000072,0.0025000000000000577,0.0017729515832793996,1.5432036703248633e-05,-0.2441730064122896,0.016789144803550676,0.0017729515832793996,1.5432036703248633e-05,0.4317566159616587,0.0016670139612419421,9.046289368481997e-05,8.62829341300628e-06,9.624545612723941e-05,1.8000081557658078e-05,6.371554788162772e-05,1.0200906298448565e-06,3.941765367899329e-05,1.403373588974084e-06,7.272087061075135e-05,9.907854026350004e-07,4.3224083667776366e-05,1.9032943178914646e-06,9.376432040435797e-05,7.677735576928647e-07,9.364818478161454e-05,3.106485136048122e-08,6.292906117543216e-05,1.7199339174357514e-06,4.56506276608213e-05,3.8618730900863625e-06,7.342685121755964e-05,8.486526056729007e-07,6.269235473196731e-05,1.8592346537550047e-06,0.0010348142594624435,0.00020163480075871234,0.0005693103627643281,5.992929094424462e-06,0.0026227562209121223,1.6810667375286676e-05,0.005085111022055513,8.470057417843142e-05,0.005848125808729707,0.0001698686466688067
good/蛋28.xlsx,0,1.1721385503900408e-07,5.44103947893973e-09,8.392560558329853e-07,3.903786597132126e-09,2.7193518676233023e-07,2.5746365017954317e-09,1.2475607724688934e-06,4.6294179202608314e-08,1.311424918567618e-07,1.7396385338116302e-08,6515.625,0.0,22125.0,0.0,7186.130215114601,42.531348371761396,11560.643493617823,36.62841413092974,5.414817821219893,0.005824567526542257,4.831082971511509,0.2672834394621697,0.014865276666666727,0.0004126399999999971,1.7848649714889704,0.2042031564448803,0.008507500000000001,0.0005883333333333018,1.7000290064572708e-17,6.214935973266241e-17,0.01650000000000007,0.0014999999999999458,0.001759640856620105,2.4427333095626644e-05,-0.30329703596627966,0.011827845357052363,0.001759640856620105,2.4427333095626644e-05,0.4241508647634924,0.002604709314440512,9.262386642992406e-05,1.7701732969246806e-06,7.541181153696968e-05,1.593142100055779e-06,6.283769578791281e-05,7.610881171712626e-07,3.972180885720666e-05,1.6294428773970624e-07,7.011670892804737e-05,4.7067294802299707e-07,4.129336419435016e-05,1.2736598147792257e-06,9.118653845755032e-05,6.619007792825642e-07,9.114089101701473e-05,2.7030382229006926e-07,6.277475595685138e-05,3.6338422976595823e-06,4.525671880641034e-05,3.623238122867828e-06,7.265806634035904e-05,1.0727825945931868e-06,6.181021642310531e-05,2.3600285709591e-08,0.001061884571818145,2.4475386984356383e-05,0.0005906014693938812,1.6739149430999682e-05,0.0023522243356832694,6.914798429495683e-05,0.004751512159459697,3.1255318509359076e-05,0.0062567289195380685,0.0002020963192818758
good/蛋29.xlsx,0,1.6528572066124228e-07,2.8089932311686023e-08,8.771290577948105e-07,1.6210049430080638e-08,2.9403582185088354e-07,5.528986528599459e-09,1.4614653198400263e-06,1.1586393004975656e-07,1.562860231191516e-07,1.904664526145617e-08,6421.875,0.0,22101.5625,23.4375,7191.773604647156,40.600243291450624,11078.539433218022,214.06970695570453,5.350215848020083,0.03966209047499669,7.077960009357373,1.5144126608137651,0.01612001166666672,0.0004753750000000001,2.5263339463950585,0.5507853838363994,0.013010416666666691,0.002966250000000059,-1.4802973661668754e-17,1.2073675392798579e-17,0.02200000000000002,0.0030000000000001137,0.0018323769986427737,2.7024039923740912e-05,-0.23693992336842823,0.08270744701676676,0.0018323769986427739,2.7024039923740804e-05,0.42165034382162947,0.0059387372369243685,0.00010115595051882794,1.104466165577021e-06,0.00010079154299026043,1.2233099285834433e-05,6.469820275303105e-05,2.7690087883933665e-07,4.0251166176184254e-05,2.0159362041380038e-06,7.044360055165585e-05,8.729729731422076e-07,4.188693694898327e-05,9.467468677993777e-07,9.729948704905323e-05,3.4778483889474264e-06,9.917197833709446e-05,3.4030465341624227e-06,6.508805316265273e-05,4.352459251734191e-07,4.811921512590807e-05,4.49408770746126e-06,7.523411400761705e-05,1.0157198318465306e-06,6.565719053462253e-05,1.8672404663468546e-06,0.0012130395384951321,0.00015366032669263466,0.00051280269919051,2.9642988563241546e-05,0.0027650023732200602,4.346096693203872e-05,0.005318855336273999,0.00027453158024920085,0.006363326631155542,0.00029071337853650396
good/蛋3.xlsx,0,5.299702400870779e-08,9.373485022681567e-09,8.592152092860159e-07,4.7457758020875864e-08,2.8868180606358915e-07,7.894417116473947e-09,1.2935288199470362e-06,3.094292397463502e-09,1.0525805547440956e-07,5.505594859613755e-09,6445.3125,23.4375,22148.4375,23.4375,7002.56618061767,30.804455651741137,11733.085633022834,42.2873862523702,5.440172948991459,0.06839257478460947,11.389653150776027,6.394072874170419,0.014657734583333469,0.0004474354166666642,12.199307642257043,10.365958582451716,0.020071458333333347,0.011476041666666714,-1.1171619185290637e-17,1.7647920162270715e-17,0.02849999999999997,0.011500000000000066,0.0017472787911037829,2.667453879717427e-05,-0.7479544904396837,0.573408513818613,0.0017472787911037829,2.667453879717427e-05,0.41727443217336946,0.006772244217545326,7.120054379649974e-05,7.03950997931078e-06,4.63832514217115e-05,3.0147453475626835e-06,6.377922234162639e-05,1.55863034506821e-06,3.831243928926263e-05,3.1104421213910816e-07,7.045492061467522e-05,1.4740413524947651e-06,4.144564701085282e-05,2.669882119341315e-07,9.265871727159324e-05,9.337561270776365e-07,8.991574635247937e-05,2.2095994045086652e-06,6.0035528176242696e-05,9.768552198879516e-07,3.4754380326406544e-05,6.913471138670083e-07,7.264174003410256e-05,1.4021711415961995e-06,5.917027007122079e-05,5.911502909389295e-07,0.0007721792078060959,0.00016309818700657443,0.0005498525202041537,1.9685654809601803e-05,0.0024748785901366043,2.364999972513486e-05,0.004814207237760194,5.605792130768941e-05,0.006203298757756007,0.0003036838424861493
good/蛋30.xlsx,0,1.218042518100164e-07,1.1607479065370208e-08,8.846601695571801e-07,2.4955302493918396e-08,2.9316857185826257e-07,1.3878364586158774e-08,1.362236188950793e-06,1.4223266365761552e-08,1.1664512513751686e-07,5.75362240173494e-09,6398.4375,23.4375,22054.6875,23.4375,7056.279299379197,65.15414920374542,11269.04645213092,32.98124381406706,5.424411887553353,0.003229118226954597,6.6611499682485995,1.0993806735243203,0.015540595312500067,8.339718750000405e-05,2.0783000617933167,0.4908213131911401,0.011990937500000132,0.0020103125000000555,4.98212582300539e-17,5.440092820663267e-17,0.02100000000000002,0.0030000000000000027,0.001799333408159129,4.828014081135795e-06,-0.16318197420248498,0.1075594166044817,0.001799333408159129,4.828014081135795e-06,0.41581579495728277,0.016774327984996895,9.057798997139397e-05,4.503406951333167e-06,8.492294406585468e-05,1.0710296694370357e-05,6.488731475913785e-05,6.904505035844308e-07,3.996616122687782e-05,6.5856362967074e-07,7.139840460767698e-05,1.2902498690581796e-06,4.055102432969355e-05,2.6873452752314235e-06,9.534247683187316e-05,1.1555664196024224e-07,9.37372539383449e-05,2.6497786849168206e-07,6.022041762834402e-05,1.5674000209303413e-06,4.050481462843805e-05,1.6289493971474821e-06,7.429061301723183e-05,3.963755043488143e-07,6.207450509232651e-05,4.659185985284774e-08,0.0009906529500638053,1.3805760139969504e-05,0.0005302795050094124,8.267617346133206e-06,0.0028139874216203866,0.0001328082490614493,0.005042686104973165,3.873822189108924e-05,0.006289229327739756,1.7220012279217656e-05
good/蛋4.xlsx,0,5.452679738194771e-08,2.4165012086439125e-09,7.484568334845666e-07,2.9401201801307145e-08,2.6370751490849065e-07,9.105372747563487e-09,1.2629180088184465e-06,2.7618625673284963e-08,7.245902353386981e-08,1.1858174720350761e-09,6421.875,0.0,21937.5,0.0,6814.092936404166,5.458431653296429,11348.735922456834,18.785709935298655,5.339146820566038,0.022674338850327214,8.822488194066356,3.331576540769786,0.01471945697916679,0.0002838421875000028,4.3401410457398635,1.9297048674543005,0.015505104166666839,0.00598281249999999,-2.9582817676991146e-17,1.0239494437532434e-16,0.02400000000000002,0.006000000000000005,0.0017510763646048557,1.6884982933295625e-05,-0.07385407218750625,0.2224616602573041,0.0017510763646048557,1.6884982933295625e-05,0.4062304646801417,0.0021879558241300334,7.58133170818163e-05,2.8388615485572163e-06,4.539269979487892e-05,2.4463961746300653e-06,6.282627083398432e-05,1.0542051605933551e-06,4.10303780911884e-05,4.672464647355638e-08,6.913053083631083e-05,1.3330130375549721e-06,4.142470318939089e-05,9.249768664560156e-07,9.522709808019388e-05,1.0979307486403843e-06,9.795919208034749e-05,1.55443510157908e-06,5.221869917911165e-05,1.6977024869121679e-06,2.952726468207969e-05,2.786489078240587e-07,7.217979948373422e-05,9.141093194590621e-07,6.2954759328808e-05,8.516856047557572e-07,0.0005951426146127417,9.78414518337154e-05,0.0004472985851087997,2.7078198300178077e-05,0.0025328845478301866,3.704579986688072e-05,0.005304515667878308,0.0002614438520716295,0.005977139411133731,5.458225894498054e-05
good/蛋5.xlsx,0,6.597142745650416e-08,5.27014037703053e-09,9.62261211893979e-07,1.1241655065571846e-07,3.0795082595156537e-07,2.6217236767220406e-08,1.367840368725195e-06,2.673882335267615e-10,1.1516749181871068e-07,1.961811821784996e-08,6398.4375,23.4375,21703.125,515.625,6909.294810493064,120.49656535780241,11575.754024965117,221.27252480260358,5.553975565654106,0.1484898291483865,17.238849929387406,10.748398120052777,0.01629154916666679,0.0012235499999999977,65.62001576054497,62.910630855669915,0.0324808333333334,0.020981250000000062,-5.678328178030749e-17,1.4918621893400543e-17,0.04200000000000004,0.020000000000000018,0.001840999700251026,6.923038878421379e-05,-2.485520799517896,2.2872218953563244,0.0018409997002510258,6.92303887842139e-05,0.41487809960408417,0.008543446551364853,7.696428189031738e-05,1.4011700245772173e-06,5.2400873958054824e-05,2.8874218986126048e-08,6.745298611710387e-05,3.498781001483157e-06,4.1625166388016784e-05,2.5088284001612024e-06,7.127034238091558e-05,1.963097592749062e-06,4.3233018282516476e-05,1.105891359176533e-06,9.901213913408557e-05,2.1734169152316888e-06,9.497186596123224e-05,1.7462245364432104e-06,5.953470872440868e-05,3.151737949200625e-06,3.665658129487909e-05,2.0818418021515646e-06,7.615472851727769e-05,2.656341490030084e-06,6.326466863084947e-05,1.6796264165009345e-06,0.0006735614953712486,7.469637104024396e-06,0.0006993142315950603,0.000178570714263349,0.0026220943997350725,2.99442840225061e-05,0.005573981754569508,0.0005224221590386662,0.006832917764920022,0.00045087470677975623
good/蛋6.xlsx,0,5.0231250863282456e-08,3.139487145113647e-09,8.298292576023239e-07,3.383671129212951e-08,2.3841254454826925e-07,1.6307917596264402e-08,1.3738126075503306e-06,1.1036156019762119e-07,9.141593773100731e-08,4.67299089141686e-09,6445.3125,23.4375,22078.125,93.75,6805.688762337402,12.056268975724834,11529.06057407652,94.41562100934243,5.333093572693122,0.037474653947735526,6.022816642062524,0.03421775547258399,0.01458201281250012,0.00012662031250001808,1.9647819041884906,0.07177292464273588,0.01049718749999995,1.4062500000022737e-05,9.043691721425754e-18,4.602799622925127e-18,0.018999999999999906,0.0,0.001742946376116379,7.567424945572644e-06,-0.22041068107733836,0.06275600222529243,0.001742946376116379,7.567424945572644e-06,0.4174828089185247,0.007188997707855804,7.023584111353552e-05,2.5080435751781918e-06,4.580299201205738e-05,8.419225780708063e-06,6.393509628253586e-05,5.030570978477699e-07,3.979919333664582e-05,6.527025983422886e-07,6.503163080799401e-05,1.7004660454442142e-06,3.758697643498675e-05,7.383165244663649e-07,9.489343080956488e-05,4.709937259244105e-07,9.673259195871427e-05,2.8782291196894976e-06,5.5344293661431514e-05,3.7583524900157054e-07,3.328863748810225e-05,1.6799185952703708e-06,7.178136071208762e-05,6.469378086090155e-07,6.241329695337888e-05,1.3279510268818077e-06,0.0005695737219234883,7.325880515466238e-05,0.0004920732440926902,3.0216376527258465e-05,0.0023181510742017173,0.0001636522985672905,0.005173605994189107,4.496000944152973e-05,0.00610424269553069,2.983939034055874e-05
good/蛋7.xlsx,0,5.9200467369456264e-08,7.106933354680211e-10,8.316860371820835e-07,1.2341249526641459e-08,2.8631850208946193e-07,7.268840560766608e-09,1.3330667107441177e-06,1.5740406177930544e-08,9.954170865307278e-08,7.102865987587584e-09,6445.3125,23.4375,22195.3125,23.4375,7016.359317556971,70.6449842257748,11737.413045779684,117.48596984269898,5.387839287652945,0.008045600393467023,5.4546573628443245,0.017797189639420008,0.014541995833333442,3.490333333333595e-05,2.3011948938474247,0.018408785536970118,0.009494166666666581,1.9583333333406117e-05,5.85180052562843e-17,1.4890866317784913e-16,0.018000000000000016,0.0,0.001740568327310626,2.0888372101466116e-06,-0.15142413002922955,0.08716726007315481,0.001740568327310626,2.0888372101466116e-06,0.4124817670347989,0.004688476765992905,7.302339700917938e-05,3.6162949761738247e-06,5.280075558259661e-05,3.6983392535983354e-07,6.239724648935048e-05,4.1210435516741994e-07,3.886763653705117e-05,2.1982809473813548e-07,7.228914528920193e-05,6.390083629809673e-08,4.1462745738894983e-05,2.5833553811161116e-06,9.350222503212133e-05,2.633297345708792e-07,9.363443479106207e-05,1.2901132461535261e-06,5.827085801898152e-05,1.9900145173375575e-06,3.526712482927661e-05,2.79548329662771e-07,7.191130645129766e-05,2.662961857633617e-07,6.206172829962699e-05,2.582792241368506e-07,0.0006368850014380197,2.0404716893774938e-05,0.0005575973369733226,2.862799668223884e-05,0.002593731263960587,8.356189847294059e-05,0.004894271154316308,0.0002135299982134269,0.0059234585694922706,6.662142603201153e-05
good/蛋8.xlsx,0,8.121417119869209e-08,5.0178781040816945e-09,9.743955897531132e-07,2.4591640208334814e-07,3.2009797545949354e-07,6.949616851560836e-08,1.2595944840690769e-06,2.588602311080107e-08,1.3927331687707656e-07,3.38813142126857e-08,6445.3125,23.4375,21726.5625,257.8125,6969.7077862896385,3.117210834587695,11396.176268853636,225.0556051632102,5.591176817998708,0.17000911566171073,19.304701766183065,13.902700298745835,0.016829891666666777,0.0018073050000000142,127.9930751916123,125.72517215111522,0.03749541666666678,0.0279387499999999,1.0935696792557792e-16,2.548887027368589e-17,0.0465000000000001,0.02749999999999997,0.0018697833477044129,0.00010068596328613943,-4.0092441827055625,3.6980332635457644,0.0018697833477044129,0.00010068596328613943,0.4215461554490519,0.0064596790998124876,8.065096921478095e-05,5.283055217279794e-06,6.41547228441538e-05,2.9201708891133383e-06,6.893379597883661e-05,5.394704781399795e-06,4.416332192288314e-05,3.965447435666995e-06,7.270858794112033e-05,3.813607707496669e-06,4.496331149241192e-05,2.8197850864124534e-06,9.682926100410916e-05,5.533920570018262e-07,9.533614655787213e-05,2.4173707241753918e-06,6.300590698670771e-05,6.219329711341311e-06,4.2686634290344665e-05,2.7067258997873526e-06,7.700972875214963e-05,3.877543246137043e-06,6.532206037116608e-05,8.018532539771656e-07,0.0008126323878981228,3.791875657817496e-05,0.0005882230324964104,0.00011149307647528075,0.002944449717690799,0.0004635490169675599,0.005210515343522956,4.478273023006754e-05,0.007374596481318746,0.00114811074097829
good/蛋9.xlsx,0,6.431198044367679e-08,1.883401899485886e-08,9.881725211665653e-07,6.518298199230653e-08,3.349640854789262e-07,1.4573807778193306e-08,1.3537799708971955e-06,1.4001120887890779e-08,1.2729034970181364e-07,2.2172707843550707e-08,6468.75,0.0,22125.0,93.75,6999.296364354072,16.959679426553976,11768.686109106915,140.6843291806572,5.541168204941579,0.09625175382566242,23.9796151540829,5.994083014088348,0.016939510729166767,0.0012991140625000092,95.98735811458855,72.52854473681683,0.04544656250000001,0.012980729166666816,-3.8649639044763264e-17,1.3630300591908433e-16,0.05399999999999994,0.013000000000000012,0.0018771968403687644,7.208854106308528e-05,-3.5928359932318967,2.1421210765164123,0.0018771968403687646,7.208854106308528e-05,0.4266513857053553,0.0015628255886643017,7.658464001551522e-05,9.58303301777751e-06,5.101456737211187e-05,9.147236720674857e-06,6.824867127129418e-05,2.1514278376245813e-06,4.293083075707671e-05,3.3326208829485475e-06,7.342791859223885e-05,1.6940078184907357e-06,4.580315383341958e-05,2.393069200597342e-06,9.847605982445746e-05,2.1988875556272754e-06,9.309810701392057e-05,2.0297449469846635e-07,6.445458013458457e-05,5.047628768505589e-06,3.8437576459521636e-05,4.404005559260575e-06,7.723188708359238e-05,2.3583052187584977e-06,6.331891059156882e-05,1.9684572681005397e-06,0.0007090098284933817,0.00013704468607661274,0.0006290934357025542,7.645891950366722e-05,0.0028330469069911845,5.1960222265562926e-05,0.005549389487025498,0.00037075988567573936,0.007307168980411611,0.0006921998927625957
bad/裂纹蛋1.xlsx,1,1.008096180696855e-07,7.81795422115521e-09,9.003684669142267e-07,1.968965874263684e-08,3.110862526790309e-07,2.6645693605958567e-08,1.3292944283842462e-06,3.919624874726774e-08,1.0621206138415168e-07,8.548611086262018e-09,6515.625,0.0,22031.25,46.875,7013.690654029461,28.515759140345835,11452.64036376643,9.682753371290346,5.4094131715136875,0.015015241466550311,6.127312912680718,0.8317727262228551,0.01681589729166686,0.00020752749999999355,1.939916221979645,0.289241644024433,0.011458749999999962,0.0014860416666667708,-4.3229309021342036e-17,4.74851639490718e-17,0.020000000000000018,0.001000000000000112,0.0018716780007810663,1.1549768660872603e-05,0.16446160291198403,0.06139714151346479,0.0018716780007810663,1.1549768660872603e-05,0.4083142321316941,0.0009376953531985976,8.855774612113268e-05,3.8932182303000264e-07,7.35537891056879e-05,2.9702608540751164e-06,6.822505171015912e-05,8.47786082883811e-07,4.328484183941284e-05,2.106094011174486e-06,7.356821957326564e-05,2.8132281059366408e-06,4.355501569674784e-05,5.101249847395686e-07,9.773672697581417e-05,1.486921037832935e-07,9.873593644684704e-05,5.245140680591547e-07,5.8818896456754686e-05,1.7476654222012562e-06,3.7672523591447625e-05,2.555515263714896e-06,7.703081599375386e-05,1.0399086125780749e-06,6.645279376758532e-05,2.9823572889947696e-07,0.0008286121016847421,1.2630861119881963e-05,0.000531877234613778,4.309903350776525e-05,0.0027588832134465206,0.00016528363656461787,0.0056495197530443755,7.0775607190300995e-06,0.007105133705258317,1.851994790330559e-05
bad/裂纹蛋10.xlsx,1,4.837334566850785e-08,1.2794217491918436e-09,9.712525882555146e-07,7.858625584029224e-09,3.4751165482910315e-07,1.3470463181539079e-08,1.3644017834515732e-06,2.1375518327125015e-08,8.469532321699694e-08,5.249868571248418e-09,6445.3125,23.4375,22054.6875,23.4375,6853.52121213786,23.153999021149502,11707.426142993849,24.363883871628786,5.365925656464329,0.006860607625198689,4.7166762517389405,0.30072371490380334,0.015705969791666868,6.295500000001383e-05,1.4731789635222508,0.12318529625897545,0.008530833333333487,0.0005268749999999267,-1.422935843227909e-16,1.8503717077085938e-17,0.017000000000000015,0.0010000000000000009,0.0018088847107759387,3.6253346943202662e-06,0.07330309609635918,0.0065343410413013295,0.0018088847107759387,3.6253346943200494e-06,0.407793290268806,0.00020837674515522542,6.917280565765839e-05,1.0940967716061703e-06,4.4067013843765296e-05,1.1789690784786142e-06,6.759607736050325e-05,3.0854238013873774e-08,4.195617667426888e-05,2.690692273471691e-07,7.703284362288928e-05,9.61401336669762e-07,4.548781003555374e-05,4.4496855838663545e-07,9.20517679369653e-05,8.112410842939631e-07,9.812945775200524e-05,1.078127963683763e-06,5.735109366673904e-05,1.0799561614035235e-06,2.9590502316591774e-05,1.3236366108858304e-06,7.492123874077209e-05,5.405520027672108e-07,6.348781148593572e-05,7.782718756703651e-07,0.0006844488420837885,8.596928774056171e-05,0.0006153445127133399,1.989363326599736e-05,0.00269331794023688,6.112302970723337e-05,0.005352766083676864,1.0840975263498673e-05,0.0065567628356528905,0.00017851322575946228
bad/裂纹蛋11.xlsx,1,6.167875453080893e-08,5.307352209948341e-09,9.080286706698746e-07,1.2033092797814062e-08,3.202518949978418e-07,2.2906529062042457e-09,1.3610222143215175e-06,2.9821008279078816e-08,8.151681884607324e-08,2.496630380641003e-09,6468.75,0.0,22031.25,93.75,6908.4107470482795,54.50817617721577,11647.436438730354,211.0139278768247,5.360011554927194,0.0024651233689563234,5.2696925000144645,0.7735630262892577,0.015607619791666864,0.0002913699999999948,1.4671097399623818,0.22669355894695986,0.009515000000000051,0.0014835416666666434,-2.0839811358068043e-17,1.3160768771077377e-17,0.01750000000000007,0.0015000000000000568,0.0018031373016288176,1.683235194527299e-05,0.16639025815763087,0.0004954434863411045,0.0018031373016288179,1.68323519452731e-05,0.4135236507605751,0.004480100020837652,7.4230829037845e-05,7.418172173615631e-06,5.346338823414805e-05,3.0098951762083583e-06,6.582439126358849e-05,9.445612337258171e-07,4.1143603883061404e-05,6.206436547568407e-07,7.49926223270366e-05,6.495503855791804e-07,4.354852957777802e-05,4.544844340946175e-08,9.328536940674446e-05,1.4481006300862717e-06,9.582272196920146e-05,3.5242856015373357e-07,5.580134451292214e-05,5.045849587018152e-07,2.9986359257316462e-05,9.917555394851925e-07,7.410109562741056e-05,8.996332981159064e-07,6.202163038275784e-05,5.958835862238175e-07,0.0005555234661473315,5.037276247865972e-05,0.0005906485260037173,2.3630046825142792e-05,0.00268614502185467,1.6707594589719828e-05,0.005405737976687574,6.841883453632394e-05,0.006432968558398385,0.00024171298160821902
bad/裂纹蛋12.xlsx,1,5.531341786249002e-08,1.4850669619168838e-08,8.959966156500089e-07,1.0681228343332941e-08,3.3273385374827816e-07,1.3463443529714723e-08,1.3219556440152276e-06,5.316549453957582e-08,9.509772140804259e-08,1.064099349771293e-08,6468.75,46.875,22054.6875,23.4375,6920.746049170763,21.888317269503204,11570.808678156052,22.922554789950482,5.354491070957949,0.017572840574000104,7.378221236058518,2.4023310611566644,0.01597131958333353,0.0002202270833333332,2.4181560288644848,0.743284783853885,0.013488541666666687,0.004474791666666644,1.2443749734340297e-17,2.8403205713326924e-17,0.02200000000000002,0.0040000000000000036,0.001824061423856299,1.2576506953398893e-05,0.18647317870566804,0.06630240499950991,0.001824061423856299,1.2576506953398893e-05,0.4162325484475933,0.0030214628047509906,7.206030165107487e-05,3.5401474530885406e-06,4.863739530962248e-05,8.976194780092727e-06,6.734746290219481e-05,1.1522655232741765e-06,4.11908054085511e-05,8.336031000348145e-07,7.901185470153107e-05,4.341925062929122e-07,4.5171843993104326e-05,1.2764680908471156e-06,9.45095761868413e-05,1.5416521109912752e-06,9.808980647100384e-05,2.575866659872348e-07,6.145701866146459e-05,3.7429545504383354e-06,3.2250502798524174e-05,1.2368446311041118e-06,7.61116161903431e-05,1.2901718369349565e-06,6.390959574701596e-05,5.896532785071133e-07,0.0006388598829707091,1.1736192514759923e-05,0.000507545026775914,1.8176888361518635e-05,0.0028263690999141035,8.282522550132412e-05,0.005357268434576517,9.613834729527019e-05,0.00670077285768168,0.00019089278970746632
bad/裂纹蛋13.xlsx,1,3.3497143539713835e-06,3.1893413661912414e-06,9.129181654959053e-07,1.3482730125137037e-08,5.429094972142303e-07,2.161974920494953e-07,1.2935035682788344e-06,2.058231676737466e-08,2.470525791726524e-06,2.368028988620549e-06,3375.0,3140.625,14320.3125,7757.8125,6446.46346410799,754.3541266712441,7275.099084653498,4197.1146812326415,4.87899765780363,0.5385493387329938,10.238968719404674,5.3429010852815715,0.03591557822916682,0.01964745843749996,46.2795276585565,44.64123886615445,0.031013854166666688,0.022000312499999897,5.342948306008566e-17,1.1148489538944279e-17,0.04249999999999998,0.024499999999999966,0.002621636933337737,0.0007806612074619365,3.3485603697532254,3.2637268127342285,0.002621636933337736,0.0007806612074619361,0.4102938112106689,0.004167534903104814,0.00018135185266374268,8.587187689051805e-05,0.00043317335794920697,0.00033329929431759716,6.805710828981421e-05,1.72570469752859e-06,4.1315406165695275e-05,4.1989878708234086e-07,8.334522295127693e-05,7.1896985140131395e-06,6.386305965204361e-05,2.0270303043455002e-05,9.459091713977599e-05,6.594182087841263e-07,9.530872194755358e-05,2.126552510466916e-06,0.00010441421560740398,4.52398913096635e-05,0.0002114524391140401,0.00017788911789775463,8.282373608631715e-05,6.6971625760376275e-06,0.00011650539936119846,5.310637669831812e-05,0.019355570000936483,0.01816083431908537,0.0012983018736704016,0.0006544762152502532,0.0031190424119850162,0.0004791209503254188,0.005417631121714892,0.00021171347992567525,0.0070050027070295545,0.0001233371167667155
bad/裂纹蛋14.xlsx,1,8.725117774105633e-08,3.3701389864371196e-08,1.1743743910555282e-06,3.0932576952350107e-07,3.741208965701576e-07,9.28296029832796e-08,1.4798295391415997e-06,1.9626611712134154e-07,1.2233617687131063e-07,1.9673346858747133e-08,6398.4375,23.4375,21984.375,0.0,6944.688190425184,86.33263146124318,11642.870689153968,387.9459331416929,5.546101709649429,0.07594791132027678,17.76382527176515,12.291940961828988,0.018226551458333524,0.002167901666666687,86.21163407242582,84.33882489040143,0.03598083333333324,0.025972291666666814,-6.358339780613657e-17,1.250157385020619e-16,0.045499999999999985,0.02650000000000008,0.0019451787739571298,0.0001160937458814554,-2.671048262901905,2.886367122437591,0.0019451787739571303,0.0001160937458814555,0.42540112523442386,0.007814127943321508,8.220096937319274e-05,9.718901052342302e-06,6.0956936792857185e-05,2.3924168100803493e-05,7.225296819981085e-05,4.224250924186728e-06,4.7883351658493004e-05,4.250861405438023e-06,7.698411805432475e-05,6.05243896874652e-06,4.5652744138465246e-05,3.2619714403657353e-06,9.94080290167958e-05,3.932668542532378e-06,9.998907631321242e-05,2.2041384048116945e-06,6.103804578546301e-05,1.5478410719185058e-06,3.76796203070791e-05,3.1578317300103416e-06,7.971361526227456e-05,3.9306814743864815e-06,6.808581384388262e-05,2.4587688342253924e-06,0.0008401879284630232,7.203658662735871e-05,0.0005432736760366152,3.9607561448038006e-05,0.0030683922433744045,0.00029362186173321017,0.005866791596151665,0.0006578029536764372,0.007983331574858303,0.0012618326768888003
bad/裂纹蛋15.xlsx,1,1.0720858492525226e-07,4.686810632764486e-08,8.81698737996204e-07,5.425480079513301e-08,3.719768338201281e-07,1.948901203823733e-08,1.280432074871783e-06,1.436222694691889e-08,1.084186870054806e-07,1.1006069069173884e-08,6398.4375,23.4375,21703.125,187.5,6993.042725294203,175.1076692806655,11073.699163075058,239.94932685281674,5.415583970287131,0.0455238259459092,7.1852752138717975,2.3914897070463077,0.01693375229166686,4.787500000000625e-06,2.238453700867308,0.9241453920233704,0.013496458333333239,0.004493749999999963,-3.668361910532288e-17,5.033011044967376e-17,0.02199999999999991,0.0050000000000000044,0.0018782611613585966,2.6551042364415887e-07,0.13822114745038439,0.04076362641957444,0.0018782611613585966,2.6551042364415887e-07,0.4090435507397374,0.010835590748072527,8.570032608328824e-05,1.1079549740526511e-05,7.717881732346917e-05,2.4273832876489465e-05,6.877228084224623e-05,1.5303581047683667e-06,4.3354929024544575e-05,2.48738075709992e-06,8.214419331126736e-05,3.530109712890982e-07,4.885713678381889e-05,1.4838711998465092e-06,9.715411023009773e-05,2.5574210856266363e-06,0.00010142757728250366,1.5335177821705807e-06,6.003454605920137e-05,2.6369004994647665e-06,3.510728081415199e-05,3.854402559376666e-06,7.843537175291642e-05,1.2293345808029617e-06,6.737040338046073e-05,1.2469395895757887e-06,0.0008328359741891492,0.0002334300759124383,0.0006311672367823734,5.595553909440546e-05,0.0030778588918367504,8.14290329663233e-05,0.005425378377414982,0.0001588183691141132,0.007018301338685663,0.00011023190574655384
bad/裂纹蛋16.xlsx,1,4.773507396215971e-08,1.3990780370942097e-09,8.991451041448326e-07,1.0550744044213423e-08,2.9137793073766343e-07,4.284770299056286e-09,1.3078247826170185e-06,6.296815203473413e-08,8.087588701790853e-08,4.068268967607697e-09,6445.3125,23.4375,21960.9375,70.3125,6802.236602186593,33.24479109964477,11530.866255958088,1.3604010557146466,5.355166237779953,0.014351415203350815,6.815560913584466,0.8146655941181664,0.01612992697916687,6.30521874999887e-05,2.350073599459706,0.16534969421022883,0.012496770833333337,0.0015178125000000486,5.111651842544992e-17,4.8340960863887025e-17,0.020499999999999963,0.0015000000000000568,0.001833136278854107,3.5828957583125976e-06,0.10803475146244867,0.089003041115193,0.001833136278854107,3.5828957583125976e-06,0.42290060429256093,0.0030214628047509906,6.84157889213157e-05,1.7813114406495576e-06,3.977802673891555e-05,3.444173175805384e-06,6.792577718838156e-05,1.5781943015082773e-07,4.348051740712883e-05,1.328485069415036e-06,7.448930114209021e-05,2.5353814892326346e-07,4.344721489399742e-05,1.8352558247245485e-06,9.538300530776076e-05,1.6779354864428515e-06,0.00010092422990858383,4.5679626205828667e-07,5.67724331948732e-05,7.726295931605569e-07,3.1596876857845096e-05,1.0446086863106193e-06,7.558573855912383e-05,1.478640039734728e-07,6.589533206363956e-05,6.062556887083319e-07,0.0005502022486953881,3.6087839684370397e-06,0.0006072533193258578,1.4158207365044416e-05,0.002713812701613765,0.00016100683647906743,0.00557210433609205,4.8772588460328954e-05,0.006769990514930374,3.551290922502873e-05
bad/裂纹蛋17.xlsx,1,5.063718438562885e-08,1.6861613765953095e-09,8.808196154507856e-07,3.059421325588028e-08,2.3361875724836776e-07,1.5619080326797568e-09,1.3257024958294698e-06,1.6283608266096985e-08,1.3379471819057058e-07,4.5404631093001505e-09,6375.0,0.0,22500.0,0.0,7064.893919397709,67.38404637861731,11942.72059590743,13.718709569490784,5.360277474694266,0.015543158650910716,5.072915808263772,0.0147891446489683,0.015299476458333237,0.00010539333333333539,2.6561114078467134,0.18339630161268117,0.009056666666666602,4.791666666670302e-06,-1.195802716106679e-17,3.307539427529113e-18,0.018000000000000016,0.0,0.0017853159705584496,6.149316089290482e-06,0.02834869870709457,0.043288952141273526,0.0017853159705584494,6.149316089290591e-06,0.39258178787247344,0.0,7.406065458500007e-05,3.0771448312382816e-06,4.297501444332379e-05,2.644375175805818e-07,6.61786964734682e-05,1.2785102046948955e-06,3.8933042080508215e-05,6.842804562577849e-07,6.527985814871833e-05,1.052272215339926e-06,3.632363120860906e-05,4.396490107228805e-07,9.331101931187388e-05,1.0113790321375526e-07,9.405727736764088e-05,1.47343429487831e-06,6.83640665446596e-05,6.490793187083127e-07,4.279716232210211e-05,1.919815577650821e-06,7.397515683658142e-05,6.076535583481564e-07,6.168438527133266e-05,4.3180027416029736e-07,0.0006147980308927846,3.4139071049841174e-05,0.0005268848807205107,1.5385406962468366e-05,0.002348626327545636,7.738133059980931e-05,0.005262698708077567,1.0453916319988748e-05,0.006604208562505404,0.0001968170351194106
bad/裂纹蛋18.xlsx,1,5.860430782638472e-08,5.647432041234877e-09,8.347331295696973e-07,4.584770139347759e-08,2.250472864418256e-07,1.3527910152725933e-08,1.2830832207925011e-06,7.428736250189262e-08,1.3031436776763363e-07,1.3428317574856173e-08,6375.0,0.0,22359.375,46.875,7101.04565881696,4.768172976071128,11851.968930936535,90.48255200085896,5.354087642420579,0.035635096577538494,5.3475095046422005,0.20473998123240156,0.015154029062499918,0.0003997009374999824,2.5055353656142856,0.16591479527222752,0.009495937500000107,0.0002384374999999661,-3.1063115043158025e-17,4.267419750902946e-17,0.018000000000000127,0.0010000000000000009,0.0017766654737758829,2.3434639180795443e-05,-0.007530443863221702,0.027240103053610798,0.0017766654737758829,2.3434639180795443e-05,0.42477599499895813,0.0003125651177328659,7.665688285235003e-05,1.3579464856977401e-06,4.4345825087142546e-05,8.240361238340933e-06,6.389112612878843e-05,7.568600088965464e-07,4.170549389066554e-05,1.4294380511638944e-07,6.374008722129224e-05,2.906728526300378e-06,3.530201560772374e-05,2.5662812704987664e-06,9.231836793426366e-05,1.3662126262693544e-06,9.787171936328804e-05,1.3744286746557538e-07,6.924310179312596e-05,3.026808554331874e-06,4.097559655163716e-05,4.007808790675421e-06,7.305074359940415e-05,1.344918518135228e-06,6.454501519674921e-05,4.104619509978717e-07,0.000770544966520195,6.806746391033869e-05,0.0005363690314167749,2.152305125640181e-05,0.002475443829111956,7.71085072364887e-05,0.004958952863470718,0.00011532969945549304,0.006512517114379312,0.0002791730402775974
bad/裂纹蛋19.xlsx,1,3.892467327719058e-08,3.8650963634019425e-09,8.38166845354217e-07,4.748131954925975e-08,2.2014777012350474e-07,1.2129546248097523e-08,1.2726484310538683e-06,5.8460777755811385e-09,1.0554936760328611e-07,4.514878817921998e-09,6398.4375,23.4375,22265.625,0.0,6925.640907465806,31.151529828992352,11809.82193856533,138.51892403086276,5.370416791717886,0.023189847255218776,9.816056705763073,3.977526848412719,0.015118261145833244,0.0003832619791666672,6.006914383301134,3.7781122621896186,0.017508854166666588,0.007279270833333351,1.4964881186093253e-17,3.9389787727846694e-17,0.02749999999999997,0.007499999999999951,0.0017745792778118812,2.2497232628055828e-05,0.17053440873579379,0.2534057767377832,0.0017745792778118812,2.249723262805561e-05,0.42237966242967284,0.0031256511773286033,6.47269156157612e-05,3.839512411756569e-06,4.2749546526001965e-05,2.589130518778797e-06,6.521339213053173e-05,1.6091567595703083e-06,4.190039694604903e-05,3.3271200688939012e-06,6.36434027096684e-05,1.7381150886116103e-06,3.5985929611116236e-05,1.2137425107964119e-06,9.44642224777078e-05,3.454214075538693e-07,9.57088354044065e-05,1.3499578785392742e-06,6.229261594497504e-05,2.630335731851269e-06,3.8346467791749634e-05,3.320175322011949e-07,7.338252874301089e-05,7.067062592831219e-07,6.274576106693751e-05,1.5113152235525214e-06,0.0005420973593275536,3.404179023145618e-05,0.0005773635201845373,4.0794921849329e-05,0.002242247867717917,8.925704036555219e-05,0.005156629077343537,0.00018271082284086835,0.006666584996499531,0.00032341906107613647
bad/裂纹蛋2.xlsx,1,3.7349404455682336e-07,1.0860315001819649e-07,9.530642717972007e-07,8.788866275300646e-08,4.53349268321668e-07,1.5103572325914103e-07,1.4720792973636097e-06,1.72023544539937e-07,3.913980423695777e-07,2.3473863277991446e-07,6468.75,46.875,20695.3125,1101.5625,7319.397761814018,60.92035072092085,9829.639243208,769.652187799421,5.427341059842847,0.041248037899341394,10.776257918404891,1.754236774386646,0.019584649583333533,0.0026223295833333327,12.932883986294954,10.282899466597598,0.021956041666666648,0.004996041666666562,2.079355206537533e-17,1.6884641832840927e-18,0.03600000000000003,0.010999999999999899,0.00201538209423472,0.00013553724248053633,0.6470618776555646,0.3596967071014059,0.0020153820942347194,0.0001355372424805361,0.40591789956240887,0.006251302354657234,0.0001186328370094164,2.024298247470401e-06,0.000163515230212695,2.286387996576863e-05,6.82224355317354e-05,9.75958876403019e-07,4.258627383606262e-05,1.90953766401833e-06,8.187337401506556e-05,7.234417290690601e-06,5.579126227888395e-05,1.173442008133195e-05,9.868960592852025e-05,1.8566215810447026e-06,9.938507712941844e-05,2.569713111705071e-06,7.903866445032955e-05,1.2522433241415473e-05,8.824581491125628e-05,3.650974654263331e-05,7.961919321815275e-05,1.8985063917922626e-06,7.39380978647864e-05,6.313196646368316e-06,0.0031176455822201506,0.0014971871323252394,0.0011217470556943616,0.0005187359286028879,0.00298165870428374,0.0001755371446833156,0.005607585268023088,0.000342812224636778,0.006816002557796229,5.4891829633363365e-05
bad/裂纹蛋21.xlsx,1,1.198283735922896e-07,2.3273537137890878e-08,8.466071254760931e-07,9.272481334057171e-09,2.3528070013251206e-07,2.1252506058183533e-10,1.2144223366961614e-06,2.513323391659864e-08,2.083789097824774e-07,5.107167524827124e-08,6351.5625,23.4375,22289.0625,70.3125,7300.893341502531,110.65213101534346,11230.815436124696,126.45379938749466,5.3962989049987335,0.01997792194744763,7.1642836618980414,1.88950313845907,0.015651561979166548,0.00019979718749999972,3.214113232532558,0.6795778374140635,0.01295843750000003,0.0034944791666666752,6.152485928131076e-17,1.8549976369778654e-17,0.02200000000000002,0.0040000000000000036,0.0018057157130473545,1.1525738454214954e-05,0.013821325611983709,0.20113333849189663,0.0018057157130473545,1.1525738454214846e-05,0.4206084600958533,0.002604709314440512,0.00010954033915571353,1.3071505974737203e-06,7.669642601679054e-05,3.663626905159473e-06,6.473628008569669e-05,1.434988805253504e-06,4.148796353077492e-05,2.1544256694529703e-06,6.561880657648362e-05,1.590534413703906e-06,3.654059880058823e-05,6.904395841948182e-07,9.003492798142536e-05,4.93577589058345e-07,9.739254432211694e-05,4.09916545717095e-06,8.320263048761861e-05,5.852776239574813e-06,5.257571459881407e-05,9.862130972758353e-06,7.440887276988293e-05,8.983678804911225e-07,6.495369280575676e-05,2.0649833919052056e-06,0.0013427844863414052,0.00016020049348788173,0.0006549857820260729,4.341682825325261e-05,0.0023371159287779893,3.216937014018616e-05,0.004784796947865894,0.0002131648924119157,0.0065733856844300605,0.0002384003070851244
bad/裂纹蛋22.xlsx,1,1.2338750536482116e-07,6.179347797121107e-09,1.009999318386909e-06,1.4825723132693555e-07,2.478899673283466e-07,2.4262540714151394e-08,1.330002142927648e-06,9.228054392628017e-08,2.3270192695697455e-07,5.0912536470941264e-08,6398.4375,23.4375,22242.1875,117.1875,7291.299320101526,22.738319107712414,11513.171612508691,187.63802263561593,5.44012842122755,0.12039974081795046,19.342814438067187,7.588555043208044,0.017129391145833242,0.0011427986458333317,58.38504096563943,52.36769908004021,0.03699822916666673,0.015546979166666808,-1.812901680627495e-16,3.0993726104118954e-17,0.04600000000000004,0.016000000000000014,0.0018880274785707746,6.305073785141749e-05,-1.7022401566917822,2.2304196410161863,0.0018880274785707746,6.305073785141749e-05,0.42383829964575953,0.004584288393415292,0.00011739150395721613,2.2715414509228877e-06,7.309784074329911e-05,4.022070324532632e-06,6.881201565740665e-05,2.4138302797246578e-06,4.4961827093628434e-05,1.268294684165018e-06,6.673796142040102e-05,1.919486629005558e-06,3.7661363317646236e-05,2.425939423591751e-06,9.310635769824174e-05,2.4422176851195314e-06,9.62147970912022e-05,2.178508348764645e-06,8.747474145033277e-05,4.175716398007031e-06,5.5995092945619824e-05,6.755518021011095e-06,7.791258727729837e-05,2.1837034911110977e-06,6.57711552667917e-05,6.736692553379144e-08,0.0015170283720058785,0.00014400398537611162,0.0006318719118015091,6.041582812961737e-05,0.0026101166977462384,1.3461428241405863e-05,0.0051053909796539895,0.0003942800850999899,0.00737227968847677,0.000519779571959293
bad/裂纹蛋23.xlsx,1,1.22343104771025e-07,4.455295763550691e-09,9.639448172404354e-07,9.27521593438655e-09,2.2234910683598125e-07,6.889052732839254e-09,1.3238794169727593e-06,3.46085234691138e-08,1.8434800747171207e-07,1.9194273718839107e-08,6375.0,0.0,22476.5625,23.4375,7328.850492436262,43.98868328906747,11872.970419794216,76.38250669915305,5.393712202881018,0.0039077294758751435,9.121215179176469,3.8271330411010545,0.01568320458333324,0.00021328791666666916,5.313321929326235,2.874933343388153,0.016533958333333376,0.007029791666666729,2.842633535967327e-17,5.645946673145848e-17,0.02650000000000008,0.007499999999999951,0.0018075351185699673,1.2291595937024983e-05,-0.1659120771226465,0.1642057304725862,0.0018075351185699673,1.2291595937024983e-05,0.42894352990206297,0.0007293186080433445,0.00011406821333132043,3.6467081709629366e-06,6.850043484365669e-05,1.606931550283768e-06,6.62689136168956e-05,2.749389465442654e-07,4.2664203333120005e-05,4.561079278585181e-07,6.314462500776766e-05,8.438589049742553e-07,3.576833184345121e-05,7.422955069189605e-07,8.998254983831754e-05,1.569537291309078e-06,9.543803216773093e-05,1.617538512902031e-07,7.983080898208118e-05,1.0189422571354583e-06,4.9630297765148554e-05,3.2429064888168715e-07,7.456678591082137e-05,2.9788171438140505e-07,6.451361604124074e-05,4.0072774375509915e-07,0.0013511735698009209,1.6307221529538547e-05,0.0005335803496689835,4.0843149397912e-05,0.002307966892585918,4.139443028334058e-05,0.004809291294932943,0.0001557994638208375,0.006744244955761712,5.4022454007926664e-05
bad/裂纹蛋24.xlsx,1,1.4994908949274505e-07,6.227284270640597e-09,8.307595275976578e-07,1.2673629898569081e-08,2.08232506727395e-07,1.0530729752731922e-09,1.20631324321639e-06,3.548303061079374e-08,1.8351405351338454e-07,2.100811273423085e-08,6351.5625,23.4375,22101.5625,164.0625,7265.217857439589,30.917007493889287,11101.96085356571,105.21979908165486,5.348758212456515,0.00514669131975376,7.725815304598713,2.44195812089607,0.015716838229166575,0.00018494843749998838,3.4225923089771477,0.7092023778243677,0.014005729166666647,0.004500937499999802,-1.4573990162839813e-16,3.2404634531246756e-17,0.02300000000000002,0.0039999999999998925,0.001809482782543666,1.0646944212699136e-05,0.15859141174846025,0.1367344228508724,0.001809482782543666,1.0646944212699028e-05,0.4214419670764743,0.0015628255886643017,0.00012240635075721687,3.346841323015742e-06,8.336475645869923e-05,9.547852399464932e-06,6.504131236798773e-05,5.574338995317031e-07,4.2013532418461985e-05,5.845335615425197e-07,6.382183743210506e-05,5.243435875854023e-07,3.4460596841540395e-05,1.2589558588707879e-06,9.069634983128056e-05,9.091723541506804e-07,9.570892204975665e-05,1.2528943540177182e-06,8.325228509490605e-05,4.121061734441679e-06,5.2025340863095105e-05,4.158821162907725e-06,7.480787976166286e-05,4.547436459919932e-07,6.427564291407452e-05,7.974309832768777e-07,0.0015515128037520832,8.989434200686616e-05,0.0005298353259241583,1.2472878147011621e-05,0.002247779462626206,2.1733211872720665e-05,0.005088575709825761,7.978084649584456e-05,0.006378334046331307,6.811905397655169e-05
bad/裂纹蛋25.xlsx,1,6.09704273419744e-07,4.1238090107307134e-07,1.0394326878635637e-06,1.1335004772118207e-07,2.785941323578004e-07,4.7846558061810684e-08,1.3278745857664823e-06,7.949695092795593e-08,3.302287066374424e-07,1.8882314151772465e-07,6375.0,0.0,21421.875,1031.25,7669.037992104388,270.7724406693924,10339.55290471591,1328.988975275337,5.377818529513553,0.022599820992492248,15.59988501409263,10.270259272230183,0.01859938229166658,0.003461332500000018,50.02791822025645,47.49094534827255,0.032462916666666786,0.02299812499999998,4.1540844838057945e-17,3.441691376337986e-17,0.043500000000000094,0.026499999999999968,0.0019598535976260304,0.00018397061351253102,-1.524220815444748,1.7694704228191551,0.0019598535976260304,0.00018397061351253102,0.4210252135861638,0.010106272140029182,0.00015070418894694813,2.388968024055464e-05,0.00019138439470449067,0.00010182331478314836,6.721639639380153e-05,2.889027928146394e-06,4.4031084925039575e-05,1.2981800659477245e-06,6.668078775105184e-05,4.14900972804418e-06,3.83748843763319e-05,4.0136330835898854e-06,9.140942244322608e-05,4.584680373665233e-06,9.493204928636974e-05,4.545886040695774e-07,8.777494444336966e-05,1.4551922302968255e-05,7.211782966553818e-05,2.894340947858094e-05,7.730133729559512e-05,4.859184528712164e-06,7.379838446441319e-05,8.664169948957058e-06,0.00347627524378902,0.0018952542941062457,0.0005977491405830432,0.00011852803906691809,0.002337678738611083,0.00010591199648893063,0.005085153618032634,0.0005723726248051749,0.007197955715669395,0.0007316335573062738
bad/裂纹蛋26.xlsx,1,1.7359091008302625e-07,7.388282870388841e-08,7.974241567975842e-07,5.232617478475023e-08,2.1607483258104042e-07,2.6278866004310296e-09,1.2902059512993326e-06,1.1460387643055501e-07,2.037281001818758e-07,2.7029016764718592e-08,6375.0,0.0,21890.625,562.5,7332.602015345414,94.10745507408319,10953.562929406195,586.2136241958569,5.294763426755365,0.022960868094468623,5.568782366615048,0.35711468534461543,0.015527396458333233,0.00041256833333334735,2.1357287027143044,0.165690107486125,0.010006458333333246,0.0005091666666665606,9.788466333778464e-17,5.1162777718142635e-17,0.018500000000000072,0.0014999999999999458,0.0017984168647605615,2.3896499692399576e-05,-0.028819026935550614,0.0009340887048975306,0.0017984168647605615,2.3896499692399684e-05,0.41227339028964366,0.002604709314440512,0.00012151735874869863,1.7332079301985263e-05,9.563891866284005e-05,2.8572302189251192e-05,6.308334313309143e-05,3.262630816036583e-08,4.067858408722351e-05,1.0219689760162247e-06,6.201336558711248e-05,1.3770897610174128e-06,3.3538700783867e-05,5.215870136583619e-08,9.057034573325138e-05,4.662537960631774e-07,0.00010013560958435328,2.763626631908418e-07,8.196926606593162e-05,5.3087735738913155e-06,5.242006123895386e-05,7.707518195079707e-06,7.319607081514881e-05,9.672786973472362e-07,6.661029133439589e-05,1.8135182173174781e-06,0.0015734893407149974,0.0003677689886960126,0.0006111009757424677,4.349435377143417e-05,0.0022391476864143402,6.544924519965483e-05,0.004955109643381715,0.00010204180401695087,0.0061784646666651405,3.886031397301853e-05
bad/裂纹蛋27.xlsx,1,1.8130256035129493e-07,1.8686301418917223e-08,5.600703557421189e-07,2.3932844918660617e-09,1.3583507010205205e-07,1.245684301481547e-08,8.346382555121095e-07,7.681948308314539e-09,9.363232408456811e-08,3.884187617840893e-09,6445.3125,23.4375,20390.625,93.75,7147.195210727686,15.470359674911379,10443.182055728294,69.83829960246112,5.314129234893672,0.014444154768574524,6.511662908632285,1.8343643882692091,0.009844184895833493,5.370489583332583e-05,1.6882355406333396,0.5419350357477528,0.00933239583333334,0.002652395833333321,-2.683038976177462e-18,5.629755920703398e-17,0.016000000000000125,0.0030000000000000027,0.001432081210496815,3.906384597209683e-06,0.029451263625944617,0.08409747614682972,0.0014320812104968153,3.906384597209575e-06,0.3719524901021046,0.024171702438007897,0.00012386651986143554,3.972654029822523e-06,8.999425118704865e-05,1.4542306266456935e-06,5.420045406864876e-05,4.843630386189972e-07,2.9996608056008358e-05,6.924965272265622e-07,5.0276184270462974e-05,2.334516080020117e-06,2.692316794047461e-05,1.3370316819918664e-06,7.222951903604875e-05,8.985717008952397e-07,7.758676482762972e-05,1.1365012037230937e-06,5.791465643926341e-05,8.830429834943085e-07,3.427698253800604e-05,1.3632388107694997e-07,5.9950075592109145e-05,7.381173747813985e-07,4.932582688337607e-05,6.569537247157641e-07,0.0012230694669909505,5.7375263975075115e-05,0.00032596654980947417,8.361688172440064e-06,0.0016245889791591758,6.601326507882257e-05,0.0030436578899073028,5.294937445407674e-05,0.003668128225558437,0.0001205583645605083
bad/裂纹蛋28.xlsx,1,1.875831721356525e-07,3.758957654040193e-08,6.141889190258757e-07,5.859043906189667e-08,1.7736532908609317e-07,2.9639985435626535e-08,9.577661066099641e-07,1.4949491868630527e-07,1.044369359966512e-07,3.089063502717884e-08,6468.75,46.875,19570.3125,117.1875,6991.197181053712,62.059435303101054,10209.394502062878,205.5635734394964,5.283468540301625,0.0012671905614376477,4.512956904031273,0.43009192593939805,0.010987919791666823,0.0015494700000000024,0.4190994943413202,0.5049921775147037,0.006765000000000021,0.00016645833333328586,4.940492459581946e-17,5.2041704279304207e-17,0.013000000000000123,0.0,0.0015092092693662802,0.00010694549011600865,-0.025657583990414002,0.08637281559700198,0.0015092092693662802,0.00010694549011600876,0.3779954157116066,0.022713065221921236,0.00012634548437493245,9.965187280398285e-06,9.643107554740243e-05,1.1319470256020408e-05,5.5691214008825044e-05,2.6684838259751696e-06,3.248807788610709e-05,1.7611602542524702e-06,5.7234266627154194e-05,4.2187992517512785e-06,3.1629012022890894e-05,1.2323431303728508e-06,7.536803078327784e-05,5.094114426136883e-06,8.577614795217322e-05,7.567993502221623e-06,6.186535192630698e-05,9.014156568754474e-06,3.2023841455684436e-05,5.502706712948142e-06,6.243970549315629e-05,4.211336544851148e-06,5.341301366488941e-05,4.415367929593501e-06,0.0013690334700454726,0.00026266524825042286,0.000389392285335421,4.517321366493351e-05,0.0019262907477707908,0.00035860093138193863,0.0035868974918037743,0.0004055997270637178,0.0038212665441816965,0.0004620028543830888
bad/裂纹蛋29.xlsx,1,2.0073475715582502e-07,7.357406082881097e-09,6.431955764317603e-07,7.504545533829125e-09,1.8088887434056147e-07,7.4225135680614615e-09,1.056352585995724e-06,9.316057426342252e-09,1.0809089348174813e-07,2.044103242273841e-09,6445.3125,23.4375,19664.0625,23.4375,7012.525024069619,19.571352697720158,10186.594985347076,72.97904517526695,5.238971313311151,0.003643240724608088,4.4284313358691065,0.08872719321435785,0.011848536562500178,0.0001565365625000011,0.1376351050999074,0.07152307449250195,0.006956562499999874,9.343749999990436e-05,-4.616677410732943e-17,1.308212797349976e-16,0.013500000000000068,0.0004999999999999449,0.0015710943320188402,1.0378684204232673e-05,-0.1759939642853684,0.011023112521088244,0.0015710943320188402,1.0378684204232673e-05,0.3927901646176287,0.008751823296520106,0.00013972816164609754,9.417976834440276e-07,0.00010031828228213976,1.3215487049562771e-05,5.756507488956496e-05,4.0931192449757944e-07,3.318177496379281e-05,1.6677997556319615e-07,5.656275891412286e-05,7.398879236247298e-07,3.0572812409219865e-05,4.6376860219071957e-07,7.851423057260787e-05,7.928133219972566e-07,9.037704310627822e-05,9.489592925957359e-07,6.407516555701233e-05,8.61551232939039e-07,3.7881415938916344e-05,2.3264960918550188e-07,6.490982376719992e-05,2.130122836437875e-07,5.5936743610351817e-05,1.2078181860269833e-07,0.001471471807334225,4.2654943859033725e-05,0.0004327691003560071,3.4616074443125284e-05,0.002076023909534783,5.020531528623093e-06,0.0037511697732888283,5.587837528822355e-05,0.004197847533546621,0.0001363359956809483
bad/裂纹蛋3.xlsx,1,2.804055450831794e-07,7.564932781992826e-08,9.493931403667147e-07,7.730289534034202e-08,3.0513067838471183e-07,8.761135279758434e-09,1.3663744752319972e-06,7.709540245025277e-09,1.9586624106006082e-07,3.877567776415952e-08,6445.3125,23.4375,21937.5,46.875,7311.654649230286,148.10875604232888,10704.288635034636,392.0872968484582,5.406179418108421,0.02018952160364762,5.522116986603199,0.36849756358122576,0.017588585833333538,0.0006151066666666705,2.2147982253310223,0.12534505276939267,0.010556666666666548,0.0005204166666665788,1.3244035497924263e-16,3.252028276297854e-17,0.020499999999999963,0.0004999999999999449,0.0019139404337145448,3.347732770698532e-05,0.19931767075897056,0.13404617905068483,0.0019139404337145448,3.347732770698532e-05,0.4066472181704522,0.008022504688476761,0.00010628671934055097,2.2687997249634903e-06,0.00014085239365777593,2.302306464548627e-05,6.840513027745485e-05,1.4856897282182889e-06,4.256564155871399e-05,5.267469354250082e-07,7.384077137025855e-05,3.499781713261032e-07,4.253120099046636e-05,1.4749022124703752e-06,9.687401032248817e-05,1.8849469903160228e-06,9.844789155809624e-05,1.519258957128517e-06,6.660541028560436e-05,3.7344030238353014e-06,5.871319005208608e-05,1.1209507075218329e-05,7.770069083696526e-05,7.144878607403315e-07,6.893068236934556e-05,2.772907923093932e-06,0.0017638104972419518,0.0003473098871826651,0.0005402387826609304,5.427629269626105e-05,0.002844755554492386,2.4557210726271206e-05,0.00558955416233941,0.00026260401566162873,0.006915140764866845,1.1620923060090983e-05
bad/裂纹蛋30.xlsx,1,1.7909414760052487e-07,5.063475195085068e-09,5.879293663227303e-07,1.0343645388313373e-08,1.6513386107643927e-07,4.645733151488519e-09,9.300770834060724e-07,1.7272563904914495e-08,8.607403085502291e-08,6.721958287483934e-09,6421.875,0.0,19828.125,562.5,7005.88491431084,112.187217915975,10249.270258019405,154.47078552668154,5.247103219322009,0.023765622470749204,4.592825214682108,0.3709392816151569,0.010519878958333537,3.487916666666466e-05,0.5140767334032124,0.09287204669937688,0.006800208333333391,0.0005604166666668409,5.2342389681806863e-17,1.175217330858421e-16,0.013000000000000012,0.0010000000000000009,0.0014804173149940239,2.4542042915731742e-06,-0.2260759527878563,0.04880757820509751,0.0014804173149940239,2.4542042915731742e-06,0.39747864138362154,0.004688476765992905,0.00012773362068555465,8.954322803035505e-07,0.0001052656911770197,3.5117112675212337e-06,5.51545464842591e-05,6.32801274219298e-07,3.1284772927042174e-05,1.2956960599479209e-07,5.4645877993274766e-05,2.177733605942442e-07,2.940456837930808e-05,7.464992424842597e-07,7.445683658154889e-05,4.1904909360231563e-07,8.461926111102275e-05,1.1389508655387676e-06,5.680478397090018e-05,3.0354432337413463e-06,3.102190283750037e-05,8.939800597126165e-07,6.122311564497941e-05,3.188230642515256e-08,5.2927109542292165e-05,5.525060423203969e-08,0.0012697757776336872,2.9039380420827453e-05,0.00035104236940445806,2.197087135892377e-05,0.0018413323933230115,7.305323927199719e-07,0.0034046663631652173,2.9993338410651575e-05,0.003762945070099786,5.0945247153963685e-05
bad/裂纹蛋31.xlsx,1,1.5450102814875787e-07,1.7203857298443043e-08,5.854855392513167e-07,4.786775849716274e-10,1.7964776085256992e-07,9.762717942251413e-09,8.531978836860035e-07,1.8078056464220062e-08,9.624791230683366e-08,8.667448808262944e-09,6468.75,46.875,19921.875,93.75,7023.08074560529,24.44269924242417,10400.945352241913,115.90788008455547,5.356863032111281,0.04077436224804165,4.790705483672403,0.016481761147078,0.010043953125000208,3.777999999999074e-05,0.8741014924924597,0.05913614925310817,0.006930000000000103,3.6874999999936264e-05,4.501029179001155e-17,6.420789825748822e-17,0.013000000000000123,0.0,0.0014465416803115473,2.720569147940475e-06,-0.21541947049344018,0.009822998310665132,0.001446541680311547,2.720569147940475e-06,0.4000833506980621,0.01146072098353823,0.00011872599554612477,6.025531202929392e-06,9.350112921831229e-05,1.7696240453760731e-07,5.3630500239734116e-05,5.647460741829599e-07,3.1821332509941286e-05,9.286194915019724e-07,5.725036509414142e-05,9.479128185897141e-07,3.1107981430311774e-05,2.9460878953991586e-07,7.135668948762667e-05,2.934954224811481e-08,8.040024806514753e-05,2.269875789944724e-06,5.8334896555410656e-05,2.9114421792775274e-06,3.4260189042959625e-05,1.9657214350027397e-06,6.018142123513514e-05,1.673690341732051e-07,5.0838265742608884e-05,1.1010807975669997e-06,0.0011667161495494522,1.7644312956312702e-05,0.0003444883119005121,3.8161835887836964e-05,0.0017315064340353934,3.802137663405083e-05,0.0032076218852699575,0.00014143185549925956,0.0036641437191238585,0.0001387329888358291
bad/裂纹蛋32.xlsx,1,1.9373407933372174e-07,3.1064431409761394e-08,5.427053918327605e-07,4.904937250680414e-08,1.6242085920086406e-07,6.5310560584121054e-09,8.459842143081842e-07,6.507564661030474e-08,9.971955004555158e-08,1.2484850914532123e-09,6492.1875,23.4375,19359.375,656.25,7015.063894740287,119.15078943839853,9949.327737053587,213.75690596020104,5.341337471278858,0.05043710205927887,10.44298325866692,5.905264675335581,0.010242822916666864,0.0005008437500000108,8.319435385995211,7.190361551452009,0.015461458333333344,0.008996875000000126,6.605826996519681e-17,1.1823875212257917e-16,0.021500000000000075,0.009500000000000064,0.0014603578905066526,3.5724957763767274e-05,-0.6209788801876017,0.3746835604304157,0.0014603578905066528,3.572495776376738e-05,0.39747864138362154,0.002396332569285259,0.00013719581724912515,3.093925867671138e-06,0.00010788938002346792,1.0564150698163586e-05,5.322778155058887e-05,1.2369940394359825e-06,3.1080258893501296e-05,8.7739800001449e-07,5.46892443182491e-05,1.2168844207917056e-06,2.988684924769657e-05,4.428984820700689e-07,7.359269395070483e-05,5.28357318084408e-07,8.067524056410649e-05,2.257275046653329e-06,6.26459686803829e-05,4.1754906723286887e-07,3.747800766697711e-05,6.755407829901413e-07,6.078919190597845e-05,1.4056456121348904e-06,5.227118240107215e-05,1.587404603804003e-06,0.001443115872809065,9.260691410824858e-05,0.00034506185055126795,2.5396290804230914e-05,0.001675090513124531,8.192375266889772e-05,0.003304971969030058,0.00013595129569898465,0.0035384328753937603,0.00016333389745358268
bad/裂纹蛋33.xlsx,1,1.8287024247392862e-07,2.838938584597017e-08,5.233077280160017e-07,9.203451180361718e-09,1.4646583210847298e-07,7.774703018788378e-09,7.70229115167482e-07,1.0332063120622289e-08,9.513383396704337e-08,2.111367544472917e-09,6375.0,0.0,19781.25,562.5,7110.436236455783,42.58347052627596,10105.955052604862,285.8076558568364,5.310153235361374,0.027097214830413385,5.616744999012317,0.2022103375515596,0.009733432395833495,0.00029431239583333196,1.4061020678725922,0.128953207710786,0.007993020833333309,0.00016697916666663648,-7.440807229623184e-17,3.027670706738187e-17,0.014000000000000012,0.0009999999999998899,0.0014238450792393178,2.1531514684882368e-05,-0.08435396972348615,0.10312887831868785,0.0014238450792393178,2.153151468488226e-05,0.38039174828089184,0.009064388414252972,0.00012562073650853957,5.856808436966567e-06,0.00010362309274974229,6.550458771866725e-06,5.302646300880064e-05,2.356746067772634e-07,2.9951889261027897e-05,3.64608312911894e-07,5.290847267112261e-05,5.887738830920882e-07,2.9112956195668616e-05,1.5584447318393757e-07,7.134750105155054e-05,1.5471424970283547e-06,7.673138017875875e-05,2.1179305445247974e-06,6.0475766675704035e-05,9.26160235334171e-07,3.5338047557492415e-05,1.6181238445915647e-06,5.941075545093479e-05,8.114019567558096e-07,4.9964463462454786e-05,1.5009859172270694e-06,0.001333286867866287,0.00013228045717102491,0.0003254085687093921,3.457606694560954e-05,0.0016538897612155827,5.9689289245833696e-05,0.0029926347137286167,8.374130006058448e-05,0.003477714343427827,6.466314463712515e-05
bad/裂纹蛋34.xlsx,1,2.2363081219819126e-07,4.767584823482897e-09,4.951175914294394e-07,3.139317040480843e-08,1.4226523633514015e-07,2.712648403509899e-09,7.858247817201407e-07,5.320909596562755e-08,9.23630622612828e-08,1.0200949999939434e-08,6398.4375,23.4375,19945.3125,351.5625,7233.028344153983,0.18706066867616755,9925.167527766247,174.15006367928345,5.2388994488255625,0.0393154991186071,5.2423004771844095,0.21242699626588646,0.009774397291666834,9.27750000001646e-06,1.4548390567778768,0.24183677212922783,0.0074806249999999075,0.0002995833333334641,-1.188169932812381e-16,4.322930902134203e-17,0.013999999999999901,0.0010000000000000009,0.001427001159935913,6.772287767763119e-07,-0.12657587747816962,0.09973753614953058,0.001427001159935913,6.772287767763119e-07,0.3751823296520108,0.001146072098353823,0.00013297662197681254,5.96768960893081e-07,0.00012589502565050234,4.427305835629042e-06,5.086265220744688e-05,3.122252313396855e-07,2.9630926973373867e-05,2.7219934332863985e-07,5.070781042619024e-05,1.5058204912847402e-06,2.8593765967697976e-05,1.7324379614342082e-07,6.981037720089919e-05,1.1905811827623371e-07,7.943695340393515e-05,5.749426912830854e-07,5.8701137695544344e-05,3.156320577678598e-06,3.43187345660586e-05,2.0974440219426443e-06,5.799035682130805e-05,6.326420285412999e-07,5.247085687136846e-05,5.951589112554384e-07,0.001527412938433493,2.7228948585276535e-05,0.0003227150101544435,1.7208624500161763e-05,0.0016387692276504436,5.001632468801644e-05,0.002935902956192911,7.01039423746672e-05,0.0034187470944182213,2.719256716376961e-05
bad/裂纹蛋35.xlsx,1,1.5670253588871597e-07,4.817974975815925e-09,5.162408365289975e-07,1.711684856985744e-08,1.504838436667524e-07,9.429198559938225e-10,8.312677273276671e-07,3.996268325215111e-08,9.272244400476087e-08,4.711674013516123e-09,6421.875,46.875,19851.5625,445.3125,7035.90255430084,9.839813441721162,10173.028827611057,199.43857785151522,5.302530565953703,0.00376525620801349,4.3719536368438305,0.008934472224748635,0.009606354895833493,2.9231770833347895e-05,0.9905579135606297,0.0329189817721689,0.00618489583333337,3.2291666666184327e-06,-1.2860083368574731e-17,4.8248442278501593e-17,0.01200000000000001,0.0,0.0014146799297891578,2.152413464243802e-06,-0.024585138465337344,0.014236430595678263,0.0014146799297891578,2.152413464243802e-06,0.37507814127943323,0.004584288393415292,0.00012525780827910455,6.696606347310033e-06,9.271918726055855e-05,4.527305280505789e-06,5.1667607881108255e-05,1.783008343609325e-07,2.9937376300507286e-05,5.102673469024864e-07,5.199055735336504e-05,1.7887756093919015e-07,2.873392480136722e-05,5.857907139398187e-07,7.122294820478616e-05,9.586596015247396e-08,7.976231007742301e-05,9.591215339114836e-07,5.746594123745339e-05,3.8647068437653315e-06,3.396414831803107e-05,1.2242049912958704e-06,5.857811730774763e-05,3.5225237047138296e-07,5.023285790452509e-05,2.483398778937853e-07,0.0011893247951354096,0.00014095482790879056,0.0003373466915531705,3.7855426127058846e-05,0.0016513845308106186,3.906922537593328e-06,0.003036155617920835,6.164586404722129e-05,0.0034311863947360383,5.643132354238626e-05
bad/裂纹蛋36.xlsx,1,1.078909217886057e-07,6.1633539681961634e-09,4.772033695273414e-07,5.40880789129879e-09,1.417746049329394e-07,2.1854902185954802e-09,7.637203914563845e-07,1.8720757831741718e-08,1.0034789210100223e-07,2.2071446299783e-09,6445.3125,23.4375,19757.8125,164.0625,6945.985710671182,15.34031289025188,10278.535806428803,42.140686526776335,5.28911354360647,0.018112207526237434,4.9574136514200084,0.2828926848409683,0.009189097395833526,0.00021256739583333517,1.0314036780369147,0.02428275596708218,0.006863229166666707,0.0004707291666666835,-2.5858944615227604e-17,7.184068155178617e-17,0.01200000000000001,0.0,0.001383524177902919,1.6004373049363554e-05,-0.3006898355077996,0.04986114131880934,0.001383524177902919,1.6004373049363554e-05,0.4143571577411961,0.00010418837257764046,9.804621223038824e-05,2.0927860922920693e-06,7.084861666301801e-05,8.235906088931876e-07,5.1120103876883845e-05,6.627894813302091e-07,2.993174804082445e-05,5.499705044403542e-07,5.1341067315450884e-05,4.2124586655494425e-07,2.942280272806067e-05,5.854593621801676e-07,7.084729945686945e-05,9.771620267674108e-07,7.692685172981995e-05,1.3538935552826416e-06,6.0257692268127225e-05,8.841203705769537e-07,3.6163186248932176e-05,1.3088134413922017e-06,5.8014250484999256e-05,6.61273575341718e-07,4.822132248763405e-05,1.1127985536574262e-06,0.0009081466453786909,2.9045021901079478e-05,0.00030062907112145287,8.149230242950539e-06,0.0016314367414569197,7.949193675081277e-05,0.003030669786053785,0.00010948507646219691,0.0033552641847156787,5.920395608723355e-05
bad/裂纹蛋37.xlsx,1,1.4060757127382576e-07,1.8078109766442603e-08,5.953575607374034e-07,3.1188213473794635e-08,1.778765340521778e-07,1.8600883669096387e-09,9.832495796604919e-07,5.896827491106683e-09,1.1240376716938076e-07,3.887595961699683e-09,6445.3125,23.4375,19523.4375,23.4375,6894.078657892424,18.071540140299476,10233.421193380866,189.0842295468574,5.2723129622757945,0.0625634999872422,3.7355792574865108,0.06675433185172541,0.011216463645833372,8.48644791666452e-05,-0.03162121271191465,0.024415842415902667,0.005710729166666595,0.0001236458333332413,4.806340510773074e-17,9.265736326350787e-17,0.010999999999999899,0.0,0.0015286365875770921,5.7829637109523685e-06,0.1509704163061588,0.05197415455914798,0.0015286365875770921,5.7829637109523685e-06,0.39560325067722446,0.009897895394873929,0.00010528767633238355,2.780860178263074e-06,8.290798656975605e-05,8.000343336464109e-06,5.645131820064365e-05,1.2846332821524293e-06,3.2506795870087976e-05,3.3853672814757225e-07,5.777638298042375e-05,4.6842513360351864e-07,3.074965884491993e-05,1.3106032623950036e-06,7.793433663007646e-05,6.822544596576003e-07,8.748302410341909e-05,2.2197128294232962e-07,6.330077565233752e-05,1.344859009318117e-06,3.887431826740938e-05,2.1897594310870526e-06,6.35639815120236e-05,5.618621090041227e-07,5.28369545216616e-05,4.607736184744186e-07,0.0011282870580115888,5.0419527834353163e-05,0.00038948071231462085,3.0635822060013263e-06,0.0020550633148280957,1.7998539554486999e-06,0.003712881737465484,0.00014080414476356075,0.004052965838315598,5.3758468924749395e-05
bad/裂纹蛋38.xlsx,1,1.5987936991839652e-07,6.071899377173323e-09,6.422112705829587e-07,1.6778226857925042e-08,1.9938894585066812e-07,8.621030894495655e-09,1.0345112804345987e-06,1.2449160254403916e-08,1.2833418274011205e-07,7.224563953645123e-09,6375.0,0.0,19195.3125,23.4375,6878.695712365072,6.100323666362328,10056.174541203229,34.448285102024784,5.285950732038135,0.05046984332449256,4.783749219540429,0.6651202771815132,0.01182992447916661,6.267468750000525e-05,-0.10815795379385174,0.017941590203980784,0.007507187499999901,0.0010242708333332295,-2.4216739724636222e-17,1.047541683026528e-16,0.013000000000000012,0.0010000000000000009,0.0015698886283676563,4.158647411847964e-06,0.0023659107721094278,0.009954998940718851,0.0015698886283676563,4.158647411847964e-06,0.4038341321108564,0.0010418837257762104,0.00011879624372283169,3.7028701999728366e-06,9.367480876497544e-05,1.3145410575274161e-06,5.806355142555976e-05,5.095084875927146e-08,3.2693691105016606e-05,1.2887664206550275e-06,6.048400368595337e-05,1.8175700679508624e-06,3.299914275981191e-05,1.0528570988566973e-06,8.074672656371374e-05,6.644023897170185e-07,8.853838910979802e-05,1.510379045555513e-07,6.679300830834857e-05,2.038149532943221e-06,3.9662803022223364e-05,1.043276731086888e-06,6.563981585153836e-05,3.0572294100196214e-07,5.460761654206793e-05,9.979344492084321e-08,0.001327803004001853,9.888742709028239e-05,0.00040018705528553785,2.4278550493068448e-05,0.0021687530090675655,0.00010353673417658193,0.0038934580647408306,8.327657507231222e-05,0.004092526142349608,5.868472958588979e-06
bad/裂纹蛋39.xlsx,1,1.7877217207177662e-07,1.4727183047226427e-09,6.817753578518573e-07,2.888109194928673e-08,2.202175023643545e-07,1.1281719132152182e-08,1.0714842696125887e-06,3.868984011833488e-09,1.2635901583761103e-07,9.6417349084965e-09,6421.875,0.0,19453.125,0.0,6949.270755332899,41.47691790688259,10158.213140993365,56.82139563779765,5.290122814057714,0.02949410073116354,11.354398692134,7.3703428184750015,0.0124748744791666,0.0004040153124999996,12.608066853052328,12.687524039240785,0.01849468750000005,0.01217677083333335,1.787921662573429e-17,9.059882473868205e-17,0.025000000000000022,0.013000000000000012,0.0016119089665139572,2.610875009674573e-05,-0.7093631863703438,0.7003130287867307,0.0016119089665139572,2.610875009674573e-05,0.4085226088768493,0.0007293186080433445,0.00012663587082804888,2.2011680544645245e-06,9.378690224256283e-05,6.500463615198432e-06,5.8615431655024055e-05,1.4016611689231374e-06,3.328645026285328e-05,3.4326677574540173e-07,6.348939634878435e-05,5.364311705005514e-07,3.3526990449825905e-05,1.782196426943349e-06,8.207995277529311e-05,5.199749212159071e-07,9.017776907937328e-05,1.0992469751195996e-06,6.79335425139259e-05,2.130774955353566e-06,3.926700301217338e-05,2.1515993162812542e-06,6.690040833148963e-05,1.1832897307154718e-06,5.577053398531796e-05,8.989091105174035e-07,0.001379492284096613,9.509296133873394e-05,0.00046078928322043763,1.89280991320582e-05,0.0022760251524744477,6.307078262433787e-05,0.004079760771905876,0.00020968870706343986,0.004371768959943866,0.0002473181631883646
bad/裂纹蛋4.xlsx,1,4.898888370635494e-08,5.553633747185868e-09,1.0018053212945553e-06,3.64424847122477e-08,3.615092652482785e-07,1.2413661720738756e-08,1.4476961656859456e-06,6.043750584901255e-09,9.493756172867166e-08,8.663694530740832e-09,6445.3125,23.4375,22101.5625,23.4375,6976.337964219268,95.43669854102609,11919.655431290434,133.75641932788585,5.36651105846148,0.03407055537108983,10.511923491733999,5.547060937630856,0.016439486458333555,0.00040333666666666004,8.347389192219769,6.816141890138437,0.019578333333333364,0.010503541666666671,-9.5062846483529e-18,6.113165529342269e-17,0.02950000000000008,0.011500000000000066,0.0018505073717130917,2.270417116588725e-05,-0.300637416075211,0.514784264274332,0.0018505073717130917,2.270417116588725e-05,0.418212127526568,0.012294227964159216,6.985256180372208e-05,1.298343615941446e-06,4.3369413383121134e-05,1.8603317553701059e-06,6.743268457680114e-05,5.483356167928973e-07,4.3825744381800463e-05,5.528120151011867e-07,7.819912414093577e-05,6.384461944993337e-07,4.497240414638531e-05,5.152111102802354e-08,9.468856429666739e-05,1.5228629760365408e-07,9.964570906789241e-05,1.7924691286142302e-06,5.741203538344193e-05,1.7602565599260209e-06,3.126376597738534e-05,5.671022669379361e-07,7.600254502721621e-05,8.912559702875571e-07,6.61313969917444e-05,1.587529972193948e-07,0.0005686023365588305,9.664041890526686e-06,0.0006255401646531655,3.201269444851778e-05,0.002929880027659787,4.7651752781550536e-05,0.0053531178692954595,2.1587346144771695e-05,0.007029497998099813,0.00030684360993490315
bad/裂纹蛋40.xlsx,1,1.6251287830424254e-07,1.797592280603987e-08,6.298031227873929e-07,2.725620787063562e-09,1.8540054008361822e-07,1.2256257525154822e-09,1.0149371495950919e-06,5.805422084395597e-08,9.970791686060739e-08,1.717194130046899e-08,6398.4375,23.4375,19242.1875,117.1875,6840.162075307582,65.92418494089134,10115.369053189812,157.75176048119647,5.239498923452558,0.04655581602591363,3.986021206148263,0.3078508989540174,0.011841971979166577,0.00010050718749998744,-0.10410108666872642,0.09273741860154594,0.006262812500000048,0.0005101041666667472,-1.780982768669523e-17,1.3475331961387839e-16,0.011499999999999955,0.0014999999999999458,0.0015706791733544724,6.665587011990331e-06,-0.05442929334000428,0.05177532740949514,0.0015706791733544724,6.665587011990331e-06,0.4145655344863513,0.008647634923942493,0.0001312880973594346,7.272877647570418e-06,8.755362189716466e-05,5.289789595011319e-06,5.879306598802887e-05,1.6456634611919255e-08,3.3754505405054114e-05,5.568402959037982e-07,5.89088543351519e-05,1.3817707739555953e-06,3.1870988676111416e-05,5.525379824428256e-07,8.064073762383431e-05,1.4624345533720195e-06,8.916624493175251e-05,2.9800324545298424e-06,6.16103643913119e-05,5.038849671773293e-06,3.174405296840742e-05,4.197872580117374e-06,6.57271604046802e-05,1.391455798650912e-07,5.4700606180390824e-05,9.83240610368781e-07,0.001194943358865452,0.00011178566976380625,0.00039440526484814473,5.992731429631896e-05,0.0021983079408918285,0.00010819865524206015,0.003934260537920654,0.00011877633112791623,0.004193320816802138,6.558447954819937e-05
bad/裂纹蛋41.xlsx,1,2.011463912796265e-07,2.252940426869047e-08,6.86430749631142e-07,1.777964340302989e-08,1.9200236154875296e-07,5.401605265419264e-10,1.0937492697512472e-06,1.854593004034489e-09,1.222781120211507e-07,3.26138654065122e-09,6421.875,0.0,19500.0,46.875,6995.435241103265,29.670532008124155,10191.383884145993,109.11668038778771,5.281893100157933,0.00965240126135658,4.046677431108622,0.24729375299032186,0.012373309479166575,0.00012083031249999869,0.04737798619931621,0.17609909906807064,0.006495104166666543,0.0003653125000000479,-2.3222164931742858e-17,7.336723821064577e-17,0.012499999999999956,0.0004999999999999449,0.0016055252569291477,7.839484823484138e-06,-0.03099497458428953,0.016028234707813713,0.0016055252569291477,7.839484823484138e-06,0.40800166701396123,0.004375911648260067,0.00012974372070256385,1.4425483440215877e-06,0.00010041247678402184,4.259275262294797e-06,5.968804084277163e-05,8.602994647135505e-07,3.364583506353657e-05,1.9640181402149468e-07,5.9855674207139175e-05,2.170535096768579e-07,3.167655492937125e-05,1.152375474072046e-06,8.238903671755354e-05,3.411014211694184e-07,9.063754351013012e-05,5.051719582952079e-07,6.550297969662614e-05,1.2760362304259056e-06,3.666019311581204e-05,6.195741367245369e-07,6.690271694056765e-05,7.150123187292843e-08,5.5848566576746834e-05,5.440023332860575e-08,0.001459329047277135,7.014837145186289e-05,0.0004525101810694252,3.788621454512412e-05,0.0020949476143213245,5.126272710899004e-05,0.004036397388719445,1.7836032789410317e-05,0.004450315332233574,2.3233219330202545e-05
bad/裂纹蛋42.xlsx,1,1.6084737299665116e-07,1.3315806005744163e-08,6.95474974567859e-07,7.461552903759058e-08,2.3153521988497316e-07,1.3235945446862673e-08,1.089709466829286e-06,7.71610236298891e-08,1.35667057661126e-07,1.1031936444320644e-08,6492.1875,23.4375,19218.75,515.625,6834.096632601895,121.64896780520849,10070.05273915496,272.439682461516,5.321228927717347,0.05468435259708837,13.39812628351342,8.43453311756632,0.012691295729166573,0.0008886290624999854,23.257841557240763,23.353113479219505,0.02225302083333347,0.014469687499999995,-9.212538139754163e-17,3.744689743475267e-17,0.028000000000000025,0.014000000000000012,0.0016250462452346499,5.696178038944503e-05,-1.14655767447166,1.0296260715139747,0.0016250462452346499,5.696178038944503e-05,0.4036257553657012,0.0004167534903104786,0.0001230605855549687,9.581056477344701e-06,8.853836901736629e-05,5.804278186652839e-06,6.036329751873688e-05,2.5092961489047657e-06,3.449131500078473e-05,1.8429080537797862e-06,6.425634054523226e-05,1.8993378752456277e-06,3.52707477352037e-05,1.6226503723014638e-06,8.142595868607162e-05,2.6513992930053156e-06,9.108337173870185e-05,3.2890108631610535e-07,7.165102261813829e-05,2.7615309352621413e-06,4.003937429562234e-05,1.7846003295616375e-07,6.764642578641357e-05,2.755415019953262e-06,5.626484519062552e-05,1.4122882168256628e-06,0.0013446467597314046,0.00010265485647620093,0.0005559088442625567,5.5876708999941444e-05,0.0022032010034626955,6.756028933351758e-05,0.004208547947933209,0.0002310523313548648,0.004475379529972273,0.00046021954713122704
bad/裂纹蛋43.xlsx,1,1.7273700274153274e-07,1.3053708054696178e-08,6.882704090286842e-07,5.3707913721217766e-08,2.2879914384599364e-07,1.5000497557202736e-08,1.081495405353429e-06,1.1059781948066608e-08,1.299613010561496e-07,1.2241638912666554e-08,6445.3125,23.4375,19335.9375,23.4375,6873.821102634336,50.99189859993339,10050.76917822987,45.72853127735107,5.3050102223214495,0.08045629789654152,10.10880101086748,4.929071430513608,0.012644509166666582,0.00031094999999999734,5.11742644053209,5.081721612938469,0.016504166666666542,0.00820125000000016,-1.275137403074685e-16,8.426130163978012e-17,0.022499999999999964,0.008499999999999952,0.0016229215669669938,1.9958219583299502e-05,-0.3038708360291035,0.3666888236294137,0.0016229215669669938,1.9958219583299502e-05,0.4030006251302355,0.009793707022296289,0.00013790968035044295,2.923487322354466e-06,9.859996472200356e-05,4.7928084472566196e-06,6.033116308360983e-05,1.7799784870408544e-06,3.370424651281342e-05,4.082037262638117e-07,6.562042306891103e-05,9.143556353685849e-07,3.322327574276359e-05,1.6305010355879708e-06,8.297319501272214e-05,6.905213025701777e-07,9.079114642655917e-05,6.007008984658678e-07,6.853319375980417e-05,3.3185763228972266e-06,3.966957937384201e-05,4.728413059860736e-07,6.841856385838362e-05,9.017485339758277e-07,5.634763304173246e-05,4.492196203923019e-07,0.0014819979052974163,0.00011757399120794986,0.0005015003757863786,7.040514189981525e-05,0.0023415276726625684,1.9611276971557776e-05,0.004056238682327568,4.823255236598026e-05,0.00440088183608662,7.894772960391743e-05
bad/裂纹蛋44.xlsx,1,1.958693045755055e-07,3.709045481072859e-08,5.581800596657154e-07,1.1620037171828226e-08,1.7536722058122452e-07,2.972064111911491e-09,8.946169712540091e-07,1.1276790489279246e-08,1.139951490570304e-07,1.652069352959707e-09,6468.75,0.0,19382.8125,70.3125,7046.241633269723,75.04436136114646,9954.385963434841,111.39893210675382,5.289091762129258,0.029400438797897,4.311363011179749,0.2774015294763421,0.010785979479166832,3.372031250001035e-05,0.3647351149025324,0.13587008172026227,0.0064621875000000495,0.0004057291666667018,-1.218932362453036e-17,9.971190539914687e-17,0.012499999999999956,0.0004999999999999449,0.001499024205112782,2.3432126980366206e-06,0.19280307976272454,0.004220042157137546,0.001499024205112782,2.343212698036512e-06,0.4062304646801417,0.009272765159408197,0.000130440803450426,7.3987925137645875e-06,9.634957538113596e-05,9.35538527376559e-06,5.425572023528163e-05,2.03908439841565e-07,3.0635481637202364e-05,9.808059354040466e-08,5.8374291916609375e-05,6.267223708379891e-07,3.074132541963568e-05,8.445069166473172e-07,7.55238726222186e-05,9.216153813339304e-08,8.255207733010807e-05,3.9165966725176224e-07,6.564921381186378e-05,6.246785412976729e-07,3.6295050308462844e-05,1.1453299762273523e-06,6.267759955005363e-05,3.1984157882000046e-07,5.192278816417139e-05,3.7736142115115865e-07,0.001362276878290073,9.213007626229514e-05,0.00039761604364080353,7.613714786617709e-06,0.0018762182182669406,3.7139246761177516e-05,0.0034065424549019293,2.074896258886594e-05,0.0037970524935588856,8.289023860419019e-05
bad/裂纹蛋5.xlsx,1,8.832525301212997e-08,7.059862393269649e-09,1.0952192432508263e-06,1.9023310358871417e-07,3.788035874196408e-07,7.628889655289633e-08,1.365851566227748e-06,6.408054075168888e-08,9.763512400396374e-08,3.4521487843483404e-08,6421.875,46.875,21984.375,0.0,6907.194158531554,65.55647768550034,11638.02413643523,141.03635877986835,5.541591648416645,0.07482091321515716,17.57493361549252,11.590563116831346,0.018373509791666853,0.001967889999999998,76.84700058555718,74.5749896785862,0.03555166666666687,0.02448812499999997,-1.6692665768166157e-16,1.0604942849804882e-16,0.044499999999999984,0.023500000000000076,0.0019536645703699096,0.00010492514670921906,-2.5139263740540327,2.595338905843331,0.0019536645703699096,0.00010492514670921906,0.4200875182329652,0.0020837674515524207,9.044278280850206e-05,6.9688390321553766e-06,6.0932859287714414e-05,1.8163812305661492e-06,7.302786292699739e-05,3.461421306802338e-06,4.702635986653686e-05,2.9138188839847782e-06,7.823060376202604e-05,6.0900293347204075e-06,4.6278056165926734e-05,3.85318944279975e-06,0.00010009786172323983,1.4001152256573848e-06,9.855833117334566e-05,7.58969372982189e-07,5.620195332441928e-05,7.502065524649986e-06,3.170657784218902e-05,3.904717512717125e-06,8.04681801925606e-05,3.6297455358988128e-06,6.797787249802851e-05,1.9210044054566284e-06,0.0008240847945140455,0.00011408295366565149,0.0006801164896488588,0.00024952081198312964,0.0029541494133872312,2.9154742047597182e-05,0.005843621837227288,0.0004502164095594578,0.008209610170420873,0.001080920058094759
bad/裂纹蛋6.xlsx,1,6.207649126477873e-08,1.4446499062314152e-08,9.85971321750115e-07,3.803511302828359e-09,3.0797153720971735e-07,1.6660238031242024e-09,1.392535830065527e-06,2.3659246617191463e-08,9.956745138432646e-08,2.0311311766142028e-08,6421.875,0.0,22101.5625,23.4375,6927.891681007899,61.91762318053907,11786.935074452796,103.12262597231347,5.394905749865606,0.029191072125822615,6.268976689073133,0.31298368842856883,0.016113068125000192,4.998999999998588e-05,2.0608953888811334,0.12073578835015164,0.011484999999999967,0.0005556250000000595,-5.4771002548174385e-17,9.848603414278992e-17,0.02100000000000002,0.0010000000000000009,0.0018321793348376175,2.8421298983412942e-06,0.06816559880223239,0.11000336046347411,0.0018321793348376177,2.842129898341511e-06,0.4140445926234632,0.004375911648260067,7.723123522035196e-05,4.92163935563031e-06,5.0987581476031914e-05,5.179770208024142e-06,6.73059504287458e-05,7.886771595164212e-07,4.340111591092093e-05,2.1335201895521743e-07,7.37885289565869e-05,9.199237675518689e-07,4.3536509700422735e-05,1.3992628273679878e-08,9.562616080454762e-05,9.422889124766507e-07,9.74260596085552e-05,1.6435623365185345e-06,5.817223149926298e-05,1.7545442982629218e-06,3.30294917541711e-05,3.857439855978867e-06,7.558849635081266e-05,7.369988397239248e-07,6.44687741239602e-05,1.022180794168744e-06,0.0007155746028003798,0.00013884207164659553,0.00048230196750717944,3.2116119248955005e-06,0.00277099792377253,2.940302765849995e-05,0.0053567705163416034,0.00010873665443805964,0.006862834746082543,0.00010992496869430442
bad/裂纹蛋7.xlsx,1,6.954259804128856e-08,4.085855116149649e-09,9.311547400665938e-07,9.759631270240979e-09,3.2910827764532953e-07,4.553405083732477e-09,1.3187701314580038e-06,2.1971947372822345e-08,1.044627660795176e-07,1.1895414223423953e-09,6421.875,46.875,22054.6875,23.4375,6988.074120159192,11.34042391617595,11624.010663869874,17.198670479880093,5.361431143289272,0.024374927555056658,6.229668101107982,0.8079064745662352,0.01626938739583353,3.547072916668462e-05,1.942314981157959,0.009187948917585231,0.011470729166666693,0.0014998958333334311,2.0261570199409106e-17,4.1309548374594365e-17,0.020499999999999963,0.0015000000000000568,0.0018410463545661757,2.0069389411981556e-06,0.16091008214391547,0.07676290103255307,0.0018410463545661757,2.006938941198264e-06,0.41373202750573035,0.0036465930402167224,8.156474612306162e-05,7.058387852857225e-07,5.4272896984707605e-05,8.941064617394776e-07,6.849134358306555e-05,5.729940493083557e-07,4.226510917693392e-05,5.374175163200181e-07,7.845545306870344e-05,6.078939744547077e-07,4.716124935814063e-05,7.609733797762457e-07,9.393203655552751e-05,4.151808314814098e-08,9.566301404545605e-05,1.951262613626756e-06,6.143444411072264e-05,6.892835863156374e-07,3.366265219815861e-05,6.27888686581429e-07,7.70049984902971e-05,1.9745847955556813e-07,6.36288776796722e-05,2.135448754381981e-07,0.0006828375670656782,1.4464346900964445e-05,0.000651712094745372,3.199467716959365e-05,0.00280358245701044,4.0373687510428594e-07,0.005317326724146233,0.00016836218516365353,0.0068529890136366034,0.00013140504527073358
bad/裂纹蛋8.xlsx,1,6.559342701062735e-08,7.600458421629733e-09,9.290946757757938e-07,3.564814518116412e-08,3.141476804999648e-07,3.078301116759127e-09,1.340837231480651e-06,3.662303714275398e-08,1.0050258467823115e-07,7.084645652876945e-09,6445.3125,23.4375,21960.9375,23.4375,6909.413608545164,47.43623151178508,11481.445692422374,71.56116347619991,5.380188913925604,0.017866225289983717,7.3690642632603565,0.7895532325298378,0.016089958333333553,3.017166666667917e-05,2.044826418303386,0.28407536572732095,0.013490416666666616,0.0014329166666665616,-1.0227929614359254e-16,1.1763738131757388e-16,0.02300000000000002,0.0010000000000000009,0.0018308663812607738,1.7166091292154058e-06,0.10900196358383032,0.08230690232819637,0.0018308663812607736,1.7166091292155142e-06,0.42675557407793285,0.010210460512606795,7.970846620015445e-05,9.194346781555532e-07,5.708789442485237e-05,5.805046867170849e-06,6.832535978773953e-05,1.0829843636034946e-06,4.188186799375558e-05,1.3192043582897462e-06,7.497958936964087e-05,6.174738740923074e-07,4.243451433138852e-05,8.151437987820705e-07,9.446397588794351e-05,1.0340455008876008e-06,9.650232631248454e-05,2.2543634499248556e-07,5.889806321974579e-05,3.204685900575952e-07,3.550911283191714e-05,2.402784221545316e-06,7.5857182161117e-05,3.53243155224879e-07,6.278588104557993e-05,8.171326733398462e-08,0.0007226311768285372,8.462806956325197e-05,0.0006236639486259977,6.592330225190543e-06,0.002690236183094353,0.00015699364372667246,0.005478132590951778,6.001644812056537e-05,0.006689639050846159,0.00010363031776888278
bad/裂纹蛋9.xlsx,1,1.5129207723317014e-07,3.651731837339306e-09,9.598469349162371e-07,7.564126538181592e-08,3.176333014185733e-07,5.535139206459203e-09,1.34955330002245e-06,3.776998671451597e-08,1.3889479335425927e-07,1.2955892825568595e-08,6421.875,0.0,21984.375,0.0,7108.912417382713,66.00848269411017,11188.481198381807,124.60562861594735,5.421116555267993,0.027865473799725038,9.096361509816097,0.5500261763069894,0.016730061458333535,3.978666666666804e-05,2.924617122548997,0.11178870386978712,0.016981041666666585,0.0010066666666667112,-3.712308238590367e-17,4.3275568314034746e-17,0.025499999999999967,0.000500000000000056,0.0018669291744506837,2.219925908900143e-06,0.26660108537161664,0.002158744515734279,0.0018669291744506837,2.2199259089002513e-06,0.4027922483850802,0.0016670139612419144,9.083431494895608e-05,6.525396755037681e-06,0.00010121599251579183,3.818106713449488e-07,7.007839313891427e-05,1.8711860342421997e-06,4.210129888386226e-05,1.0209204549703107e-06,7.471693178944054e-05,1.0074015225885262e-06,4.298920375310512e-05,1.0048715565785447e-06,9.41333585561084e-05,3.763101633172484e-07,9.648332384112174e-05,2.5527253266716614e-07,6.304032412224068e-05,5.773878315095005e-06,4.230468644378939e-05,3.4733514153520575e-08,7.715506581535553e-05,6.809506104770406e-08,6.458534476763613e-05,3.1508411094513706e-07,0.0011341656849906219,6.383451256936578e-05,0.0006072432087437557,8.648016886578984e-06,0.002816118919285125,0.0001911405222073813,0.00532023776751622,0.0001535582646674796,0.0069708173722348495,9.736500812570397e-05
